YR,SEX,AGE,POP,Agegroup
1901,2,<1,393100,
1901,1,<1,393500,
1901,2,01-04,1469600,
1901,1,01-04,1463800,
1901,2,05-09,1750700,
1901,1,05-09,1741600,
1901,2,10-14,1672700,
1901,1,10-14,1672800,
1901,2,15-19,1639600,
1901,1,15-19,1608600,
1901,2,20-24,1648900,
1901,1,20-24,1473400,
1901,2,85+,30800,
1901,1,85+,18100,
1901,2,T25-34,2778300,
1901,1,T25-34,2494200,
1901,2,T35-44,2074600,
1901,1,T35-44,1941600,
1901,2,T45-54,1513800,
1901,1,T45-54,1403300,
1901,2,T55-64,1039500,
1901,1,T55-64,912200,
1901,2,T65-74,601900,
1901,1,T65-74,480800,
1901,2,T75-84,229000,
1901,1,T75-84,165700,
1902,2,<1,400200,
1902,1,<1,402100,
1902,2,01-04,1467900,
1902,1,01-04,1462900,
1902,2,05-09,1760400,
1902,1,05-09,1751900,
1902,2,10-14,1680500,
1902,1,10-14,1680100,
1902,2,15-19,1643800,
1902,1,15-19,1613200,
1902,2,20-24,1651200,
1902,1,20-24,1476200,
1902,2,85+,31800,
1902,1,85+,18500,
1902,2,T25-34,2812200,
1902,1,T25-34,2527200,
1902,2,T35-44,2117200,
1902,1,T35-44,1980300,
1902,2,T45-54,1545100,
1902,1,T45-54,1431800,
1902,2,T55-64,1056600,
1902,1,T55-64,929100,
1902,2,T65-74,617200,
1902,1,T65-74,492800,
1902,2,T75-84,233100,
1902,1,T75-84,167500,
1903,2,<1,408900,
1903,1,<1,410700,
1903,2,01-04,1464800,
1903,1,01-04,1462200,
1903,2,05-09,1770200,
1903,1,05-09,1762400,
1903,2,10-14,1688300,
1903,1,10-14,1687500,
1903,2,15-19,1647900,
1903,1,15-19,1617800,
1903,2,20-24,1653600,
1903,1,20-24,1479100,
1903,2,85+,32900,
1903,1,85+,19000,
1903,2,T25-34,2846500,
1903,1,T25-34,2560700,
1903,2,T35-44,2160300,
1903,1,T35-44,2019400,
1903,2,T45-54,1576800,
1903,1,T45-54,1460600,
1903,2,T55-64,1073700,
1903,1,T55-64,946200,
1903,2,T65-74,632600,
1903,1,T65-74,504900,
1903,2,T75-84,237100,
1903,1,T75-84,169300,
1904,2,<1,407100,
1904,1,<1,408700,
1904,2,01-04,1477300,
1904,1,01-04,1477100,
1904,2,05-09,1784900,
1904,1,05-09,1777800,
1904,2,10-14,1700900,
1904,1,10-14,1699700,
1904,2,15-19,1656700,
1904,1,15-19,1626800,
1904,2,20-24,1660600,
1904,1,20-24,1486100,
1904,2,85+,34000,
1904,1,85+,19500,
1904,2,T25-34,2889100,
1904,1,T25-34,2601500,
1904,2,T35-44,2209800,
1904,1,T35-44,2064500,
1904,2,T45-54,1613300,
1904,1,T45-54,1493800,
1904,2,T55-64,1094100,
1904,1,T55-64,966200,
1904,2,T65-74,649900,
1904,1,T65-74,518500,
1904,2,T75-84,241900,
1904,1,T75-84,171500,
1905,2,<1,403600,
1905,1,<1,405500,
1905,2,01-04,1481300,
1905,1,01-04,1483100,
1905,2,05-09,1790000,
1905,1,05-09,1783700,
1905,2,10-14,1704300,
1905,1,10-14,1702600,
1905,2,15-19,1656400,
1905,1,15-19,1627100,
1905,2,20-24,1658500,
1905,1,20-24,1485000,
1905,2,85+,35000,
1905,1,85+,19900,
1905,2,T25-34,2916200,
1905,1,T25-34,2628500,
1905,2,T35-44,2247700,
1905,1,T35-44,2098800,
1905,2,T45-54,1641200,
1905,1,T45-54,1519200,
1905,2,T55-64,1108700,
1905,1,T55-64,981000,
1905,2,T65-74,663900,
1905,1,T65-74,529400,
1905,2,T75-84,245400,
1905,1,T75-84,172900,
1906,2,<1,403700,
1906,1,<1,407000,
1906,2,01-04,1486800,
1906,1,01-04,1489700,
1906,2,05-09,1800100,
1906,1,05-09,1794500,
1906,2,10-14,1712400,
1906,1,10-14,1710200,
1906,2,15-19,1660700,
1906,1,15-19,1631800,
1906,2,20-24,1661000,
1906,1,20-24,1488000,
1906,2,85+,36100,
1906,1,85+,20400,
1906,2,T25-34,2951500,
1906,1,T25-34,2663000,
1906,2,T35-44,2292100,
1906,1,T35-44,2139100,
1906,2,T45-54,1673900,
1906,1,T45-54,1548900,
1906,2,T55-64,1126400,
1906,1,T55-64,998700,
1906,2,T65-74,679800,
1906,1,T65-74,541800,
1906,2,T75-84,249600,
1906,1,T75-84,174800,
1907,2,<1,403300,
1907,1,<1,407300,
1907,2,01-04,1492900,
1907,1,01-04,1497500,
1907,2,05-09,1810300,
1907,1,05-09,1805400,
1907,2,10-14,1720600,
1907,1,10-14,1718000,
1907,2,15-19,1665000,
1907,1,15-19,1636600,
1907,2,20-24,1663500,
1907,1,20-24,1491000,
1907,2,85+,37100,
1907,1,85+,20900,
1907,2,T25-34,2987300,
1907,1,T25-34,2697800,
1907,2,T35-44,2337000,
1907,1,T35-44,2179900,
1907,2,T45-54,1707000,
1907,1,T45-54,1578900,
1907,2,T55-64,1144300,
1907,1,T55-64,1016500,
1907,2,T65-74,695900,
1907,1,T65-74,554400,
1907,2,T75-84,253900,
1907,1,T75-84,176700,
1908,2,<1,407800,
1908,1,<1,410800,
1908,2,01-04,1499400,
1908,1,01-04,1507500,
1908,2,05-09,1825600,
1908,1,05-09,1821400,
1908,2,10-14,1733600,
1908,1,10-14,1730500,
1908,2,15-19,1674000,
1908,1,15-19,1645900,
1908,2,20-24,1670600,
1908,1,20-24,1498200,
1908,2,85+,38300,
1908,1,85+,21400,
1908,2,T25-34,3031600,
1908,1,T25-34,2740500,
1908,2,T35-44,2388800,
1908,1,T35-44,2227100,
1908,2,T45-54,1745100,
1908,1,T45-54,1613700,
1908,2,T55-64,1165600,
1908,1,T55-64,1037400,
1908,2,T65-74,714000,
1908,1,T65-74,568700,
1908,2,T75-84,258900,
1908,1,T75-84,179000,
1909,2,<1,408500,
1909,1,<1,412600,
1909,2,01-04,1499400,
1909,1,01-04,1508700,
1909,2,05-09,1831000,
1909,1,05-09,1827500,
1909,2,10-14,1737200,
1909,1,10-14,1733600,
1909,2,15-19,1673900,
1909,1,15-19,1646200,
1909,2,20-24,1668500,
1909,1,20-24,1497200,
1909,2,85+,39300,
1909,1,85+,21900,
1909,2,T25-34,3059800,
1909,1,T25-34,2768500,
1909,2,T35-44,2428100,
1909,1,T35-44,2262700,
1909,2,T45-54,1774100,
1909,1,T45-54,1639900,
1909,2,T55-64,1180800,
1909,1,T55-64,1052800,
1909,2,T65-74,728500,
1909,1,T65-74,580000,
1909,2,T75-84,262500,
1909,1,T75-84,180500,
1910,2,<1,401400,
1910,1,<1,407300,
1910,2,01-04,1512400,
1910,1,01-04,1522500,
1910,2,05-09,1841500,
1910,1,05-09,1838800,
1910,2,10-14,1745700,
1910,1,10-14,1741600,
1910,2,15-19,1678300,
1910,1,15-19,1651200,
1910,2,20-24,1671100,
1910,1,20-24,1500300,
1910,2,85+,40500,
1910,1,85+,22400,
1910,2,T25-34,3096700,
1910,1,T25-34,2804500,
1910,2,T35-44,2474400,
1910,1,T35-44,2304700,
1910,2,T45-54,1808100,
1910,1,T45-54,1670900,
1910,2,T55-64,1199200,
1910,1,T55-64,1071200,
1910,2,T65-74,745100,
1910,1,T65-74,592900,
1910,2,T75-84,266900,
1910,1,T75-84,182400,
1911,2,<1,407000,
1911,1,<1,415000,
1911,2,01-04,1549000,
1911,1,01-04,1554000,
1911,2,05-09,1850000,
1911,1,05-09,1848000,
1911,2,10-14,1753000,
1911,1,10-14,1739000,
1911,2,15-19,1683000,
1911,1,15-19,1646000,
1911,2,20-24,1644000,
1911,1,20-24,1510000,
1911,2,25-29,1603000,
1911,1,25-29,1441000,
1911,2,30-34,1507000,
1911,1,30-34,1382000,
1911,2,35-39,1352000,
1911,1,35-39,1260000,
1911,2,40-44,1177000,
1911,1,40-44,1094000,
1911,2,45-49,985000,
1911,1,45-49,906000,
1911,2,50-54,846000,
1911,1,50-54,773000,
1911,2,55-59,675000,
1911,1,55-59,607000,
1911,2,60-64,548000,
1911,1,60-64,481000,
1911,2,65-69,441000,
1911,1,65-69,368000,
1911,2,70-74,324000,
1911,1,70-74,246000,
1911,2,75-79,188000,
1911,1,75-79,127000,
1911,2,80-84,86000,
1911,1,80-84,56000,
1911,2,85+,42000,
1911,1,85+,23000,
1912,2,<1,398000,
1912,1,<1,406000,
1912,2,01-04,1523000,
1912,1,01-04,1535000,
1912,2,05-09,1851000,
1912,1,05-09,1851000,
1912,2,10-14,1767000,
1912,1,10-14,1750000,
1912,2,15-19,1687000,
1912,1,15-19,1652000,
1912,2,20-24,1636000,
1912,1,20-24,1502000,
1912,2,25-29,1593000,
1912,1,25-29,1436000,
1912,2,30-34,1509000,
1912,1,30-34,1382000,
1912,2,35-39,1370000,
1912,1,35-39,1275000,
1912,2,40-44,1201000,
1912,1,40-44,1116000,
1912,2,45-49,1005000,
1912,1,45-49,929000,
1912,2,50-54,859000,
1912,1,50-54,792000,
1912,2,55-59,692000,
1912,1,55-59,623000,
1912,2,60-64,560000,
1912,1,60-64,491000,
1912,2,65-69,450000,
1912,1,65-69,376000,
1912,2,70-74,325000,
1912,1,70-74,247000,
1912,2,75-79,193000,
1912,1,75-79,133000,
1912,2,80-84,89000,
1912,1,80-84,57000,
1912,2,85+,43000,
1912,1,85+,23000,
1913,2,<1,403000,
1913,1,<1,411000,
1913,2,01-04,1499000,
1913,1,01-04,1517000,
1913,2,05-09,1861000,
1913,1,05-09,1861000,
1913,2,10-14,1778000,
1913,1,10-14,1758000,
1913,2,15-19,1694000,
1913,1,15-19,1660000,
1913,2,20-24,1634000,
1913,1,20-24,1503000,
1913,2,25-29,1585000,
1913,1,25-29,1431000,
1913,2,30-34,1512000,
1913,1,30-34,1379000,
1913,2,35-39,1386000,
1913,1,35-39,1288000,
1913,2,40-44,1225000,
1913,1,40-44,1140000,
1913,2,45-49,1029000,
1913,1,45-49,950000,
1913,2,50-54,873000,
1913,1,50-54,809000,
1913,2,55-59,708000,
1913,1,55-59,638000,
1913,2,60-64,573000,
1913,1,60-64,500000,
1913,2,65-69,458000,
1913,1,65-69,382000,
1913,2,70-74,330000,
1913,1,70-74,250000,
1913,2,75-79,195000,
1913,1,75-79,134000,
1913,2,80-84,95000,
1913,1,80-84,59000,
1913,2,85+,43000,
1913,1,85+,23000,
1914,2,<1,405000,
1914,1,<1,413000,
1914,2,01-04,1490000,
1914,1,01-04,1505000,
1914,2,05-09,1868000,
1914,1,05-09,1873000,
1914,2,10-14,1794000,
1914,1,10-14,1775000,
1914,2,15-19,1706000,
1914,1,15-19,1681000,
1914,2,20-24,1641000,
1914,1,20-24,1516000,
1914,2,25-29,1592000,
1914,1,25-29,1440000,
1914,2,30-34,1527000,
1914,1,30-34,1386000,
1914,2,35-39,1390000,
1914,1,35-39,1298000,
1914,2,40-44,1269000,
1914,1,40-44,1166000,
1914,2,45-49,1051000,
1914,1,45-49,984000,
1914,2,50-54,892000,
1914,1,50-54,826000,
1914,2,55-59,728000,
1914,1,55-59,657000,
1914,2,60-64,585000,
1914,1,60-64,509000,
1914,2,65-69,466000,
1914,1,65-69,390000,
1914,2,70-74,328000,
1914,1,70-74,251000,
1914,2,75-79,200000,
1914,1,75-79,140000,
1914,2,80-84,98000,
1914,1,80-84,60000,
1914,2,85+,44000,
1914,1,85+,23000,
1915,2,<1,398000,
1915,1,<1,405000,
1915,2,01-04,1489000,
1915,1,01-04,1501000,
1915,2,05-09,1865000,
1915,1,05-09,1875000,
1915,2,10-14,1807000,
1915,1,10-14,1788000,
1915,2,15-19,1725000,
1915,1,15-19,1443000,
1915,2,20-24,1639000,
1915,1,20-24,858000,
1915,2,25-29,1609000,
1915,1,25-29,908000,
1915,2,30-34,1537000,
1915,1,30-34,1090000,
1915,2,35-39,1436000,
1915,1,35-39,1146000,
1915,2,40-44,1276000,
1915,1,40-44,1099000,
1915,2,45-49,1093000,
1915,1,45-49,994000,
1915,2,50-54,901000,
1915,1,50-54,824000,
1915,2,55-59,750000,
1915,1,55-59,682000,
1915,2,60-64,598000,
1915,1,60-64,525000,
1915,2,65-69,471000,
1915,1,65-69,396000,
1915,2,70-74,333000,
1915,1,70-74,252000,
1915,2,75-79,205000,
1915,1,75-79,140000,
1915,2,80-84,98000,
1915,1,80-84,60000,
1915,2,85+,45000,
1915,1,85+,23000,
1916,2,<1,360000,
1916,1,<1,368000,
1916,2,01-04,1493000,
1916,1,01-04,1503000,
1916,2,05-09,1852000,
1916,1,05-09,1860000,
1916,2,10-14,1818000,
1916,1,10-14,1804000,
1916,2,15-19,1739000,
1916,1,15-19,1411000,
1916,2,20-24,1667000,
1916,1,20-24,635000,
1916,2,25-29,1600000,
1916,1,25-29,671000,
1916,2,30-34,1544000,
1916,1,30-34,917000,
1916,2,35-39,1454000,
1916,1,35-39,1041000,
1916,2,40-44,1303000,
1916,1,40-44,1069000,
1916,2,45-49,1117000,
1916,1,45-49,992000,
1916,2,50-54,921000,
1916,1,50-54,847000,
1916,2,55-59,768000,
1916,1,55-59,694000,
1916,2,60-64,610000,
1916,1,60-64,530000,
1916,2,65-69,481000,
1916,1,65-69,403000,
1916,2,70-74,338000,
1916,1,70-74,253000,
1916,2,75-79,207000,
1916,1,75-79,143000,
1916,2,80-84,99000,
1916,1,80-84,62000,
1916,2,85+,45000,
1916,1,85+,23000,
1917,2,<1,335000,
1917,1,<1,344000,
1917,2,01-04,1460000,
1917,1,01-04,1469000,
1917,2,05-09,1841000,
1917,1,05-09,1854000,
1917,2,10-14,1827000,
1917,1,10-14,1823000,
1917,2,15-19,1749000,
1917,1,15-19,1367000,
1917,2,20-24,1676000,
1917,1,20-24,531000,
1917,2,25-29,1607000,
1917,1,25-29,512000,
1917,2,30-34,1551000,
1917,1,30-34,779000,
1917,2,35-39,1470000,
1917,1,35-39,945000,
1917,2,40-44,1324000,
1917,1,40-44,1022000,
1917,2,45-49,1143000,
1917,1,45-49,1002000,
1917,2,50-54,948000,
1917,1,50-54,868000,
1917,2,55-59,783000,
1917,1,55-59,707000,
1917,2,60-64,626000,
1917,1,60-64,546000,
1917,2,65-69,492000,
1917,1,65-69,412000,
1917,2,70-74,346000,
1917,1,70-74,254000,
1917,2,75-79,207000,
1917,1,75-79,143000,
1917,2,80-84,101000,
1917,1,80-84,63000,
1917,2,85+,46000,
1917,1,85+,24000,
1918,2,<1,295000,
1918,1,<1,303000,
1918,2,01-04,1394000,
1918,1,01-04,1407000,
1918,2,05-09,1822000,
1918,1,05-09,1837000,
1918,2,10-14,1849000,
1918,1,10-14,1848000,
1918,2,15-19,1757000,
1918,1,15-19,1422000,
1918,2,20-24,1683000,
1918,1,20-24,515000,
1918,2,25-29,1608000,
1918,1,25-29,450000,
1918,2,30-34,1552000,
1918,1,30-34,684000,
1918,2,35-39,1477000,
1918,1,35-39,891000,
1918,2,40-44,1346000,
1918,1,40-44,999000,
1918,2,45-49,1170000,
1918,1,45-49,999000,
1918,2,50-54,972000,
1918,1,50-54,887000,
1918,2,55-59,799000,
1918,1,55-59,722000,
1918,2,60-64,643000,
1918,1,60-64,561000,
1918,2,65-69,504000,
1918,1,65-69,419000,
1918,2,70-74,355000,
1918,1,70-74,257000,
1918,2,75-79,210000,
1918,1,75-79,146000,
1918,2,80-84,105000,
1918,1,80-84,64000,
1918,2,85+,47000,
1918,1,85+,25000,
1919,2,<1,284000,
1919,1,<1,293000,
1919,2,01-04,1283000,
1919,1,01-04,1301000,
1919,2,05-09,1808000,
1919,1,05-09,1820000,
1919,2,10-14,1852000,
1919,1,10-14,1850000,
1919,2,15-19,1761000,
1919,1,15-19,1582000,
1919,2,20-24,1682000,
1919,1,20-24,958000,
1919,2,25-29,1598000,
1919,1,25-29,818000,
1919,2,30-34,1541000,
1919,1,30-34,927000,
1919,2,35-39,1480000,
1919,1,35-39,1023000,
1919,2,40-44,1353000,
1919,1,40-44,1079000,
1919,2,45-49,1195000,
1919,1,45-49,1059000,
1919,2,50-54,995000,
1919,1,50-54,916000,
1919,2,55-59,815000,
1919,1,55-59,747000,
1919,2,60-64,657000,
1919,1,60-64,569000,
1919,2,65-69,519000,
1919,1,65-69,429000,
1919,2,70-74,361000,
1919,1,70-74,263000,
1919,2,75-79,217000,
1919,1,75-79,147000,
1919,2,80-84,107000,
1919,1,80-84,65000,
1919,2,85+,48000,
1919,1,85+,25000,
1920,2,<1,421000,
1920,1,<1,438000,
1920,2,01-04,1182000,
1920,1,01-04,1201000,
1920,2,05-09,1784000,
1920,1,05-09,1800000,
1920,2,10-14,1840000,
1920,1,10-14,1844000,
1920,2,15-19,1787000,
1920,1,15-19,1684000,
1920,2,20-24,1673000,
1920,1,20-24,1344000,
1920,2,25-29,1583000,
1920,1,25-29,1251000,
1920,2,30-34,1524000,
1920,1,30-34,1221000,
1920,2,35-39,1472000,
1920,1,35-39,1226000,
1920,2,40-44,1380000,
1920,1,40-44,1210000,
1920,2,45-49,1218000,
1920,1,45-49,1104000,
1920,2,50-54,1015000,
1920,1,50-54,947000,
1920,2,55-59,834000,
1920,1,55-59,774000,
1920,2,60-64,665000,
1920,1,60-64,583000,
1920,2,65-69,527000,
1920,1,65-69,437000,
1920,2,70-74,374000,
1920,1,70-74,276000,
1920,2,75-79,227000,
1920,1,75-79,153000,
1920,2,80-84,108000,
1920,1,80-84,65000,
1920,2,85+,50000,
1920,1,85+,25000,
1921,2,<1,414000,
1921,1,<1,427000,
1921,2,01-04,1249000,
1921,1,01-04,1277000,
1921,2,05-09,1752000,
1921,1,05-09,1767000,
1921,2,10-14,1823000,
1921,1,10-14,1837000,
1921,2,15-19,1775000,
1921,1,15-19,1728000,
1921,2,20-24,1703000,
1921,1,20-24,1448000,
1921,2,25-29,1620000,
1921,1,25-29,1340000,
1921,2,30-34,1520000,
1921,1,30-34,1281000,
1921,2,35-39,1472000,
1921,1,35-39,1273000,
1921,2,40-44,1378000,
1921,1,40-44,1223000,
1921,2,45-49,1244000,
1921,1,45-49,1162000,
1921,2,50-54,1043000,
1921,1,50-54,971000,
1921,2,55-59,849000,
1921,1,55-59,782000,
1921,2,60-64,681000,
1921,1,60-64,601000,
1921,2,65-69,537000,
1921,1,65-69,449000,
1921,2,70-74,376000,
1921,1,70-74,281000,
1921,2,75-79,234000,
1921,1,75-79,159000,
1921,2,80+,164000,
1921,1,80+,92000,
1922,2,<1,380000,
1922,1,<1,392000,
1922,2,01-04,1334000,
1922,1,01-04,1367000,
1922,2,05-09,1695000,
1922,1,05-09,1710000,
1922,2,10-14,1808000,
1922,1,10-14,1828000,
1922,2,15-19,1781000,
1922,1,15-19,1757000,
1922,2,20-24,1705000,
1922,1,20-24,1482000,
1922,2,25-29,1635000,
1922,1,25-29,1339000,
1922,2,30-34,1526000,
1922,1,30-34,1293000,
1922,2,35-39,1464000,
1922,1,35-39,1257000,
1922,2,40-44,1399000,
1922,1,40-44,1240000,
1922,2,45-49,1255000,
1922,1,45-49,1163000,
1922,2,50-54,1069000,
1922,1,50-54,1002000,
1922,2,55-59,871000,
1922,1,55-59,799000,
1922,2,60-64,694000,
1922,1,60-64,616000,
1922,2,65-69,544000,
1922,1,65-69,455000,
1922,2,70-74,391000,
1922,1,70-74,295000,
1922,2,75-79,239000,
1922,1,75-79,160000,
1922,2,80+,166000,
1922,1,80+,94000,
1923,2,<1,355000,
1923,1,<1,366000,
1923,2,01-04,1431000,
1923,1,01-04,1469000,
1923,2,05-09,1594000,
1923,1,05-09,1611000,
1923,2,10-14,1793000,
1923,1,10-14,1811000,
1923,2,15-19,1791000,
1923,1,15-19,1774000,
1923,2,20-24,1715000,
1923,1,20-24,1527000,
1923,2,25-29,1639000,
1923,1,25-29,1330000,
1923,2,30-34,1543000,
1923,1,30-34,1304000,
1923,2,35-39,1447000,
1923,1,35-39,1243000,
1923,2,40-44,1424000,
1923,1,40-44,1253000,
1923,2,45-49,1259000,
1923,1,45-49,1156000,
1923,2,50-54,1110000,
1923,1,50-54,1038000,
1923,2,55-59,880000,
1923,1,55-59,809000,
1923,2,60-64,722000,
1923,1,60-64,642000,
1923,2,65-69,552000,
1923,1,65-69,461000,
1923,2,70-74,409000,
1923,1,70-74,311000,
1923,2,75-79,247000,
1923,1,75-79,164000,
1923,2,80+,172000,
1923,1,80+,97000,
1924,2,<1,345000,
1924,1,<1,355000,
1924,2,01-04,1499000,
1924,1,01-04,1539000,
1924,2,05-09,1499000,
1924,1,05-09,1523000,
1924,2,10-14,1784000,
1924,1,10-14,1802000,
1924,2,15-19,1806000,
1924,1,15-19,1810000,
1924,2,20-24,1731000,
1924,1,20-24,1591000,
1924,2,25-29,1655000,
1924,1,25-29,1354000,
1924,2,30-34,1553000,
1924,1,30-34,1324000,
1924,2,35-39,1462000,
1924,1,35-39,1251000,
1924,2,40-44,1419000,
1924,1,40-44,1251000,
1924,2,45-49,1288000,
1924,1,45-49,1165000,
1924,2,50-54,1133000,
1924,1,50-54,1064000,
1924,2,55-59,907000,
1924,1,55-59,831000,
1924,2,60-64,737000,
1924,1,60-64,656000,
1924,2,65-69,567000,
1924,1,65-69,473000,
1924,2,70-74,412000,
1924,1,70-74,316000,
1924,2,75-79,251000,
1924,1,75-79,167000,
1924,2,80+,176000,
1924,1,80+,99000,
1925,2,<1,336000,
1925,1,<1,346000,
1925,2,01-04,1427000,
1925,1,01-04,1461000,
1925,2,05-09,1537000,
1925,1,05-09,1568000,
1925,2,10-14,1770000,
1925,1,10-14,1779000,
1925,2,15-19,1802000,
1925,1,15-19,1802000,
1925,2,20-24,1732000,
1925,1,20-24,1613000,
1925,2,25-29,1662000,
1925,1,25-29,1370000,
1925,2,30-34,1581000,
1925,1,30-34,1343000,
1925,2,35-39,1442000,
1925,1,35-39,1234000,
1925,2,40-44,1442000,
1925,1,40-44,1259000,
1925,2,45-49,1290000,
1925,1,45-49,1157000,
1925,2,50-54,1173000,
1925,1,50-54,1093000,
1925,2,55-59,908000,
1925,1,55-59,835000,
1925,2,60-64,772000,
1925,1,60-64,687000,
1925,2,65-69,572000,
1925,1,65-69,478000,
1925,2,70-74,429000,
1925,1,70-74,331000,
1925,2,75-79,250000,
1925,1,75-79,165000,
1925,2,80+,185000,
1925,1,80+,104000,
1926,2,<1,328000,
1926,1,<1,337000,
1926,2,01-04,1354000,
1926,1,01-04,1388000,
1926,2,05-09,1599000,
1926,1,05-09,1634000,
1926,2,10-14,1733000,
1926,1,10-14,1746000,
1926,2,15-19,1795000,
1926,1,15-19,1793000,
1926,2,20-24,1744000,
1926,1,20-24,1645000,
1926,2,25-29,1666000,
1926,1,25-29,1398000,
1926,2,30-34,1570000,
1926,1,30-34,1338000,
1926,2,35-39,1463000,
1926,1,35-39,1246000,
1926,2,40-44,1424000,
1926,1,40-44,1241000,
1926,2,45-49,1318000,
1926,1,45-49,1166000,
1926,2,50-54,1179000,
1926,1,50-54,1104000,
1926,2,55-59,960000,
1926,1,55-59,878000,
1926,2,60-64,768000,
1926,1,60-64,687000,
1926,2,65-69,598000,
1926,1,65-69,498000,
1926,2,70-74,441000,
1926,1,70-74,343000,
1926,2,75-79,261000,
1926,1,75-79,172000,
1926,2,80+,191000,
1926,1,80+,108000,
1927,2,<1,317000,
1927,1,<1,324000,
1927,2,01-04,1305000,
1927,1,01-04,1335000,
1927,2,05-09,1658000,
1927,1,05-09,1694000,
1927,2,10-14,1681000,
1927,1,10-14,1692000,
1927,2,15-19,1782000,
1927,1,15-19,1778000,
1927,2,20-24,1755000,
1927,1,20-24,1670000,
1927,2,25-29,1673000,
1927,1,25-29,1441000,
1927,2,30-34,1585000,
1927,1,30-34,1346000,
1927,2,35-39,1472000,
1927,1,35-39,1252000,
1927,2,40-44,1422000,
1927,1,40-44,1230000,
1927,2,45-49,1338000,
1927,1,45-49,1179000,
1927,2,50-54,1193000,
1927,1,50-54,1105000,
1927,2,55-59,983000,
1927,1,55-59,902000,
1927,2,60-64,793000,
1927,1,60-64,706000,
1927,2,65-69,613000,
1927,1,65-69,512000,
1927,2,70-74,448000,
1927,1,70-74,346000,
1927,2,75-79,271000,
1927,1,75-79,181000,
1927,2,80+,195000,
1927,1,80+,109000,
1928,2,<1,307000,
1928,1,<1,316000,
1928,2,01-04,1274000,
1928,1,01-04,1299000,
1928,2,05-09,1728000,
1928,1,05-09,1768000,
1928,2,10-14,1585000,
1928,1,10-14,1599000,
1928,2,15-19,1768000,
1928,1,15-19,1760000,
1928,2,20-24,1770000,
1928,1,20-24,1687000,
1928,2,25-29,1689000,
1928,1,25-29,1498000,
1928,2,30-34,1591000,
1928,1,30-34,1354000,
1928,2,35-39,1491000,
1928,1,35-39,1263000,
1928,2,40-44,1411000,
1928,1,40-44,1221000,
1928,2,45-49,1365000,
1928,1,45-49,1192000,
1928,2,50-54,1198000,
1928,1,50-54,1102000,
1928,2,55-59,1024000,
1928,1,55-59,932000,
1928,2,60-64,804000,
1928,1,60-64,717000,
1928,2,65-69,643000,
1928,1,65-69,536000,
1928,2,70-74,455000,
1928,1,70-74,349000,
1928,2,75-79,282000,
1928,1,75-79,191000,
1928,2,80+,201000,
1928,1,80+,113000,
1929,2,<1,304000,
1929,1,<1,312000,
1929,2,01-04,1235000,
1929,1,01-04,1263000,
1929,2,05-09,1786000,
1929,1,05-09,1824000,
1929,2,10-14,1490000,
1929,1,10-14,1511000,
1929,2,15-19,1760000,
1929,1,15-19,1746000,
1929,2,20-24,1785000,
1929,1,20-24,1710000,
1929,2,25-29,1703000,
1929,1,25-29,1550000,
1929,2,30-34,1599000,
1929,1,30-34,1369000,
1929,2,35-39,1497000,
1929,1,35-39,1268000,
1929,2,40-44,1426000,
1929,1,40-44,1226000,
1929,2,45-49,1356000,
1929,1,45-49,1181000,
1929,2,50-54,1226000,
1929,1,50-54,1107000,
1929,2,55-59,1040000,
1929,1,55-59,949000,
1929,2,60-64,831000,
1929,1,60-64,739000,
1929,2,65-69,656000,
1929,1,65-69,547000,
1929,2,70-74,466000,
1929,1,70-74,357000,
1929,2,75-79,278000,
1929,1,75-79,189000,
1929,2,80+,201000,
1929,1,80+,113000,
1930,2,<1,303000,
1930,1,<1,309000,
1930,2,01-04,1208000,
1930,1,01-04,1236000,
1930,2,05-09,1697000,
1930,1,05-09,1734000,
1930,2,10-14,1544000,
1930,1,10-14,1576000,
1930,2,15-19,1746000,
1930,1,15-19,1732000,
1930,2,20-24,1786000,
1930,1,20-24,1714000,
1930,2,25-29,1713000,
1930,1,25-29,1596000,
1930,2,30-34,1612000,
1930,1,30-34,1405000,
1930,2,35-39,1527000,
1930,1,35-39,1287000,
1930,2,40-44,1412000,
1930,1,40-44,1217000,
1930,2,45-49,1380000,
1930,1,45-49,1191000,
1930,2,50-54,1230000,
1930,1,50-54,1106000,
1930,2,55-59,1079000,
1930,1,55-59,974000,
1930,2,60-64,834000,
1930,1,60-64,745000,
1930,2,65-69,693000,
1930,1,65-69,578000,
1930,2,70-74,470000,
1930,1,70-74,362000,
1930,2,75-79,293000,
1930,1,75-79,199000,
1930,2,80+,202000,
1930,1,80+,111000,
1931,2,<1,301200,
1931,1,<1,310900,
1931,2,01-04,1187900,
1931,1,01-04,1211800,
1931,2,05-09,1633900,
1931,1,05-09,1664900,
1931,2,10-14,1600200,
1931,1,10-14,1634800,
1931,2,15-19,1712500,
1931,1,15-19,1697700,
1931,2,20-24,1787000,
1931,1,20-24,1706200,
1931,2,25-29,1733500,
1931,1,25-29,1643600,
1931,2,30-34,1620200,
1931,1,30-34,1445500,
1931,2,35-39,1519300,
1931,1,35-39,1278700,
1931,2,40-44,1439900,
1931,1,40-44,1234300,
1931,2,45-49,1364700,
1931,1,45-49,1171700,
1931,2,50-54,1261200,
1931,1,50-54,1116100,
1931,2,55-59,1084300,
1931,1,55-59,978700,
1931,2,60-64,887800,
1931,1,60-64,787600,
1931,2,65-69,690600,
1931,1,65-69,576000,
1931,2,70-74,493900,
1931,1,70-74,379300,
1931,2,75-79,299400,
1931,1,75-79,205900,
1931,2,80+,210500,
1931,1,80+,116300,
1932,2,<1,292100,
1932,1,<1,302600,
1932,2,01-04,1178200,
1932,1,01-04,1205200,
1932,2,05-09,1578400,
1932,1,05-09,1606800,
1932,2,10-14,1656200,
1932,1,10-14,1692000,
1932,2,15-19,1659800,
1932,1,15-19,1653200,
1932,2,20-24,1780200,
1932,1,20-24,1706900,
1932,2,25-29,1751800,
1932,1,25-29,1663400,
1932,2,30-34,1641400,
1932,1,30-34,1512200,
1932,2,35-39,1532100,
1932,1,35-39,1289200,
1932,2,40-44,1448100,
1932,1,40-44,1239100,
1932,2,45-49,1371700,
1932,1,45-49,1174500,
1932,2,50-54,1276700,
1932,1,50-54,1122200,
1932,2,55-59,1106500,
1932,1,55-59,994700,
1932,2,60-64,907400,
1932,1,60-64,806200,
1932,2,65-69,707100,
1932,1,65-69,591400,
1932,2,70-74,508500,
1932,1,70-74,389900,
1932,2,75-79,308900,
1932,1,75-79,211300,
1932,2,80+,215900,
1932,1,80+,119200,
1933,2,<1,279900,
1933,1,<1,289800,
1933,2,01-04,1167100,
1933,1,01-04,1196800,
1933,2,05-09,1538500,
1933,1,05-09,1566400,
1933,2,10-14,1721200,
1933,1,10-14,1757400,
1933,2,15-19,1573400,
1933,1,15-19,1571900,
1933,2,20-24,1769600,
1933,1,20-24,1699400,
1933,2,25-29,1769500,
1933,1,25-29,1680300,
1933,2,30-34,1663400,
1933,1,30-34,1570800,
1933,2,35-39,1545500,
1933,1,35-39,1301300,
1933,2,40-44,1456100,
1933,1,40-44,1240600,
1933,2,45-49,1378300,
1933,1,45-49,1178300,
1933,2,50-54,1288100,
1933,1,50-54,1124000,
1933,2,55-59,1128600,
1933,1,55-59,1008700,
1933,2,60-64,927900,
1933,1,60-64,824300,
1933,2,65-69,725500,
1933,1,65-69,608200,
1933,2,70-74,521700,
1933,1,70-74,400200,
1933,2,75-79,318200,
1933,1,75-79,216100,
1933,2,80+,220500,
1933,1,80+,122000,
1934,2,<1,272300,
1934,1,<1,282200,
1934,2,01-04,1143100,
1934,1,01-04,1174300,
1934,2,05-09,1505500,
1934,1,05-09,1532700,
1934,2,10-14,1779300,
1934,1,10-14,1812200,
1934,2,15-19,1482500,
1934,1,15-19,1487300,
1934,2,20-24,1763300,
1934,1,20-24,1694200,
1934,2,25-29,1780700,
1934,1,25-29,1693800,
1934,2,30-34,1684600,
1934,1,30-34,1615200,
1934,2,35-39,1559900,
1934,1,35-39,1324500,
1934,2,40-44,1464400,
1934,1,40-44,1240700,
1934,2,45-49,1385200,
1934,1,45-49,1184600,
1934,2,50-54,1297000,
1934,1,50-54,1122400,
1934,2,55-59,1149900,
1934,1,55-59,1019800,
1934,2,60-64,948500,
1934,1,60-64,840700,
1934,2,65-69,744400,
1934,1,65-69,625900,
1934,2,70-74,536000,
1934,1,70-74,411000,
1934,2,75-79,328700,
1934,1,75-79,223600,
1934,2,80+,229700,
1934,1,80+,126900,
1935,2,<1,276900,
1935,1,<1,289400,
1935,2,01-04,1116600,
1935,1,01-04,1149600,
1935,2,05-09,1482300,
1935,1,05-09,1508500,
1935,2,10-14,1692200,
1935,1,10-14,1719700,
1935,2,15-19,1538700,
1935,1,15-19,1550100,
1935,2,20-24,1754200,
1935,1,20-24,1690100,
1935,2,25-29,1784200,
1935,1,25-29,1704500,
1935,2,30-34,1705800,
1935,1,30-34,1641100,
1935,2,35-39,1577000,
1935,1,35-39,1368800,
1935,2,40-44,1475600,
1935,1,40-44,1243100,
1935,2,45-49,1395000,
1935,1,45-49,1193800,
1935,2,50-54,1306400,
1935,1,50-54,1121900,
1935,2,55-59,1171900,
1935,1,55-59,1030600,
1935,2,60-64,971700,
1935,1,60-64,857100,
1935,2,65-69,764100,
1935,1,65-69,644900,
1935,2,70-74,552600,
1935,1,70-74,423700,
1935,2,75-79,339500,
1935,1,75-79,230800,
1935,2,80+,240300,
1935,1,80+,132300,
1936,2,<1,280700,
1936,1,<1,292000,
1936,2,01-04,1093900,
1936,1,01-04,1131500,
1936,2,05-09,1463800,
1936,1,05-09,1492200,
1936,2,10-14,1628300,
1936,1,10-14,1653100,
1936,2,15-19,1603000,
1936,1,15-19,1615600,
1936,2,20-24,1719600,
1936,1,20-24,1660600,
1936,2,25-29,1787000,
1936,1,25-29,1706800,
1936,2,30-34,1724300,
1936,1,30-34,1652100,
1936,2,35-39,1598100,
1936,1,35-39,1423200,
1936,2,40-44,1490800,
1936,1,40-44,1249700,
1936,2,45-49,1406200,
1936,1,45-49,1204900,
1936,2,50-54,1315100,
1936,1,50-54,1125400,
1936,2,55-59,1191400,
1936,1,55-59,1041700,
1936,2,60-64,993800,
1936,1,60-64,872900,
1936,2,65-69,784900,
1936,1,65-69,663700,
1936,2,70-74,568800,
1936,1,70-74,434700,
1936,2,75-79,350600,
1936,1,75-79,236100,
1936,2,80+,247700,
1936,1,80+,135400,
1937,2,<1,283900,
1937,1,<1,296300,
1937,2,01-04,1085200,
1937,1,01-04,1124100,
1937,2,05-09,1445400,
1937,1,05-09,1477200,
1937,2,10-14,1575000,
1937,1,10-14,1596300,
1937,2,15-19,1662100,
1937,1,15-19,1677200,
1937,2,20-24,1670600,
1937,1,20-24,1630500,
1937,2,25-29,1778600,
1937,1,25-29,1709300,
1937,2,30-34,1738800,
1937,1,30-34,1669000,
1937,2,35-39,1616500,
1937,1,35-39,1482600,
1937,2,40-44,1504100,
1937,1,40-44,1259600,
1937,2,45-49,1416200,
1937,1,45-49,1213100,
1937,2,50-54,1322500,
1937,1,50-54,1129500,
1937,2,55-59,1207500,
1937,1,55-59,1046800,
1937,2,60-64,1014900,
1937,1,60-64,885800,
1937,2,65-69,805700,
1937,1,65-69,680900,
1937,2,70-74,584100,
1937,1,70-74,446300,
1937,2,75-79,360500,
1937,1,75-79,242700,
1937,2,80+,254400,
1937,1,80+,137800,
1938,2,<1,290100,
1938,1,<1,302800,
1938,2,01-04,1090400,
1938,1,01-04,1130900,
1938,2,05-09,1425000,
1938,1,05-09,1455200,
1938,2,10-14,1537700,
1938,1,10-14,1555800,
1938,2,15-19,1730900,
1938,1,15-19,1741800,
1938,2,20-24,1588400,
1938,1,20-24,1560700,
1938,2,25-29,1766000,
1938,1,25-29,1703200,
1938,2,30-34,1752500,
1938,1,30-34,1683300,
1938,2,35-39,1635100,
1938,1,35-39,1535500,
1938,2,40-44,1520100,
1938,1,40-44,1272500,
1938,2,45-49,1428000,
1938,1,45-49,1217600,
1938,2,50-54,1331700,
1938,1,50-54,1135100,
1938,2,55-59,1220600,
1938,1,55-59,1048600,
1938,2,60-64,1038200,
1938,1,60-64,898300,
1938,2,65-69,828500,
1938,1,65-69,697500,
1938,2,70-74,602600,
1938,1,70-74,461200,
1938,2,75-79,371300,
1938,1,75-79,248900,
1938,2,80+,265900,
1938,1,80+,143100,
1939,2,<1,291700,
1939,1,<1,304200,
1939,2,01-04,1112100,
1939,1,01-04,1155900,
1939,2,05-09,1397400,
1939,1,05-09,1430600,
1939,2,10-14,1508600,
1939,1,10-14,1525400,
1939,2,15-19,1795900,
1939,1,15-19,1755300,
1939,2,20-24,1505400,
1939,1,20-24,1399500,
1939,2,25-29,1763500,
1939,1,25-29,1658600,
1939,2,30-34,1764900,
1939,1,30-34,1670800,
1939,2,35-39,1658800,
1939,1,35-39,1566300,
1939,2,40-44,1541500,
1939,1,40-44,1292800,
1939,2,45-49,1443500,
1939,1,45-49,1220100,
1939,2,50-54,1344500,
1939,1,50-54,1147200,
1939,2,55-59,1233300,
1939,1,55-59,1049600,
1939,2,60-64,1063700,
1939,1,60-64,913000,
1939,2,65-69,854000,
1939,1,65-69,715400,
1939,2,70-74,623100,
1939,1,70-74,479000,
1939,2,75-79,381100,
1939,1,75-79,255100,
1939,2,80+,275500,
1939,1,80+,148700,
1940,2,<1,284000,
1940,1,<1,297000,
1940,2,01-04,1128000,
1940,1,01-04,1172000,
1940,2,05-09,1380000,
1940,1,05-09,1417000,
1940,2,10-14,1488000,
1940,1,10-14,1506000,
1940,2,15-19,1712000,
1940,1,15-19,1588000,
1940,2,20-24,1566000,
1940,1,20-24,763000,
1940,2,25-29,1762000,
1940,1,25-29,1280000,
1940,2,30-34,1773000,
1940,1,30-34,1501000,
1940,2,35-39,1684000,
1940,1,35-39,1497000,
1940,2,40-44,1558000,
1940,1,40-44,1288000,
1940,2,45-49,1455000,
1940,1,45-49,1193000,
1940,2,50-54,1356000,
1940,1,50-54,1147000,
1940,2,55-59,1244000,
1940,1,55-59,1052000,
1940,2,60-64,1085000,
1940,1,60-64,922000,
1940,2,65-69,869000,
1940,1,65-69,724000,
1940,2,70-74,631000,
1940,1,70-74,487000,
1940,2,75-79,390000,
1940,1,75-79,259000,
1940,2,80-84,194000,
1940,1,80-84,110000,
1940,2,85+,87000,
1940,1,85+,40000,
1941,2,<1,268000,
1941,1,<1,280000,
1941,2,01-04,1125000,
1941,1,01-04,1169000,
1941,2,05-09,1358000,
1941,1,05-09,1399000,
1941,2,10-14,1461000,
1941,1,10-14,1482000,
1941,2,15-19,1617000,
1941,1,15-19,1444000,
1941,2,20-24,1574000,
1941,1,20-24,580000,
1941,2,25-29,1704000,
1941,1,25-29,879000,
1941,2,30-34,1760000,
1941,1,30-34,1241000,
1941,2,35-39,1691000,
1941,1,35-39,1431000,
1941,2,40-44,1567000,
1941,1,40-44,1333000,
1941,2,45-49,1462000,
1941,1,45-49,1202000,
1941,2,50-54,1362000,
1941,1,50-54,1161000,
1941,2,55-59,1251000,
1941,1,55-59,1052000,
1941,2,60-64,1103000,
1941,1,60-64,924000,
1941,2,65-69,882000,
1941,1,65-69,728000,
1941,2,70-74,641000,
1941,1,70-74,500000,
1941,2,75-79,401000,
1941,1,75-79,268000,
1941,2,80-84,199000,
1941,1,80-84,113000,
1941,2,85+,89000,
1941,1,85+,42000,
1942,2,<1,288000,
1942,1,<1,302000,
1942,2,01-04,1112000,
1942,1,01-04,1158000,
1942,2,05-09,1355000,
1942,1,05-09,1398000,
1942,2,10-14,1446000,
1942,1,10-14,1467000,
1942,2,15-19,1517000,
1942,1,15-19,1350000,
1942,2,20-24,1531000,
1942,1,20-24,542000,
1942,2,25-29,1633000,
1942,1,25-29,781000,
1942,2,30-34,1747000,
1942,1,30-34,1100000,
1942,2,35-39,1709000,
1942,1,35-39,1319000,
1942,2,40-44,1585000,
1942,1,40-44,1332000,
1942,2,45-49,1475000,
1942,1,45-49,1206000,
1942,2,50-54,1373000,
1942,1,50-54,1158000,
1942,2,55-59,1262000,
1942,1,55-59,1056000,
1942,2,60-64,1124000,
1942,1,60-64,932000,
1942,2,65-69,903000,
1942,1,65-69,741000,
1942,2,70-74,662000,
1942,1,70-74,517000,
1942,2,75-79,416000,
1942,1,75-79,279000,
1942,2,80-84,208000,
1942,1,80-84,119000,
1942,2,85+,95000,
1942,1,85+,45000,
1943,2,<1,318000,
1943,1,<1,334000,
1943,2,01-04,1112000,
1943,1,01-04,1157000,
1943,2,05-09,1370000,
1943,1,05-09,1417000,
1943,2,10-14,1425000,
1943,1,10-14,1450000,
1943,2,15-19,1472000,
1943,1,15-19,1195000,
1943,2,20-24,1516000,
1943,1,20-24,491000,
1943,2,25-29,1540000,
1943,1,25-29,645000,
1943,2,30-34,1738000,
1943,1,30-34,966000,
1943,2,35-39,1726000,
1943,1,35-39,1229000,
1943,2,40-44,1605000,
1943,1,40-44,1341000,
1943,2,45-49,1490000,
1943,1,45-49,1203000,
1943,2,50-54,1386000,
1943,1,50-54,1154000,
1943,2,55-59,1276000,
1943,1,55-59,1058000,
1943,2,60-64,1140000,
1943,1,60-64,933000,
1943,2,65-69,928000,
1943,1,65-69,755000,
1943,2,70-74,684000,
1943,1,70-74,534000,
1943,2,75-79,434000,
1943,1,75-79,295000,
1943,2,80-84,219000,
1943,1,80-84,126000,
1943,2,85+,105000,
1943,1,85+,51000,
1944,2,<1,336000,
1944,1,<1,353000,
1944,2,01-04,1140000,
1944,1,01-04,1189000,
1944,2,05-09,1390000,
1944,1,05-09,1438000,
1944,2,10-14,1398000,
1944,1,10-14,1427000,
1944,2,15-19,1460000,
1944,1,15-19,1157000,
1944,2,20-24,1559000,
1944,1,20-24,513000,
1944,2,25-29,1439000,
1944,1,25-29,518000,
1944,2,30-34,1731000,
1944,1,30-34,896000,
1944,2,35-39,1738000,
1944,1,35-39,1181000,
1944,2,40-44,1628000,
1944,1,40-44,1350000,
1944,2,45-49,1505000,
1944,1,45-49,1215000,
1944,2,50-54,1397000,
1944,1,50-54,1153000,
1944,2,55-59,1286000,
1944,1,55-59,1061000,
1944,2,60-64,1152000,
1944,1,60-64,932000,
1944,2,65-69,947000,
1944,1,65-69,763000,
1944,2,70-74,702000,
1944,1,70-74,546000,
1944,2,75-79,449000,
1944,1,75-79,308000,
1944,2,80-84,226000,
1944,1,80-84,132000,
1944,2,85+,114000,
1944,1,85+,56000,
1945,2,<1,334000,
1945,1,<1,354000,
1945,2,01-04,1193000,
1945,1,01-04,1246000,
1945,2,05-09,1397000,
1945,1,05-09,1446000,
1945,2,10-14,1375000,
1945,1,10-14,1410000,
1945,2,15-19,1443000,
1945,1,15-19,1145000,
1945,2,20-24,1483000,
1945,1,20-24,478000,
1945,2,25-29,1474000,
1945,1,25-29,535000,
1945,2,30-34,1721000,
1945,1,30-34,857000,
1945,2,35-39,1742000,
1945,1,35-39,1135000,
1945,2,40-44,1650000,
1945,1,40-44,1323000,
1945,2,45-49,1521000,
1945,1,45-49,1263000,
1945,2,50-54,1409000,
1945,1,50-54,1154000,
1945,2,55-59,1298000,
1945,1,55-59,1074000,
1945,2,60-64,1163000,
1945,1,60-64,934000,
1945,2,65-69,972000,
1945,1,65-69,771000,
1945,2,70-74,720000,
1945,1,70-74,557000,
1945,2,75-79,462000,
1945,1,75-79,321000,
1945,2,80-84,238000,
1945,1,80-84,138000,
1945,2,85+,121000,
1945,1,85+,59000,
1946,2,<1,341000,
1946,1,<1,360000,
1946,2,01-04,1251000,
1946,1,01-04,1311000,
1946,2,05-09,1387000,
1946,1,05-09,1435000,
1946,2,10-14,1336000,
1946,1,10-14,1371000,
1946,2,15-19,1462000,
1946,1,15-19,1184000,
1946,2,20-24,1560000,
1946,1,20-24,762000,
1946,2,25-29,1593000,
1946,1,25-29,1215000,
1946,2,30-34,1712000,
1946,1,30-34,1457000,
1946,2,35-39,1750000,
1946,1,35-39,1592000,
1946,2,40-44,1653000,
1946,1,40-44,1550000,
1946,2,45-49,1544000,
1946,1,45-49,1334000,
1946,2,50-54,1403000,
1946,1,50-54,1168000,
1946,2,55-59,1276000,
1946,1,55-59,1064000,
1946,2,60-64,1151000,
1946,1,60-64,928000,
1946,2,65-69,977000,
1946,1,65-69,774000,
1946,2,70-74,742000,
1946,1,70-74,575000,
1946,2,75-79,472000,
1946,1,75-79,331000,
1946,2,80-84,246000,
1946,1,80-84,147000,
1946,2,85+,123000,
1946,1,85+,58000,
1947,2,<1,425000,
1947,1,<1,447000,
1947,2,01-04,1291000,
1947,1,01-04,1359000,
1947,2,05-09,1392000,
1947,1,05-09,1444000,
1947,2,10-14,1354000,
1947,1,10-14,1399000,
1947,2,15-19,1424000,
1947,1,15-19,1098000,
1947,2,20-24,1531000,
1947,1,20-24,1075000,
1947,2,25-29,1653000,
1947,1,25-29,1488000,
1947,2,30-34,1658000,
1947,1,30-34,1557000,
1947,2,35-39,1741000,
1947,1,35-39,1661000,
1947,2,40-44,1669000,
1947,1,40-44,1598000,
1947,2,45-49,1561000,
1947,1,45-49,1401000,
1947,2,50-54,1413000,
1947,1,50-54,1179000,
1947,2,55-59,1286000,
1947,1,55-59,1071000,
1947,2,60-64,1158000,
1947,1,60-64,930000,
1947,2,65-69,996000,
1947,1,65-69,779000,
1947,2,70-74,759000,
1947,1,70-74,580000,
1947,2,75-79,486000,
1947,1,75-79,340000,
1947,2,80-84,252000,
1947,1,80-84,149000,
1947,2,85+,125000,
1947,1,85+,57000,
1948,2,<1,383000,
1948,1,<1,402000,
1948,2,01-04,1397000,
1948,1,01-04,1470000,
1948,2,05-09,1416000,
1948,1,05-09,1473000,
1948,2,10-14,1368000,
1948,1,10-14,1415000,
1948,2,15-19,1410000,
1948,1,15-19,1143000,
1948,2,20-24,1522000,
1948,1,20-24,1374000,
1948,2,25-29,1717000,
1948,1,25-29,1636000,
1948,2,30-34,1572000,
1948,1,30-34,1512000,
1948,2,35-39,1733000,
1948,1,35-39,1676000,
1948,2,40-44,1686000,
1948,1,40-44,1637000,
1948,2,45-49,1581000,
1948,1,45-49,1452000,
1948,2,50-54,1429000,
1948,1,50-54,1213000,
1948,2,55-59,1302000,
1948,1,55-59,1081000,
1948,2,60-64,1168000,
1948,1,60-64,939000,
1948,2,65-69,1009000,
1948,1,65-69,783000,
1948,2,70-74,781000,
1948,1,70-74,589000,
1948,2,75-79,506000,
1948,1,75-79,355000,
1948,2,80-84,265000,
1948,1,80-84,158000,
1948,2,85+,135000,
1948,1,85+,62000,
1949,2,<1,356000,
1949,1,<1,375000,
1949,2,01-04,1447000,
1949,1,01-04,1523000,
1949,2,05-09,1457000,
1949,1,05-09,1519000,
1949,2,10-14,1387000,
1949,1,10-14,1433000,
1949,2,15-19,1397000,
1949,1,15-19,1137000,
1949,2,20-24,1507000,
1949,1,20-24,1389000,
1949,2,25-29,1770000,
1949,1,25-29,1702000,
1949,2,30-34,1483000,
1949,1,30-34,1433000,
1949,2,35-39,1727000,
1949,1,35-39,1675000,
1949,2,40-44,1700000,
1949,1,40-44,1661000,
1949,2,45-49,1596000,
1949,1,45-49,1488000,
1949,2,50-54,1455000,
1949,1,50-54,1251000,
1949,2,55-59,1311000,
1949,1,55-59,1082000,
1949,2,60-64,1179000,
1949,1,60-64,944000,
1949,2,65-69,1020000,
1949,1,65-69,783000,
1949,2,70-74,796000,
1949,1,70-74,593000,
1949,2,75-79,520000,
1949,1,75-79,364000,
1949,2,80-84,272000,
1949,1,80-84,163000,
1949,2,85+,140000,
1949,1,85+,65000,
1950,2,<1,341000,
1950,1,<1,357000,
1950,2,01-04,1477000,
1950,1,01-04,1550000,
1950,2,05-09,1501000,
1950,1,05-09,1569000,
1950,2,10-14,1393000,
1950,1,10-14,1442000,
1950,2,15-19,1390000,
1950,1,15-19,1346000,
1950,2,20-24,1509000,
1950,1,20-24,1486000,
1950,2,25-29,1681000,
1950,1,25-29,1673000,
1950,2,30-34,1539000,
1950,1,30-34,1515000,
1950,2,35-39,1721000,
1950,1,35-39,1693000,
1950,2,40-44,1710000,
1950,1,40-44,1688000,
1950,2,45-49,1607000,
1950,1,45-49,1529000,
1950,2,50-54,1481000,
1950,1,50-54,1293000,
1950,2,55-59,1324000,
1950,1,55-59,1088000,
1950,2,60-64,1189000,
1950,1,60-64,950000,
1950,2,65-69,1029000,
1950,1,65-69,784000,
1950,2,70-74,812000,
1950,1,70-74,596000,
1950,2,75-79,534000,
1950,1,75-79,373000,
1950,2,80-84,278000,
1950,1,80-84,169000,
1950,2,85+,145000,
1950,1,85+,68000,
1951,2,<1,327000,
1951,1,<1,345000,
1951,2,01-04,1492000,
1951,1,01-04,1565000,
1951,2,05-09,1568000,
1951,1,05-09,1642000,
1951,2,10-14,1377000,
1951,1,10-14,1422000,
1951,2,15-19,1370000,
1951,1,15-19,1333000,
1951,2,20-24,1487000,
1951,1,20-24,1417000,
1951,2,25-29,1640000,
1951,1,25-29,1615000,
1951,2,30-34,1579000,
1951,1,30-34,1533000,
1951,2,35-39,1681000,
1951,1,35-39,1623000,
1951,2,40-44,1704000,
1951,1,40-44,1662000,
1951,2,45-49,1637000,
1951,1,45-49,1565000,
1951,2,50-54,1492000,
1951,1,50-54,1313000,
1951,2,55-59,1344000,
1951,1,55-59,1089000,
1951,2,60-64,1209000,
1951,1,60-64,944000,
1951,2,65-69,1051000,
1951,1,65-69,780000,
1951,2,70-74,836000,
1951,1,70-74,592000,
1951,2,75-79,554000,
1951,1,75-79,374000,
1951,2,80-84,283000,
1951,1,80-84,169000,
1951,2,85+,140000,
1951,1,85+,61000,
1952,2,<1,320000,
1952,1,<1,335000,
1952,2,01-04,1391000,
1952,1,01-04,1459000,
1952,2,05-09,1705000,
1952,1,05-09,1787000,
1952,2,10-14,1380000,
1952,1,10-14,1429000,
1952,2,15-19,1368000,
1952,1,15-19,1331000,
1952,2,20-24,1470000,
1952,1,20-24,1388000,
1952,2,25-29,1590000,
1952,1,25-29,1570000,
1952,2,30-34,1630000,
1952,1,30-34,1588000,
1952,2,35-39,1632000,
1952,1,35-39,1574000,
1952,2,40-44,1697000,
1952,1,40-44,1654000,
1952,2,45-49,1648000,
1952,1,45-49,1587000,
1952,2,50-54,1512000,
1952,1,50-54,1361000,
1952,2,55-59,1358000,
1952,1,55-59,1101000,
1952,2,60-64,1219000,
1952,1,60-64,949000,
1952,2,65-69,1060000,
1952,1,65-69,782000,
1952,2,70-74,850000,
1952,1,70-74,595000,
1952,2,75-79,573000,
1952,1,75-79,380000,
1952,2,80-84,294000,
1952,1,80-84,175000,
1952,2,85+,148000,
1952,1,85+,65000,
1953,2,<1,324000,
1953,1,<1,342000,
1953,2,01-04,1327000,
1953,1,01-04,1392000,
1953,2,05-09,1772000,
1953,1,05-09,1856000,
1953,2,10-14,1404000,
1953,1,10-14,1459000,
1953,2,15-19,1381000,
1953,1,15-19,1339000,
1953,2,20-24,1446000,
1953,1,20-24,1394000,
1953,2,25-29,1553000,
1953,1,25-29,1544000,
1953,2,30-34,1692000,
1953,1,30-34,1657000,
1953,2,35-39,1548000,
1953,1,35-39,1490000,
1953,2,40-44,1689000,
1953,1,40-44,1645000,
1953,2,45-49,1661000,
1953,1,45-49,1604000,
1953,2,50-54,1533000,
1953,1,50-54,1408000,
1953,2,55-59,1375000,
1953,1,55-59,1118000,
1953,2,60-64,1228000,
1953,1,60-64,953000,
1953,2,65-69,1068000,
1953,1,65-69,782000,
1953,2,70-74,859000,
1953,1,70-74,594000,
1953,2,75-79,587000,
1953,1,75-79,382000,
1953,2,80-84,304000,
1953,1,80-84,179000,
1953,2,85+,152000,
1953,1,85+,68000,
1954,2,<1,327000,
1954,1,<1,343000,
1954,2,01-04,1296000,
1954,1,01-04,1360000,
1954,2,05-09,1793000,
1954,1,05-09,1880000,
1954,2,10-14,1447000,
1954,1,10-14,1509000,
1954,2,15-19,1399000,
1954,1,15-19,1346000,
1954,2,20-24,1421000,
1954,1,20-24,1370000,
1954,2,25-29,1520000,
1954,1,25-29,1516000,
1954,2,30-34,1756000,
1954,1,30-34,1728000,
1954,2,35-39,1451000,
1954,1,35-39,1403000,
1954,2,40-44,1689000,
1954,1,40-44,1639000,
1954,2,45-49,1667000,
1954,1,45-49,1616000,
1954,2,50-54,1555000,
1954,1,50-54,1447000,
1954,2,55-59,1393000,
1954,1,55-59,1146000,
1954,2,60-64,1240000,
1954,1,60-64,960000,
1954,2,65-69,1076000,
1954,1,65-69,784000,
1954,2,70-74,872000,
1954,1,70-74,596000,
1954,2,75-79,605000,
1954,1,75-79,386000,
1954,2,80-84,318000,
1954,1,80-84,185000,
1954,2,85+,161000,
1954,1,85+,74000,
1955,2,<1,318000,
1955,1,<1,335000,
1955,2,01-04,1283000,
1955,1,01-04,1347000,
1955,2,05-09,1803000,
1955,1,05-09,1887000,
1955,2,10-14,1493000,
1955,1,10-14,1560000,
1955,2,15-19,1399000,
1955,1,15-19,1375000,
1955,2,20-24,1405000,
1955,1,20-24,1362000,
1955,2,25-29,1497000,
1955,1,25-29,1490000,
1955,2,30-34,1679000,
1955,1,30-34,1657000,
1955,2,35-39,1503000,
1955,1,35-39,1460000,
1955,2,40-44,1685000,
1955,1,40-44,1632000,
1955,2,45-49,1668000,
1955,1,45-49,1625000,
1955,2,50-54,1575000,
1955,1,50-54,1477000,
1955,2,55-59,1416000,
1955,1,55-59,1183000,
1955,2,60-64,1253000,
1955,1,60-64,966000,
1955,2,65-69,1082000,
1955,1,65-69,785000,
1955,2,70-74,880000,
1955,1,70-74,596000,
1955,2,75-79,617000,
1955,1,75-79,385000,
1955,2,80-84,329000,
1955,1,80-84,189000,
1955,2,85+,167000,
1955,1,85+,78000,
1956,2,<1,329000,
1956,1,<1,348000,
1956,2,01-04,1275000,
1956,1,01-04,1339000,
1956,2,05-09,1799000,
1956,1,05-09,1883000,
1956,2,10-14,1559000,
1956,1,10-14,1633000,
1956,2,15-19,1389000,
1956,1,15-19,1366000,
1956,2,20-24,1389000,
1956,1,20-24,1366000,
1956,2,25-29,1479000,
1956,1,25-29,1482000,
1956,2,30-34,1621000,
1956,1,30-34,1607000,
1956,2,35-39,1561000,
1956,1,35-39,1516000,
1956,2,40-44,1655000,
1956,1,40-44,1603000,
1956,2,45-49,1670000,
1956,1,45-49,1626000,
1956,2,50-54,1593000,
1956,1,50-54,1503000,
1956,2,55-59,1436000,
1956,1,55-59,1225000,
1956,2,60-64,1267000,
1956,1,60-64,975000,
1956,2,65-69,1093000,
1956,1,65-69,790000,
1956,2,70-74,889000,
1956,1,70-74,596000,
1956,2,75-79,631000,
1956,1,75-79,386000,
1956,2,80-84,342000,
1956,1,80-84,193000,
1956,2,85+,173000,
1956,1,85+,80000,
1957,2,<1,339000,
1957,1,<1,357000,
1957,2,01-04,1282000,
1957,1,01-04,1350000,
1957,2,05-09,1691000,
1957,1,05-09,1769000,
1957,2,10-14,1696000,
1957,1,10-14,1777000,
1957,2,15-19,1389000,
1957,1,15-19,1396000,
1957,2,20-24,1386000,
1957,1,20-24,1361000,
1957,2,25-29,1465000,
1957,1,25-29,1472000,
1957,2,30-34,1573000,
1957,1,30-34,1564000,
1957,2,35-39,1615000,
1957,1,35-39,1570000,
1957,2,40-44,1612000,
1957,1,40-44,1554000,
1957,2,45-49,1666000,
1957,1,45-49,1623000,
1957,2,50-54,1607000,
1957,1,50-54,1524000,
1957,2,55-59,1457000,
1957,1,55-59,1271000,
1957,2,60-64,1285000,
1957,1,60-64,990000,
1957,2,65-69,1107000,
1957,1,65-69,797000,
1957,2,70-74,902000,
1957,1,70-74,599000,
1957,2,75-79,646000,
1957,1,75-79,391000,
1957,2,80-84,357000,
1957,1,80-84,197000,
1957,2,85+,184000,
1957,1,85+,86000,
1958,2,<1,351000,
1958,1,<1,370000,
1958,2,01-04,1297000,
1958,1,01-04,1365000,
1958,2,05-09,1632000,
1958,1,05-09,1710000,
1958,2,10-14,1763000,
1958,1,10-14,1845000,
1958,2,15-19,1412000,
1958,1,15-19,1428000,
1958,2,20-24,1402000,
1958,1,20-24,1380000,
1958,2,25-29,1449000,
1958,1,25-29,1452000,
1958,2,30-34,1541000,
1958,1,30-34,1533000,
1958,2,35-39,1681000,
1958,1,35-39,1636000,
1958,2,40-44,1531000,
1958,1,40-44,1474000,
1958,2,45-49,1662000,
1958,1,45-49,1618000,
1958,2,50-54,1622000,
1958,1,50-54,1543000,
1958,2,55-59,1479000,
1958,1,55-59,1314000,
1958,2,60-64,1304000,
1958,1,60-64,1004000,
1958,2,65-69,1118000,
1958,1,65-69,800000,
1958,2,70-74,910000,
1958,1,70-74,596000,
1958,2,75-79,655000,
1958,1,75-79,392000,
1958,2,80-84,368000,
1958,1,80-84,196000,
1958,2,85+,188000,
1958,1,85+,88000,
1959,2,<1,358000,
1959,1,<1,378000,
1959,2,01-04,1323000,
1959,1,01-04,1393000,
1959,2,05-09,1603000,
1959,1,05-09,1679000,
1959,2,10-14,1785000,
1959,1,10-14,1869000,
1959,2,15-19,1457000,
1959,1,15-19,1496000,
1959,2,20-24,1429000,
1959,1,20-24,1399000,
1959,2,25-29,1426000,
1959,1,25-29,1435000,
1959,2,30-34,1515000,
1959,1,30-34,1508000,
1959,2,35-39,1752000,
1959,1,35-39,1705000,
1959,2,40-44,1443000,
1959,1,40-44,1390000,
1959,2,45-49,1665000,
1959,1,45-49,1617000,
1959,2,50-54,1630000,
1959,1,50-54,1554000,
1959,2,55-59,1503000,
1959,1,55-59,1354000,
1959,2,60-64,1323000,
1959,1,60-64,1028000,
1959,2,65-69,1133000,
1959,1,65-69,805000,
1959,2,70-74,919000,
1959,1,70-74,596000,
1959,2,75-79,664000,
1959,1,75-79,392000,
1959,2,80-84,380000,
1959,1,80-84,197000,
1959,2,85+,193000,
1959,1,85+,90000,
1960,2,<1,362000,
1960,1,<1,383000,
1960,2,01-04,1364000,
1960,1,01-04,1438000,
1960,2,05-09,1588000,
1960,1,05-09,1666000,
1960,2,10-14,1800000,
1960,1,10-14,1884000,
1960,2,15-19,1517000,
1960,1,15-19,1561000,
1960,2,20-24,1450000,
1960,1,20-24,1424000,
1960,2,25-29,1413000,
1960,1,25-29,1439000,
1960,2,30-34,1494000,
1960,1,30-34,1491000,
1960,2,35-39,1673000,
1960,1,35-39,1644000,
1960,2,40-44,1498000,
1960,1,40-44,1450000,
1960,2,45-49,1665000,
1960,1,45-49,1605000,
1960,2,50-54,1636000,
1960,1,50-54,1561000,
1960,2,55-59,1520000,
1960,1,55-59,1387000,
1960,2,60-64,1342000,
1960,1,60-64,1066000,
1960,2,65-69,1147000,
1960,1,65-69,809000,
1960,2,70-74,935000,
1960,1,70-74,600000,
1960,2,75-79,672000,
1960,1,75-79,392000,
1960,2,80-84,394000,
1960,1,80-84,203000,
1960,2,85+,208000,
1960,1,85+,94000,
1961,2,<1,380400,
1961,1,<1,402400,
1961,2,01-04,1397800,
1961,1,01-04,1475500,
1961,2,05-09,1592100,
1961,1,05-09,1672400,
1961,2,10-14,1799000,
1961,1,10-14,1886800,
1961,2,15-19,1602800,
1961,1,15-19,1647200,
1961,2,20-24,1447500,
1961,1,20-24,1433000,
1961,2,25-29,1404700,
1961,1,25-29,1445900,
1961,2,30-34,1477600,
1961,1,30-34,1497000,
1961,2,35-39,1610300,
1961,1,35-39,1604800,
1961,2,40-44,1555900,
1961,1,40-44,1521800,
1961,2,45-49,1642600,
1961,1,45-49,1571100,
1961,2,50-54,1640100,
1961,1,50-54,1559800,
1961,2,55-59,1537300,
1961,1,55-59,1415400,
1961,2,60-64,1356000,
1961,1,60-64,1106000,
1961,2,65-69,1161000,
1961,1,65-69,820100,
1961,2,70-74,943600,
1961,1,70-74,600600,
1961,2,75-79,681000,
1961,1,75-79,389900,
1961,2,80-84,402100,
1961,1,80-84,205100,
1961,2,85+,217400,
1961,1,85+,92200,
1962,2,<1,397000,
1962,1,<1,416900,
1962,2,01-04,1445500,
1962,1,01-04,1529000,
1962,2,05-09,1612800,
1962,1,05-09,1707200,
1962,2,10-14,1711800,
1962,1,10-14,1797600,
1962,2,15-19,1719500,
1962,1,15-19,1787200,
1962,2,20-24,1459300,
1962,1,20-24,1456400,
1962,2,25-29,1411700,
1962,1,25-29,1463000,
1962,2,30-34,1473600,
1962,1,30-34,1504100,
1962,2,35-39,1569600,
1962,1,35-39,1572800,
1962,2,40-44,1607300,
1962,1,40-44,1586400,
1962,2,45-49,1596300,
1962,1,45-49,1536300,
1962,2,50-54,1640300,
1962,1,50-54,1562100,
1962,2,55-59,1553500,
1962,1,55-59,1435300,
1962,2,60-64,1376300,
1962,1,60-64,1150900,
1962,2,65-69,1173100,
1962,1,65-69,829800,
1962,2,70-74,951900,
1962,1,70-74,606700,
1962,2,75-79,695300,
1962,1,75-79,391300,
1962,2,80-84,406500,
1962,1,80-84,204100,
1962,2,85+,224700,
1962,1,85+,94300,
1963,2,<1,405300,
1963,1,<1,423300,
1963,2,01-04,1495300,
1963,1,01-04,1577400,
1963,2,05-09,1642300,
1963,1,05-09,1747600,
1963,2,10-14,1650500,
1963,1,10-14,1734300,
1963,2,15-19,1785700,
1963,1,15-19,1857600,
1963,2,20-24,1485900,
1963,1,20-24,1482700,
1963,2,25-29,1426800,
1963,1,25-29,1470200,
1963,2,30-34,1455300,
1963,1,30-34,1489400,
1963,2,35-39,1538600,
1963,1,35-39,1544800,
1963,2,40-44,1671200,
1963,1,40-44,1646600,
1963,2,45-49,1512900,
1963,1,45-49,1459300,
1963,2,50-54,1638900,
1963,1,50-54,1561600,
1963,2,55-59,1571100,
1963,1,55-59,1453400,
1963,2,60-64,1407400,
1963,1,60-64,1196800,
1963,2,65-69,1185700,
1963,1,65-69,839200,
1963,2,70-74,961700,
1963,1,70-74,612500,
1963,2,75-79,710600,
1963,1,75-79,393700,
1963,2,80-84,411400,
1963,1,80-84,201800,
1963,2,85+,229800,
1963,1,85+,94300,
1964,2,<1,411100,
1964,1,<1,429700,
1964,2,01-04,1544300,
1964,1,01-04,1619700,
1964,2,05-09,1674200,
1964,1,05-09,1784800,
1964,2,10-14,1621400,
1964,1,10-14,1707000,
1964,2,15-19,1805100,
1964,1,15-19,1884800,
1964,2,20-24,1520700,
1964,1,20-24,1529000,
1964,2,25-29,1445200,
1964,1,25-29,1488900,
1964,2,30-34,1425700,
1964,1,30-34,1470700,
1964,2,35-39,1513400,
1964,1,35-39,1525900,
1964,2,40-44,1722000,
1964,1,40-44,1696000,
1964,2,45-49,1437800,
1964,1,45-49,1392600,
1964,2,50-54,1636800,
1964,1,50-54,1561500,
1964,2,55-59,1584500,
1964,1,55-59,1470100,
1964,2,60-64,1435900,
1964,1,60-64,1238000,
1964,2,65-69,1203500,
1964,1,65-69,858200,
1964,2,70-74,970900,
1964,1,70-74,618600,
1964,2,75-79,729600,
1964,1,75-79,401400,
1964,2,80-84,422000,
1964,1,80-84,204100,
1964,2,85+,241600,
1964,1,85+,97500,
1965,2,<1,414200,
1965,1,<1,432200,
1965,2,01-04,1591600,
1965,1,01-04,1662600,
1965,2,05-09,1716500,
1965,1,05-09,1831800,
1965,2,10-14,1601800,
1965,1,10-14,1690400,
1965,2,15-19,1808300,
1965,1,15-19,1895800,
1965,2,20-24,1559600,
1965,1,20-24,1574100,
1965,2,25-29,1461300,
1965,1,25-29,1496600,
1965,2,30-34,1408700,
1965,1,30-34,1454500,
1965,2,35-39,1498600,
1965,1,35-39,1510000,
1965,2,40-44,1655400,
1965,1,40-44,1635500,
1965,2,45-49,1479000,
1965,1,45-49,1434500,
1965,2,50-54,1629800,
1965,1,50-54,1557500,
1965,2,55-59,1592800,
1965,1,55-59,1479700,
1965,2,60-64,1456000,
1965,1,60-64,1265200,
1965,2,65-69,1230900,
1965,1,65-69,891600,
1965,2,70-74,986000,
1965,1,70-74,625500,
1965,2,75-79,743300,
1965,1,75-79,407200,
1965,2,80-84,433600,
1965,1,80-84,206300,
1965,2,85+,253200,
1965,1,85+,99600,
1966,2,<1,408700,
1966,1,<1,426600,
1966,2,01-04,1620800,
1966,1,01-04,1695300,
1966,2,05-09,1769000,
1966,1,05-09,1878500,
1966,2,10-14,1593900,
1966,1,10-14,1687800,
1966,2,15-19,1819000,
1966,1,15-19,1882300,
1966,2,20-24,1624100,
1966,1,20-24,1647200,
1966,2,25-29,1458500,
1966,1,25-29,1498100,
1966,2,30-34,1402400,
1966,1,30-34,1463500,
1966,2,35-39,1479100,
1966,1,35-39,1501500,
1966,2,40-44,1602200,
1966,1,40-44,1590600,
1966,2,45-49,1531100,
1966,1,45-49,1494800,
1966,2,50-54,1602600,
1966,1,50-54,1523500,
1966,2,55-59,1594600,
1966,1,55-59,1479600,
1966,2,60-64,1464300,
1966,1,60-64,1273600,
1966,2,65-69,1251000,
1966,1,65-69,922200,
1966,2,70-74,1001300,
1966,1,70-74,624300,
1966,2,75-79,734400,
1966,1,75-79,394800,
1966,2,80-84,453000,
1966,1,80-84,212200,
1966,2,85+,260700,
1966,1,85+,99400,
1967,2,<1,402800,
1967,1,<1,421100,
1967,2,01-04,1633200,
1967,1,01-04,1706000,
1967,2,05-09,1827700,
1967,1,05-09,1927300,
1967,2,10-14,1604000,
1967,1,10-14,1707500,
1967,2,15-19,1729900,
1967,1,15-19,1796200,
1967,2,20-24,1751400,
1967,1,20-24,1779700,
1967,2,25-29,1461900,
1967,1,25-29,1499500,
1967,2,30-34,1401300,
1967,1,30-34,1462400,
1967,2,35-39,1459300,
1967,1,35-39,1489600,
1967,2,40-44,1559000,
1967,1,40-44,1551600,
1967,2,45-49,1587100,
1967,1,45-49,1546800,
1967,2,50-54,1557100,
1967,1,50-54,1478500,
1967,2,55-59,1591100,
1967,1,55-59,1476900,
1967,2,60-64,1479600,
1967,1,60-64,1292100,
1967,2,65-69,1271100,
1967,1,65-69,961100,
1967,2,70-74,1017300,
1967,1,70-74,633500,
1967,2,75-79,746900,
1967,1,75-79,403600,
1967,2,80-84,467300,
1967,1,80-84,216000,
1967,2,85+,272700,
1967,1,85+,102000,
1968,2,<1,393400,
1968,1,<1,407100,
1968,2,01-04,1641600,
1968,1,01-04,1707300,
1968,2,05-09,1887200,
1968,1,05-09,1979000,
1968,2,10-14,1632800,
1968,1,10-14,1744300,
1968,2,15-19,1674200,
1968,1,15-19,1740100,
1968,2,20-24,1823100,
1968,1,20-24,1844800,
1968,2,25-29,1481900,
1968,1,25-29,1518700,
1968,2,30-34,1408500,
1968,1,30-34,1469100,
1968,2,35-39,1440400,
1968,1,35-39,1469200,
1968,2,40-44,1527100,
1968,1,40-44,1523200,
1968,2,45-49,1649100,
1968,1,45-49,1605300,
1968,2,50-54,1474200,
1968,1,50-54,1400500,
1968,2,55-59,1586500,
1968,1,55-59,1473000,
1968,2,60-64,1494600,
1968,1,60-64,1308900,
1968,2,65-69,1299300,
1968,1,65-69,998100,
1968,2,70-74,1029800,
1968,1,70-74,637500,
1968,2,75-79,755600,
1968,1,75-79,406800,
1968,2,80-84,480600,
1968,1,80-84,219200,
1968,2,85+,277200,
1968,1,85+,101500,
1969,2,<1,390500,
1969,1,<1,405200,
1969,2,01-04,1626500,
1969,1,01-04,1682600,
1969,2,05-09,1940500,
1969,1,05-09,2029500,
1969,2,10-14,1660700,
1969,1,10-14,1780500,
1969,2,15-19,1645600,
1969,1,15-19,1719100,
1969,2,20-24,1850400,
1969,1,20-24,1874100,
1969,2,25-29,1513800,
1969,1,25-29,1550200,
1969,2,30-34,1422900,
1969,1,30-34,1481600,
1969,2,35-39,1415100,
1969,1,35-39,1444900,
1969,2,40-44,1500900,
1969,1,40-44,1499000,
1969,2,45-49,1701500,
1969,1,45-49,1657400,
1969,2,50-54,1398100,
1969,1,50-54,1328300,
1969,2,55-59,1581600,
1969,1,55-59,1469500,
1969,2,60-64,1507400,
1969,1,60-64,1325000,
1969,2,65-69,1324600,
1969,1,65-69,1032900,
1969,2,70-74,1047100,
1969,1,70-74,650000,
1969,2,75-79,762400,
1969,1,75-79,409000,
1969,2,80-84,495800,
1969,1,80-84,225000,
1969,2,85+,286400,
1969,1,85+,102600,
1970,2,<1,370100,
1970,1,<1,390200,
1970,2,01-04,1598300,
1970,1,01-04,1650000,
1970,2,05-09,1985600,
1970,1,05-09,2065500,
1970,2,10-14,1706000,
1970,1,10-14,1828100,
1970,2,15-19,1631000,
1970,1,15-19,1704200,
1970,2,20-24,1866000,
1970,1,20-24,1894100,
1970,2,25-29,1549600,
1970,1,25-29,1586100,
1970,2,30-34,1430100,
1970,1,30-34,1482600,
1970,2,35-39,1392500,
1970,1,35-39,1429200,
1970,2,40-44,1482500,
1970,1,40-44,1480600,
1970,2,45-49,1631300,
1970,1,45-49,1590700,
1970,2,50-54,1442100,
1970,1,50-54,1372600,
1970,2,55-59,1573200,
1970,1,55-59,1461200,
1970,2,60-64,1512400,
1970,1,60-64,1333100,
1970,2,65-69,1338500,
1970,1,65-69,1054000,
1970,2,70-74,1069700,
1970,1,70-74,671100,
1970,2,75-79,773100,
1970,1,75-79,411700,
1970,2,80-84,505400,
1970,1,80-84,230100,
1970,2,85+,295700,
1970,1,85+,103100,
1971,2,<1,380100,
1971,1,<1,401500,
1971,2,01-04,1543700,
1971,1,01-04,1626100,
1971,2,05-09,1976700,
1971,1,05-09,2079000,
1971,2,10-14,1771800,
1971,1,10-14,1877600,
1971,2,15-19,1632600,
1971,1,15-19,1711200,
1971,2,20-24,1869100,
1971,1,20-24,1903900,
1971,2,25-29,1613900,
1971,1,25-29,1653500,
1971,2,30-34,1421700,
1971,1,30-34,1475100,
1971,2,35-39,1380000,
1971,1,35-39,1424300,
1971,2,40-44,1464600,
1971,1,40-44,1467000,
1971,2,45-49,1576500,
1971,1,45-49,1549900,
1971,2,50-54,1497700,
1971,1,50-54,1427500,
1971,2,55-59,1545400,
1971,1,55-59,1436500,
1971,2,60-64,1516300,
1971,1,60-64,1337000,
1971,2,65-69,1351800,
1971,1,65-69,1075800,
1971,2,70-74,1098400,
1971,1,70-74,702100,
1971,2,75-79,791700,
1971,1,75-79,416100,
1971,2,80-84,497700,
1971,1,80-84,220500,
1971,2,85+,325300,
1971,1,85+,112400,
1972,2,<1,358200,
1972,1,<1,376500,
1972,2,01-04,1519100,
1972,1,01-04,1600500,
1972,2,05-09,1989700,
1972,1,05-09,2097300,
1972,2,10-14,1826600,
1972,1,10-14,1925500,
1972,2,15-19,1646700,
1972,1,15-19,1731900,
1972,2,20-24,1774500,
1972,1,20-24,1811600,
1972,2,25-29,1746600,
1972,1,25-29,1789600,
1972,2,30-34,1425600,
1972,1,30-34,1472200,
1972,2,35-39,1380000,
1972,1,35-39,1426100,
1972,2,40-44,1446300,
1972,1,40-44,1455700,
1972,2,45-49,1533300,
1972,1,45-49,1513400,
1972,2,50-54,1551000,
1972,1,50-54,1482300,
1972,2,55-59,1503600,
1972,1,55-59,1392200,
1972,2,60-64,1510400,
1972,1,60-64,1335800,
1972,2,65-69,1366400,
1972,1,65-69,1091400,
1972,2,70-74,1115600,
1972,1,70-74,730000,
1972,2,75-79,803900,
1972,1,75-79,420300,
1972,2,80-84,506100,
1972,1,80-84,222600,
1972,2,85+,334900,
1972,1,85+,113700,
1973,2,<1,334000,
1973,1,<1,355000,
1973,2,01-04,1485500,
1973,1,01-04,1565000,
1973,2,05-09,1985200,
1973,1,05-09,2092800,
1973,2,10-14,1877800,
1973,1,10-14,1975000,
1973,2,15-19,1669500,
1973,1,15-19,1753100,
1973,2,20-24,1717900,
1973,1,20-24,1761700,
1973,2,25-29,1819500,
1973,1,25-29,1856900,
1973,2,30-34,1455000,
1973,1,30-34,1496600,
1973,2,35-39,1393400,
1973,1,35-39,1441600,
1973,2,40-44,1425200,
1973,1,40-44,1441600,
1973,2,45-49,1503200,
1973,1,45-49,1489700,
1973,2,50-54,1614500,
1973,1,50-54,1548900,
1973,2,55-59,1425100,
1973,1,55-59,1317400,
1973,2,60-64,1506700,
1973,1,60-64,1335000,
1973,2,65-69,1379700,
1973,1,65-69,1107500,
1973,2,70-74,1137000,
1973,1,70-74,761100,
1973,2,75-79,813800,
1973,1,75-79,423400,
1973,2,80-84,510800,
1973,1,80-84,223700,
1973,2,85+,344700,
1973,1,85+,114500,
1974,2,<1,309600,
1974,1,<1,327500,
1974,2,01-04,1428900,
1974,1,01-04,1509500,
1974,2,05-09,1962600,
1974,1,05-09,2065600,
1974,2,10-14,1926200,
1974,1,10-14,2029200,
1974,2,15-19,1697500,
1974,1,15-19,1779500,
1974,2,20-24,1689100,
1974,1,20-24,1740200,
1974,2,25-29,1841100,
1974,1,25-29,1879300,
1974,2,30-34,1489000,
1974,1,30-34,1534300,
1974,2,35-39,1408400,
1974,1,35-39,1457100,
1974,2,40-44,1398400,
1974,1,40-44,1420800,
1974,2,45-49,1476600,
1974,1,45-49,1466400,
1974,2,50-54,1664600,
1974,1,50-54,1602100,
1974,2,55-59,1350800,
1974,1,55-59,1248500,
1974,2,60-64,1503600,
1974,1,60-64,1332300,
1974,2,65-69,1390900,
1974,1,65-69,1122000,
1974,2,70-74,1158900,
1974,1,70-74,789200,
1974,2,75-79,827300,
1974,1,75-79,430400,
1974,2,80-84,516000,
1974,1,80-84,224000,
1974,2,85+,353900,
1974,1,85+,116600,
1975,2,<1,297700,
1975,1,<1,314600,
1975,2,01-04,1365800,
1975,1,01-04,1444500,
1975,2,05-09,1920000,
1975,1,05-09,2022100,
1975,2,10-14,1965700,
1975,1,10-14,2072900,
1975,2,15-19,1745600,
1975,1,15-19,1829500,
1975,2,20-24,1667100,
1975,1,20-24,1721300,
1975,2,25-29,1854100,
1975,1,25-29,1896600,
1975,2,30-34,1524200,
1975,1,30-34,1571400,
1975,2,35-39,1414900,
1975,1,35-39,1462900,
1975,2,40-44,1375200,
1975,1,40-44,1408700,
1975,2,45-49,1459300,
1975,1,45-49,1451900,
1975,2,50-54,1592600,
1975,1,50-54,1541400,
1975,2,55-59,1396300,
1975,1,55-59,1296500,
1975,2,60-64,1498000,
1975,1,60-64,1325500,
1975,2,65-69,1394400,
1975,1,65-69,1132300,
1975,2,70-74,1173300,
1975,1,70-74,809900,
1975,2,75-79,848900,
1975,1,75-79,445600,
1975,2,80-84,524800,
1975,1,80-84,226100,
1975,2,85+,360500,
1975,1,85+,117700,
1976,2,<1,284600,
1976,1,<1,300100,
1976,2,01-04,1284000,
1976,1,01-04,1357600,
1976,2,05-09,1895100,
1976,1,05-09,2000300,
1976,2,10-14,1980800,
1976,1,10-14,2090500,
1976,2,15-19,1799600,
1976,1,15-19,1881500,
1976,2,20-24,1667100,
1976,1,20-24,1728300,
1976,2,25-29,1858900,
1976,1,25-29,1899500,
1976,2,30-34,1588000,
1976,1,30-34,1632300,
1976,2,35-39,1401400,
1976,1,35-39,1443500,
1976,2,40-44,1363200,
1976,1,40-44,1399500,
1976,2,45-49,1441700,
1976,1,45-49,1436900,
1976,2,50-54,1537500,
1976,1,50-54,1496700,
1976,2,55-59,1448300,
1976,1,55-59,1346300,
1976,2,60-64,1473400,
1976,1,60-64,1303500,
1976,2,65-69,1394200,
1976,1,65-69,1135800,
1976,2,70-74,1183000,
1976,1,70-74,827300,
1976,2,75-79,869200,
1976,1,75-79,464800,
1976,2,80-84,533500,
1976,1,80-84,225500,
1976,2,85+,366600,
1976,1,85+,119200,
1977,2,<1,271800,
1977,1,<1,287000,
1977,2,01-04,1211300,
1977,1,01-04,1280800,
1977,2,05-09,1849500,
1977,1,05-09,1951300,
1977,2,10-14,1987700,
1977,1,10-14,2102900,
1977,2,15-19,1852900,
1977,1,15-19,1929500,
1977,2,20-24,1683300,
1977,1,20-24,1749200,
1977,2,25-29,1769300,
1977,1,25-29,1801800,
1977,2,30-34,1721500,
1977,1,30-34,1765400,
1977,2,35-39,1405200,
1977,1,35-39,1441600,
1977,2,40-44,1362500,
1977,1,40-44,1401300,
1977,2,45-49,1424400,
1977,1,45-49,1424300,
1977,2,50-54,1495700,
1977,1,50-54,1460000,
1977,2,55-59,1501000,
1977,1,55-59,1399600,
1977,2,60-64,1431700,
1977,1,60-64,1263700,
1977,2,65-69,1392500,
1977,1,65-69,1138000,
1977,2,70-74,1197400,
1977,1,70-74,843900,
1977,2,75-79,886900,
1977,1,75-79,486400,
1977,2,80-84,544200,
1977,1,80-84,229400,
1977,2,85+,375400,
1977,1,85+,120100,
1978,2,<1,276500,
1978,1,<1,291400,
1978,2,01-04,1153800,
1978,1,01-04,1217400,
1978,2,05-09,1795200,
1978,1,05-09,1895600,
1978,2,10-14,1979000,
1978,1,10-14,2091800,
1978,2,15-19,1902600,
1978,1,15-19,1979800,
1978,2,20-24,1708100,
1978,1,20-24,1769800,
1978,2,25-29,1717800,
1978,1,25-29,1748200,
1978,2,30-34,1792100,
1978,1,30-34,1831900,
1978,2,35-39,1432400,
1978,1,35-39,1464100,
1978,2,40-44,1376400,
1978,1,40-44,1415800,
1978,2,45-49,1405300,
1978,1,45-49,1409500,
1978,2,50-54,1466100,
1978,1,50-54,1435500,
1978,2,55-59,1561100,
1978,1,55-59,1460500,
1978,2,60-64,1356100,
1978,1,60-64,1192900,
1978,2,65-69,1391900,
1978,1,65-69,1140100,
1978,2,70-74,1212100,
1978,1,70-74,859600,
1978,2,75-79,909500,
1978,1,75-79,509000,
1978,2,80-84,554100,
1978,1,80-84,232500,
1978,2,85+,385100,
1978,1,85+,121900,
1979,2,<1,300100,
1979,1,<1,317200,
1979,2,01-04,1124100,
1979,1,01-04,1184900,
1979,2,05-09,1717700,
1979,1,05-09,1818300,
1979,2,10-14,1957200,
1979,1,10-14,2065400,
1979,2,15-19,1952900,
1979,1,15-19,2040800,
1979,2,20-24,1736000,
1979,1,20-24,1798700,
1979,2,25-29,1692700,
1979,1,25-29,1726800,
1979,2,30-34,1821800,
1979,1,30-34,1859100,
1979,2,35-39,1474500,
1979,1,35-39,1509000,
1979,2,40-44,1395700,
1979,1,40-44,1431900,
1979,2,45-49,1381300,
1979,1,45-49,1393700,
1979,2,50-54,1443300,
1979,1,50-54,1416600,
1979,2,55-59,1609300,
1979,1,55-59,1510500,
1979,2,60-64,1286000,
1979,1,60-64,1133100,
1979,2,65-69,1391800,
1979,1,65-69,1141700,
1979,2,70-74,1223500,
1979,1,70-74,874500,
1979,2,75-79,930100,
1979,1,75-79,530700,
1979,2,80-84,565200,
1979,1,80-84,236900,
1979,2,85+,391900,
1979,1,85+,123300,
1980,2,<1,311000,
1980,1,<1,327900,
1980,2,01-04,1127600,
1980,1,01-04,1188900,
1980,2,05-09,1646300,
1980,1,05-09,1740000,
1980,2,10-14,1918700,
1980,1,10-14,2022300,
1980,2,15-19,1996300,
1980,1,15-19,2091000,
1980,2,20-24,1788500,
1980,1,20-24,1845900,
1980,2,25-29,1672900,
1980,1,25-29,1705400,
1980,2,30-34,1842800,
1980,1,30-34,1873400,
1980,2,35-39,1516600,
1980,1,35-39,1549900,
1980,2,40-44,1405200,
1980,1,40-44,1438500,
1980,2,45-49,1363400,
1980,1,45-49,1382000,
1980,2,50-54,1430300,
1980,1,50-54,1404100,
1980,2,55-59,1541300,
1980,1,55-59,1453700,
1980,2,60-64,1331600,
1980,1,60-64,1182100,
1980,2,65-69,1389700,
1980,1,65-69,1139900,
1980,2,70-74,1230100,
1980,1,70-74,888500,
1980,2,75-79,947100,
1980,1,75-79,548900,
1980,2,80-84,585100,
1980,1,80-84,246500,
1980,2,85+,403000,
1980,1,85+,126600,
1981,2,<1,309600,
1981,1,<1,324400,
1981,2,01-04,1153900,
1981,1,01-04,1217600,
1981,2,05-09,1554300,
1981,1,05-09,1642000,
1981,2,10-14,1892100,
1981,1,10-14,1996600,
1981,2,15-19,2015400,
1981,1,15-19,2114400,
1981,2,20-24,1847300,
1981,1,20-24,1896400,
1981,2,25-29,1671400,
1981,1,25-29,1700100,
1981,2,30-34,1845800,
1981,1,30-34,1869000,
1981,2,35-39,1579400,
1981,1,35-39,1605900,
1981,2,40-44,1392700,
1981,1,40-44,1418000,
1981,2,45-49,1352700,
1981,1,45-49,1370000,
1981,2,50-54,1415200,
1981,1,50-54,1393800,
1981,2,55-59,1486800,
1981,1,55-59,1414500,
1981,2,60-64,1379900,
1981,1,60-64,1226800,
1981,2,65-69,1365500,
1981,1,65-69,1124400,
1981,2,70-74,1233800,
1981,1,70-74,895400,
1981,2,75-79,959300,
1981,1,75-79,564700,
1981,2,80-84,604500,
1981,1,80-84,260100,
1981,2,85+,414600,
1981,1,85+,126000,
1982,2,<1,302100,
1982,2,01-04,1189500,
1982,2,05-09,1474000,
1982,2,10-14,1844500,
1982,2,15-19,2020700,
1982,2,20-24,1893300,
1982,2,25-29,1677400,
1982,2,30-34,1748400,
1982,2,35-39,1711000,
1982,2,40-44,1394700,
1982,2,45-49,1351400,
1982,2,50-54,1399600,
1982,2,55-59,1446100,
1982,2,60-64,1429800,
1982,2,65-69,1323400,
1982,2,70-74,1233000,
1982,2,75-79,972400,
1982,2,80-84,623500,
1982,2,85+,427600,
1983,2,<1,303600,
1983,2,01-04,1215600,
1983,2,05-09,1421200,
1983,2,10-14,1787900,
1983,2,15-19,2008900,
1983,2,20-24,1946300,
1983,2,25-29,1694600,
1983,2,30-34,1692700,
1983,2,35-39,1784000,
1983,2,40-44,1419300,
1983,2,45-49,1364300,
1983,2,50-54,1380500,
1983,2,55-59,1419200,
1983,2,60-64,1487700,
1983,2,65-69,1252800,
1983,2,70-74,1232700,
1983,2,75-79,987900,
1983,2,80-84,644200,
1983,2,85+,440300,
1984,2,<1,303800,
1984,2,01-04,1222500,
1984,2,05-09,1417500,
1984,2,10-14,1712700,
1984,2,15-19,1976300,
1984,2,20-24,2001800,
1984,2,25-29,1730700,
1984,2,30-34,1667400,
1984,2,35-39,1816900,
1984,2,40-44,1459300,
1984,2,45-49,1381900,
1984,2,50-54,1358100,
1984,2,55-59,1399500,
1984,2,60-64,1533700,
1984,2,65-69,1190000,
1984,2,70-74,1233600,
1984,2,75-79,1002400,
1984,2,80-84,663700,
1984,2,85+,456600,
1985,2,<1,316500,
1985,2,01-04,1218400,
1985,2,05-09,1438700,
1985,2,10-14,1645600,
1985,2,15-19,1934600,
1985,2,20-24,2049300,
1985,2,25-29,1785500,
1985,2,30-34,1651500,
1985,2,35-39,1841500,
1985,2,40-44,1503400,
1985,2,45-49,1390000,
1985,2,50-54,1340100,
1985,2,55-59,1388700,
1985,2,60-64,1469800,
1985,2,65-69,1236000,
1985,2,70-74,1231700,
1985,2,75-79,1009800,
1985,2,80-84,678900,
1985,2,85+,476400,
1986,2,<1,318800,
1986,2,01-04,1230900,
1986,2,05-09,1470100,
1986,2,10-14,1562300,
1986,2,15-19,1906000,
1986,2,20-24,2071900,
1986,2,25-29,1849700,
1986,2,30-34,1659600,
1986,2,35-39,1848900,
1986,2,40-44,1568700,
1986,2,45-49,1376600,
1986,2,50-54,1329400,
1986,2,55-59,1376700,
1986,2,60-64,1422200,
1986,2,65-69,1283500,
1986,2,70-74,1214400,
1986,2,75-79,1013500,
1986,2,80-84,690700,
1986,2,85+,493800,
1987,2,<1,324400,
1987,2,01-04,1247100,
1987,2,05-09,1506500,
1987,2,10-14,1487700,
1987,2,15-19,1861300,
1987,2,20-24,2071400,
1987,2,25-29,1909600,
1987,2,30-34,1682300,
1987,2,35-39,1759700,
1987,2,40-44,1703900,
1987,2,45-49,1380900,
1987,2,50-54,1328800,
1987,2,55-59,1361900,
1987,2,60-64,1384400,
1987,2,65-69,1332000,
1987,2,70-74,1177800,
1987,2,75-79,1015600,
1987,2,80-84,703500,
1987,2,85+,513500,
1988,2,<1,334600,
1988,2,01-04,1266800,
1988,2,05-09,1538000,
1988,2,10-14,1438400,
1988,2,15-19,1805700,
1988,2,20-24,2048800,
1988,2,25-29,1962800,
1988,2,30-34,1710800,
1988,2,35-39,1708500,
1988,2,40-44,1779300,
1988,2,45-49,1406900,
1988,2,50-54,1342500,
1988,2,55-59,1343900,
1988,2,60-64,1358800,
1988,2,65-69,1387200,
1988,2,70-74,1117500,
1988,2,75-79,1018200,
1988,2,80-84,717800,
1988,2,85+,533600,
1989,2,<1,332000,
1989,2,01-04,1297800,
1989,2,05-09,1545300,
1989,2,10-14,1434700,
1989,2,15-19,1733700,
1989,2,20-24,2019500,
1989,2,25-29,2016400,
1989,2,30-34,1746700,
1989,2,35-39,1682800,
1989,2,40-44,1812800,
1989,2,45-49,1448500,
1989,2,50-54,1360200,
1989,2,55-59,1322900,
1989,2,60-64,1340200,
1989,2,65-69,1430300,
1989,2,70-74,1062300,
1989,2,75-79,1023800,
1989,2,80-84,732300,
1989,2,85+,556100,
1990,2,<1,334600,
1990,2,01-04,1311400,
1990,2,05-09,1553200,
1990,2,10-14,1454800,
1990,2,15-19,1666100,
1990,2,20-24,1971500,
1990,2,25-29,2059700,
1990,2,30-34,1798900,
1990,2,35-39,1666900,
1990,2,40-44,1835900,
1990,2,45-49,1493100,
1990,2,50-54,1367900,
1990,2,55-59,1304200,
1990,2,60-64,1329800,
1990,2,65-69,1370300,
1990,2,70-74,1107600,
1990,2,75-79,1025200,
1990,2,80-84,739400,
1990,2,85+,573400,
1991,2,<1,342400,
1991,2,01-04,1327600,
1991,2,05-09,1565600,
1991,2,10-14,1484700,
1991,2,15-19,1586500,
1991,2,20-24,1940600,
1991,2,25-29,2083300,
1991,2,30-34,1859300,
1991,2,35-39,1672800,
1991,2,40-44,1844500,
1991,2,45-49,1559200,
1991,2,50-54,1355300,
1991,2,55-59,1293400,
1991,2,60-64,1319400,
1991,2,65-69,1326500,
1991,2,70-74,1152600,
1991,2,75-79,1014800,
1991,2,80-84,745800,
1991,2,85+,592500,
1992,2,<1,338100,
1992,2,01-04,1343200,
1992,2,05-09,1584200,
1992,2,10-14,1518100,
1992,2,15-19,1510200,
1992,2,20-24,1895500,
1992,2,25-29,2082800,
1992,2,30-34,1910200,
1992,2,35-39,1694700,
1992,2,40-44,1755000,
1992,2,45-49,1693800,
1992,2,50-54,1362500,
1992,2,55-59,1296300,
1992,2,60-64,1305800,
1992,2,65-69,1293500,
1992,2,70-74,1195900,
1992,2,75-79,986700,
1992,2,80-84,751400,
1992,2,85+,614100,
1982,1,<1,317700,
1982,1,01-04,1252200,
1982,1,05-09,1556900,
1982,1,10-14,1941800,
1982,1,15-19,2127800,
1982,1,20-24,1926800,
1982,1,25-29,1700100,
1982,1,30-34,1763500,
1982,1,35-39,1731500,
1982,1,40-44,1418700,
1982,1,45-49,1369500,
1982,1,50-54,1382200,
1982,1,55-59,1383100,
1982,1,60-64,1277700,
1982,1,65-69,1090000,
1982,1,70-74,899700,
1982,1,75-79,578000,
1982,1,80-84,274200,
1982,1,85+,128300,
1983,1,<1,319100,
1983,1,01-04,1278100,
1983,1,05-09,1499900,
1983,1,10-14,1882500,
1983,1,15-19,2111900,
1983,1,20-24,1976000,
1983,1,25-29,1718100,
1983,1,30-34,1710600,
1983,1,35-39,1796000,
1983,1,40-44,1443200,
1983,1,45-49,1383300,
1983,1,50-54,1367500,
1983,1,55-59,1363800,
1983,1,60-64,1335900,
1983,1,65-69,1030800,
1983,1,70-74,903800,
1983,1,75-79,592100,
1983,1,80-84,289400,
1983,1,85+,131100,
1984,1,<1,318400,
1984,1,01-04,1283800,
1984,1,05-09,1495600,
1984,1,10-14,1804000,
1984,1,15-19,2063600,
1984,1,20-24,2043300,
1984,1,25-29,1757300,
1984,1,30-34,1689300,
1984,1,35-39,1827000,
1984,1,40-44,1484900,
1984,1,45-49,1399000,
1984,1,50-54,1351100,
1984,1,55-59,1348400,
1984,1,60-64,1382800,
1984,1,65-69,981700,
1984,1,70-74,908600,
1984,1,75-79,605900,
1984,1,80-84,304600,
1984,1,85+,135400,
1985,1,<1,332000,
1985,1,01-04,1278300,
1985,1,05-09,1516400,
1985,1,10-14,1732400,
1985,1,15-19,2016400,
1985,1,20-24,2088700,
1985,1,25-29,1808200,
1985,1,30-34,1675800,
1985,1,35-39,1845100,
1985,1,40-44,1526500,
1985,1,45-49,1405700,
1985,1,50-54,1341600,
1985,1,55-59,1338600,
1985,1,60-64,1334400,
1985,1,65-69,1028200,
1985,1,70-74,909700,
1985,1,75-79,617300,
1985,1,80-84,316700,
1985,1,85+,142300,
1986,1,<1,335500,
1986,1,01-04,1291700,
1986,1,05-09,1547000,
1986,1,10-14,1646900,
1986,1,15-19,1983500,
1986,1,20-24,2099200,
1986,1,25-29,1863500,
1986,1,30-34,1678800,
1986,1,35-39,1849500,
1986,1,40-44,1588600,
1986,1,45-49,1390600,
1986,1,50-54,1334000,
1986,1,55-59,1328400,
1986,1,60-64,1302500,
1986,1,65-69,1071500,
1986,1,70-74,900300,
1986,1,75-79,624100,
1986,1,80-84,326400,
1986,1,85+,149400,
1987,1,<1,339200,
1987,1,01-04,1308400,
1987,1,05-09,1583000,
1987,1,10-14,1567500,
1987,1,15-19,1937500,
1987,1,20-24,2101400,
1987,1,25-29,1918500,
1987,1,30-34,1696700,
1987,1,35-39,1755200,
1987,1,40-44,1720800,
1987,1,45-49,1393100,
1987,1,50-54,1333800,
1987,1,55-59,1318300,
1987,1,60-64,1273900,
1987,1,65-69,1119600,
1987,1,70-74,873600,
1987,1,75-79,633700,
1987,1,80-84,337900,
1987,1,85+,158500,
1988,1,<1,350000,
1988,1,01-04,1327000,
1988,1,05-09,1613900,
1988,1,10-14,1513600,
1988,1,15-19,1883800,
1988,1,20-24,2078900,
1988,1,25-29,1968600,
1988,1,30-34,1717600,
1988,1,35-39,1703200,
1988,1,40-44,1788300,
1988,1,45-49,1418300,
1988,1,50-54,1348200,
1988,1,55-59,1306000,
1988,1,60-64,1258500,
1988,1,65-69,1171500,
1988,1,70-74,827600,
1988,1,75-79,641900,
1988,1,80-84,349100,
1988,1,85+,167500,
1989,1,<1,346700,
1989,1,01-04,1358400,
1989,1,05-09,1618800,
1989,1,10-14,1509600,
1989,1,15-19,1810300,
1989,1,20-24,2044600,
1989,1,25-29,2020900,
1989,1,30-34,1748700,
1989,1,35-39,1678300,
1989,1,40-44,1816000,
1989,1,45-49,1460100,
1989,1,50-54,1364000,
1989,1,55-59,1293600,
1989,1,60-64,1247100,
1989,1,65-69,1213600,
1989,1,70-74,790900,
1989,1,75-79,650600,
1989,1,80-84,360500,
1989,1,85+,176800,
1990,1,<1,349300,
1990,1,01-04,1370900,
1990,1,05-09,1626100,
1990,1,10-14,1529100,
1990,1,15-19,1745600,
1990,1,20-24,2006200,
1990,1,25-29,2064300,
1990,1,30-34,1793200,
1990,1,35-39,1663200,
1990,1,40-44,1833800,
1990,1,45-49,1501000,
1990,1,50-54,1370400,
1990,1,55-59,1285900,
1990,1,60-64,1240600,
1990,1,65-69,1173200,
1990,1,70-74,836800,
1990,1,75-79,654800,
1990,1,80-84,368600,
1990,1,85+,183800,
1991,1,<1,355700,
1991,1,01-04,1385400,
1991,1,05-09,1640000,
1991,1,10-14,1557600,
1991,1,15-19,1667200,
1991,1,20-24,1970800,
1991,1,25-29,2070800,
1991,1,30-34,1848800,
1991,1,35-39,1665200,
1991,1,40-44,1839300,
1991,1,45-49,1562900,
1991,1,50-54,1356300,
1991,1,55-59,1279700,
1991,1,60-64,1233800,
1991,1,65-69,1148900,
1991,1,70-74,878500,
1991,1,75-79,652800,
1991,1,80-84,376600,
1991,1,85+,191300,
1992,1,<1,355400,
1992,1,01-04,1399400,
1992,1,05-09,1656000,
1992,1,10-14,1583000,
1992,1,15-19,1569800,
1992,1,20-24,1920900,
1992,1,25-29,2071200,
1992,1,30-34,1899700,
1992,1,35-39,1682900,
1992,1,40-44,1743300,
1992,1,45-49,1695200,
1992,1,50-54,1360900,
1992,1,55-59,1282500,
1992,1,60-64,1227900,
1992,1,65-69,1129000,
1992,1,70-74,920400,
1992,1,75-79,637800,
1992,1,80-84,385300,
1992,1,85+,201600,
1993,2,<1,325800,
1993,2,01-04,1343600,
1993,2,05-09,1611900,
1993,2,10-14,1549400,
1993,2,15-19,1458900,
1993,2,20-24,1842600,
1993,2,25-29,2062900,
1993,2,30-34,1956200,
1993,2,35-39,1723700,
1993,2,40-44,1704600,
1993,2,45-49,1768900,
1993,2,50-54,1390800,
1993,2,55-59,1312300,
1993,2,60-64,1291200,
1993,2,65-69,1271000,
1993,2,70-74,1247300,
1993,2,75-79,935900,
1993,2,80-84,756900,
1993,2,85+,639400,
1993,1,<1,342600,
1993,1,01-04,1402700,
1993,1,05-09,1685800,
1993,1,10-14,1619400,
1993,1,15-19,1513600,
1993,1,20-24,1874600,
1993,1,25-29,2051400,
1993,1,30-34,1940300,
1993,1,35-39,1706100,
1993,1,40-44,1690200,
1993,1,45-49,1762700,
1993,1,50-54,1386300,
1993,1,55-59,1299300,
1993,1,60-64,1219100,
1993,1,65-69,1117500,
1993,1,70-74,965400,
1993,1,75-79,606200,
1993,1,80-84,395100,
1993,1,85+,214500,
1994,2,<1,325100,
1994,2,01-04,1336800,
1994,2,05-09,1636000,
1994,2,10-14,1555800,
1994,2,15-19,1454100,
1994,2,20-24,1774300,
1994,2,25-29,2041300,
1994,2,30-34,2008000,
1994,2,35-39,1760000,
1994,2,40-44,1683300,
1994,2,45-49,1802500,
1994,2,50-54,1432700,
1994,2,55-59,1332000,
1994,2,60-64,1273200,
1994,2,65-69,1255700,
1994,2,70-74,1282900,
1994,2,75-79,892700,
1994,2,80-84,762900,
1994,2,85+,654000,
1994,1,<1,343000,
1994,1,01-04,1398300,
1994,1,05-09,1710700,
1994,1,10-14,1624300,
1994,1,15-19,1503200,
1994,1,20-24,1801300,
1994,1,25-29,2024000,
1994,1,30-34,1985600,
1994,1,35-39,1736000,
1994,1,40-44,1665400,
1994,1,45-49,1791800,
1994,1,50-54,1426900,
1994,1,55-59,1316700,
1994,1,60-64,1210400,
1994,1,65-69,1109800,
1994,1,70-74,998700,
1994,1,75-79,582700,
1994,1,80-84,401900,
1994,1,85+,222300,
1995,2,<1,315600,
1995,2,01-04,1327300,
1995,2,05-09,1650100,
1995,2,10-14,1562600,
1995,2,15-19,1473800,
1995,2,20-24,1712000,
1995,2,25-29,2004900,
1995,2,30-34,2051000,
1995,2,35-39,1802500,
1995,2,40-44,1667700,
1995,2,45-49,1821800,
1995,2,50-54,1479200,
1995,2,55-59,1341800,
1995,2,60-64,1258900,
1995,2,65-69,1247900,
1995,2,70-74,1235300,
1995,2,75-79,933200,
1995,2,80-84,767800,
1995,2,85+,672200,
1995,1,<1,332100,
1995,1,01-04,1392200,
1995,1,05-09,1724700,
1995,1,10-14,1633400,
1995,1,15-19,1518800,
1995,1,20-24,1737300,
1995,1,25-29,1994300,
1995,1,30-34,2027900,
1995,1,35-39,1781900,
1995,1,40-44,1650800,
1995,1,45-49,1808500,
1995,1,50-54,1471100,
1995,1,55-59,1324300,
1995,1,60-64,1206700,
1995,1,65-69,1107100,
1995,1,70-74,971300,
1995,1,75-79,623000,
1995,1,80-84,407900,
1995,1,85+,233100,
1996,2,<1,309800,
1996,2,01-04,1300300,
1996,2,05-09,1671000,
1996,2,10-14,1571600,
1996,2,15-19,1501400,
1996,2,20-24,1633000,
1996,2,25-29,1979700,
1996,2,30-34,2075800,
1996,2,35-39,1853900,
1996,2,40-44,1673800,
1996,2,45-49,1825400,
1996,2,50-54,1544400,
1996,2,55-59,1333900,
1996,2,60-64,1252200,
1996,2,65-69,1240200,
1996,2,70-74,1196500,
1996,2,75-79,975400,
1996,2,80-84,758600,
1996,2,85+,683700,
1996,1,<1,326800,
1996,1,01-04,1367900,
1996,1,05-09,1747300,
1996,1,10-14,1645900,
1996,1,15-19,1543600,
1996,1,20-24,1658300,
1996,1,25-29,1969900,
1996,1,30-34,2050200,
1996,1,35-39,1833700,
1996,1,40-44,1655400,
1996,1,45-49,1809800,
1996,1,50-54,1534200,
1996,1,55-59,1314800,
1996,1,60-64,1205000,
1996,1,65-69,1105600,
1996,1,70-74,953600,
1996,1,75-79,659900,
1996,1,80-84,407300,
1996,1,85+,240500,
1997,2,<1,316300,
1997,2,01-04,1273000,
1997,2,05-09,1680400,
1997,2,10-14,1590900,
1997,2,15-19,1534300,
1997,2,20-24,1560600,
1997,2,25-29,1945200,
1997,2,30-34,2087900,
1997,2,35-39,1903400,
1997,2,40-44,1695600,
1997,2,45-49,1744400,
1997,2,50-54,1672600,
1997,2,55-59,1340100,
1997,2,60-64,1256600,
1997,2,65-69,1230300,
1997,2,70-74,1168600,
1997,2,75-79,1015000,
1997,2,80-84,736900,
1997,2,85+,694300,
1997,1,<1,332900,
1997,1,01-04,1340500,
1997,1,05-09,1760200,
1997,1,10-14,1666600,
1997,1,15-19,1576700,
1997,1,20-24,1580200,
1997,1,25-29,1931900,
1997,1,30-34,2063500,
1997,1,35-39,1879900,
1997,1,40-44,1675700,
1997,1,45-49,1723400,
1997,1,50-54,1659900,
1997,1,55-59,1317800,
1997,1,60-64,1212500,
1997,1,65-69,1104400,
1997,1,70-74,942800,
1997,1,75-79,695100,
1997,1,80-84,399900,
1997,1,85+,249300,
1998,2,<1,308000,
1998,2,01-04,1263600,
1998,2,05-09,1670700,
1998,2,10-14,1618800,
1998,2,15-19,1560700,
1998,2,20-24,1516700,
1998,2,25-29,1902300,
1998,2,30-34,2080700,
1998,2,35-39,1951900,
1998,2,40-44,1725000,
1998,2,45-49,1693200,
1998,2,50-54,1747000,
1998,2,55-59,1367500,
1998,2,60-64,1272400,
1998,2,65-69,1220500,
1998,2,70-74,1149600,
1998,2,75-79,1059700,
1998,2,80-84,699900,
1998,2,85+,711200,
1998,1,<1,323400,
1998,1,01-04,1330600,
1998,1,05-09,1752200,
1998,1,10-14,1698700,
1998,1,15-19,1604200,
1998,1,20-24,1530300,
1998,1,25-29,1886600,
1998,1,30-34,2055700,
1998,1,35-39,1924200,
1998,1,40-44,1703200,
1998,1,45-49,1671400,
1998,1,50-54,1729000,
1998,1,55-59,1343500,
1998,1,60-64,1230500,
1998,1,65-69,1102600,
1998,1,70-74,938600,
1998,1,75-79,732400,
1998,1,80-84,383100,
1998,1,85+,260500,
1999,2,<1,304500,
1999,2,01-04,1251100,
1999,2,05-09,1663600,
1999,2,10-14,1644400,
1999,2,15-19,1566600,
1999,2,20-24,1516900,
1999,2,25-29,1850900,
1999,2,30-34,2069200,
1999,2,35-39,2004000,
1999,2,40-44,1759100,
1999,2,45-49,1673900,
1999,2,50-54,1781900,
1999,2,55-59,1407000,
1999,2,60-64,1292100,
1999,2,65-69,1206700,
1999,2,70-74,1138000,
1999,2,75-79,1084100,
1999,2,80-84,675000,
1999,2,85+,721100,
1999,1,<1,320600,
1999,1,01-04,1315100,
1999,1,05-09,1747100,
1999,1,10-14,1724100,
1999,1,15-19,1614500,
1999,1,20-24,1530000,
1999,1,25-29,1836100,
1999,1,30-34,2044200,
1999,1,35-39,1974000,
1999,1,40-44,1737400,
1999,1,45-49,1649700,
1999,1,50-54,1760500,
1999,1,55-59,1383000,
1999,1,60-64,1249900,
1999,1,65-69,1098800,
1999,1,70-74,937500,
1999,1,75-79,755400,
1999,1,80-84,376300,
1999,1,85+,269300,
2000,2,<1,296000,
2000,2,01-04,1241300,
2000,2,05-09,1639700,
2000,2,10-14,1655800,
2000,2,15-19,1562700,
2000,2,20-24,1540000,
2000,2,25-29,1809900,
2000,2,30-34,2049300,
2000,2,35-39,2053700,
2000,2,40-44,1805200,
2000,2,45-49,1664600,
2000,2,50-54,1803400,
2000,2,55-59,1454500,
2000,2,60-64,1304400,
2000,2,65-69,1198100,
2000,2,70-74,1134000,
2000,2,75-79,1049800,
2000,2,80-84,708500,
2000,2,85+,731000,
2000,1,<1,310700,
2000,1,01-04,1302600,
2000,1,05-09,1725300,
2000,1,10-14,1736600,
2000,1,15-19,1624100,
2000,1,20-24,1547800,
2000,1,25-29,1795600,
2000,1,30-34,2027100,
2000,1,35-39,2019100,
2000,1,40-44,1782700,
2000,1,45-49,1636900,
2000,1,50-54,1775900,
2000,1,55-59,1428700,
2000,1,60-64,1259200,
2000,1,65-69,1099700,
2000,1,70-74,940500,
2000,1,75-79,740900,
2000,1,80-84,407600,
2000,1,85+,277000,
2001,1,,300956,<1
2001,1,,1281489,01-04
2001,1,,1693702,05-09
2001,1,,1759516,10-14
2001,1,,1652119,15-19
2001,1,,1579211,20-24
2001,1,,1741892,25-29
2001,1,,2016085,30-34
2001,1,,2049687,35-39
2001,1,,1831198,40-44
2001,1,,1643894,45-49
2001,1,,1770895,50-54
2001,1,,1491994,55-59
2001,1,,1251730,60-64
2001,1,,1104859,65-69
2001,1,,946760,70-74
2001,1,,734052,75-79
2001,1,,441267,80-84
2001,1,,282952,85+
2001,2,,288138,<1
2001,2,,1220420,01-04
2001,2,,1612265,05-09
2001,2,,1674885,10-14
2001,2,,1578418,15-19
2001,2,,1577685,20-24
2001,2,,1744662,25-29
2001,2,,2033424,30-34
2001,2,,2081985,35-39
2001,2,,1853349,40-44
2001,2,,1670133,45-49
2001,2,,1801328,50-54
2001,2,,1520020,55-59
2001,2,,1297331,60-64
2001,2,,1194005,65-69
2001,2,,1131760,70-74
2001,2,,1020415,75-79
2001,2,,750954,80-84
2001,2,,734543,85+
2002,1,,301650,<1
2002,1,,1255034,01-04
2002,1,,1680905,05-09
2002,1,,1767576,10-14
2002,1,,1690289,15-19
2002,1,,1612791,20-24
2002,1,,1689640,25-29
2002,1,,1984580,30-34
2002,1,,2074276,35-39
2002,1,,1886514,40-44
2002,1,,1657606,45-49
2002,1,,1693608,50-54
2002,1,,1610429,55-59
2002,1,,1252983,60-64
2002,1,,1114962,65-69
2002,1,,950889,70-74
2002,1,,731492,75-79
2002,1,,468101,80-84
2002,1,,284793,85+
2002,2,,287641,<1
2002,2,,1200003,01-04
2002,2,,1598436,05-09
2002,2,,1687343,10-14
2002,2,,1603116,15-19
2002,2,,1617800,20-24
2002,2,,1681071,25-29
2002,2,,2010113,30-34
2002,2,,2103784,35-39
2002,2,,1905417,40-44
2002,2,,1688650,45-49
2002,2,,1727163,50-54
2002,2,,1642471,55-59
2002,2,,1301110,60-64
2002,2,,1199489,65-69
2002,2,,1126589,70-74
2002,2,,999040,75-79
2002,2,,785711,80-84
2002,2,,729078,85+
2003,1,,311829,<1
2003,1,,1238689,01-04
2003,1,,1671117,05-09
2003,1,,1763442,10-14
2003,1,,1723399,15-19
2003,1,,1652211,20-24
2003,1,,1653519,25-29
2003,1,,1950825,30-34
2003,1,,2080007,35-39
2003,1,,1930886,40-44
2003,1,,1691636,45-49
2003,1,,1641392,50-54
2003,1,,1676988,55-59
2003,1,,1276778,60-64
2003,1,,1130897,65-69
2003,1,,953520,70-74
2003,1,,732440,75-79
2003,1,,493128,80-84
2003,1,,281406,85+
2003,2,,295008,<1
2003,2,,1182037,01-04
2003,2,,1591024,05-09
2003,2,,1683264,10-14
2003,2,,1645700,15-19
2003,2,,1654080,20-24
2003,2,,1647056,25-29
2003,2,,1974793,30-34
2003,2,,2100222,35-39
2003,2,,1955037,40-44
2003,2,,1718698,45-49
2003,2,,1672665,50-54
2003,2,,1711018,55-59
2003,2,,1328312,60-64
2003,2,,1214210,65-69
2003,2,,1121628,70-74
2003,2,,984614,75-79
2003,2,,819313,80-84
2003,2,,710450,85+
2004,1,,322654,<1
2004,1,,1234162,01-04
2004,1,,1658760,05-09
2004,1,,1759210,10-14
2004,1,,1738289,15-19
2004,1,,1706276,20-24
2004,1,,1653628,25-29
2004,1,,1903966,30-34
2004,1,,2066491,35-39
2004,1,,1973297,40-44
2004,1,,1728566,45-49
2004,1,,1615539,50-54
2004,1,,1705459,55-59
2004,1,,1313418,60-64
2004,1,,1146939,65-69
2004,1,,953538,70-74
2004,1,,737648,75-79
2004,1,,505728,80-84
2004,1,,288547,85+
2004,2,,306222,<1
2004,2,,1172289,01-04
2004,2,,1580414,05-09
2004,2,,1675080,10-14
2004,2,,1675943,15-19
2004,2,,1687160,20-24
2004,2,,1658153,25-29
2004,2,,1919327,30-34
2004,2,,2093969,35-39
2004,2,,2007179,40-44
2004,2,,1749197,45-49
2004,2,,1648952,50-54
2004,2,,1741580,55-59
2004,2,,1364646,60-64
2004,2,,1231538,65-69
2004,2,,1110969,70-74
2004,2,,977898,75-79
2004,2,,831782,80-84
2004,2,,707609,85+
2005,1,,327191,<1
2005,1,,1244157,01-04
2005,1,,1642317,05-09
2005,1,,1747300,10-14
2005,1,,1745816,15-19
2005,1,,1750579,20-24
2005,1,,1699542,25-29
2005,1,,1867014,30-34
2005,1,,2053114,35-39
2005,1,,2023842,40-44
2005,1,,1773871,45-49
2005,1,,1606897,50-54
2005,1,,1720625,55-59
2005,1,,1355976,60-64
2005,1,,1155027,65-69
2005,1,,959150,70-74
2005,1,,746893,75-79
2005,1,,503666,80-84
2005,1,,311421,85+
2005,2,,312113,<1
2005,2,,1183806,01-04
2005,2,,1564877,05-09
2005,2,,1662893,10-14
2005,2,,1698972,15-19
2005,2,,1733001,20-24
2005,2,,1712479,25-29
2005,2,,1883350,30-34
2005,2,,2070992,35-39
2005,2,,2056890,40-44
2005,2,,1792971,45-49
2005,2,,1634915,50-54
2005,2,,1757056,55-59
2005,2,,1405026,60-64
2005,2,,1239979,65-69
2005,2,,1104053,70-74
2005,2,,977962,75-79
2005,2,,812003,80-84
2005,2,,737607,85+
2006,1,,335606,<1
2006,1,,1264042,01-04
2006,1,,1616910,05-09
2006,1,,1726272,10-14
2006,1,,1777657,15-19
2006,1,,1776246,20-24
2006,1,,1751156,25-29
2006,1,,1814098,30-34
2006,1,,2037530,35-39
2006,1,,2050282,40-44
2006,1,,1826409,45-49
2006,1,,1612264,50-54
2006,1,,1720840,55-59
2006,1,,1415196,60-64
2006,1,,1145474,65-69
2006,1,,965905,70-74
2006,1,,758033,75-79
2006,1,,505251,80-84
2006,1,,334179,85+
2006,2,,320619,<1
2006,2,,1203667,01-04
2006,2,,1543657,05-09
2006,2,,1645593,10-14
2006,2,,1712646,15-19
2006,2,,1772676,20-24
2006,2,,1762909,25-29
2006,2,,1831721,30-34
2006,2,,2059965,35-39
2006,2,,2086487,40-44
2006,2,,1842383,45-49
2006,2,,1641900,50-54
2006,2,,1759836,55-59
2006,2,,1463864,60-64
2006,2,,1226827,65-69
2006,2,,1099751,70-74
2006,2,,979413,75-79
2006,2,,791950,80-84
2006,2,,771640,85+
2007,1,,346762,<1
2007,1,,1299415,01-04
2007,1,,1588723,05-09
2007,1,,1718566,10-14
2007,1,,1802018,15-19
2007,1,,1816450,20-24
2007,1,,1810890,25-29
2007,1,,1765111,30-34
2007,1,,2018340,35-39
2007,1,,2069326,40-44
2007,1,,1868913,45-49
2007,1,,1634654,50-54
2007,1,,1638458,55-59
2007,1,,1529207,60-64
2007,1,,1149698,65-69
2007,1,,979298,70-74
2007,1,,769223,75-79
2007,1,,510181,80-84
2007,1,,353835,85+
2007,2,,329804,<1
2007,2,,1237512,01-04
2007,2,,1517300,05-09
2007,2,,1636997,10-14
2007,2,,1732216,15-19
2007,2,,1801211,20-24
2007,2,,1824599,25-29
2007,2,,1773284,30-34
2007,2,,2040482,35-39
2007,2,,2108503,40-44
2007,2,,1895002,45-49
2007,2,,1662493,50-54
2007,2,,1682239,55-59
2007,2,,1583875,60-64
2007,2,,1230171,65-69
2007,2,,1105002,70-74
2007,2,,979899,75-79
2007,2,,779876,80-84
2007,2,,797859,85+
2008,1,,360134,<1
2008,1,,1334947,01-04
2008,1,,1575269,05-09
2008,1,,1708277,10-14
2008,1,,1803258,15-19
2008,1,,1833613,20-24
2008,1,,1874138,25-29
2008,1,,1748489,30-34
2008,1,,1987845,35-39
2008,1,,2071340,40-44
2008,1,,1914021,45-49
2008,1,,1670447,50-54
2008,1,,1591538,55-59
2008,1,,1597911,60-64
2008,1,,1177348,65-69
2008,1,,1000833,70-74
2008,1,,778556,75-79
2008,1,,517782,80-84
2008,1,,368575,85+
2008,2,,343308,<1
2008,2,,1273663,01-04
2008,2,,1501729,05-09
2008,2,,1628251,10-14
2008,2,,1735770,15-19
2008,2,,1834139,20-24
2008,2,,1872687,25-29
2008,2,,1752312,30-34
2008,2,,2009443,35-39
2008,2,,2103259,40-44
2008,2,,1947236,45-49
2008,2,,1693896,50-54
2008,2,,1631800,55-59
2008,2,,1654618,60-64
2008,2,,1258025,65-69
2008,2,,1121457,70-74
2008,2,,979088,75-79
2008,2,,773078,80-84
2008,2,,813640,85+
2009,1,,357124,<1
2009,1,,1373959,01-04
2009,1,,1574289,05-09
2009,1,,1696803,10-14
2009,1,,1813550,15-19
2009,1,,1830096,20-24
2009,1,,1885847,25-29
2009,1,,1773266,30-34
2009,1,,1939981,35-39
2009,1,,2068041,40-44
2009,1,,1962862,45-49
2009,1,,1707527,50-54
2009,1,,1574086,55-59
2009,1,,1627568,60-64
2009,1,,1219590,65-69
2009,1,,1021457,70-74
2009,1,,785937,75-79
2009,1,,527705,80-84
2009,1,,381992,85+
2009,2,,340700,<1
2009,2,,1312678,01-04
2009,2,,1500292,05-09
2009,2,,1614777,10-14
2009,2,,1743570,15-19
2009,2,,1840515,20-24
2009,2,,1895208,25-29
2009,2,,1762041,30-34
2009,2,,1966383,35-39
2009,2,,2097761,40-44
2009,2,,1999599,45-49
2009,2,,1728088,50-54
2009,2,,1614830,55-59
2009,2,,1685928,60-64
2009,2,,1298176,65-69
2009,2,,1139438,70-74
2009,2,,974907,75-79
2009,2,,772802,80-84
2009,2,,825880,85+
2010,1,,362310,<1
2010,1,,1406707,01-04
2010,1,,1583910,05-09
2010,1,,1685454,10-14
2010,1,,1811376,15-19
2010,1,,1869295,20-24
2010,1,,1895978,25-29
2010,1,,1807043,30-34
2010,1,,1898952,35-39
2010,1,,2041502,40-44
2010,1,,2009125,45-49
2010,1,,1750835,50-54
2010,1,,1566196,55-59
2010,1,,1647736,60-64
2010,1,,1265030,65-69
2010,1,,1033307,70-74
2010,1,,798152,75-79
2010,1,,542321,80-84
2010,1,,397508,85+
2010,2,,345180,<1
2010,2,,1341850,01-04
2010,2,,1512699,05-09
2010,2,,1603732,10-14
2010,2,,1732304,15-19
2010,2,,1853376,20-24
2010,2,,1913018,25-29
2010,2,,1802700,30-34
2010,2,,1922517,35-39
2010,2,,2076795,40-44
2010,2,,2047110,45-49
2010,2,,1772756,50-54
2010,2,,1604112,55-59
2010,2,,1706985,60-64
2010,2,,1340958,65-69
2010,2,,1148221,70-74
2010,2,,974130,75-79
2010,2,,779967,80-84
2010,2,,841276,85+
2011,1,,366537,<1
2011,1,,1428786,01-04
2011,1,,1614598,05-09
2011,1,,1660935,10-14
2011,1,,1801359,15-19
2011,1,,1924608,20-24
2011,1,,1919706,25-29
2011,1,,1852968,30-34
2011,1,,1845055,35-39
2011,1,,2026140,40-44
2011,1,,2034545,45-49
2011,1,,1798415,50-54
2011,1,,1576567,55-59
2011,1,,1652688,60-64
2011,1,,1324899,65-69
2011,1,,1027959,70-74
2011,1,,810590,75-79
2011,1,,557203,80-84
2011,1,,414079,85+
2011,2,,348918,<1
2011,2,,1362960,01-04
2011,2,,1539381,05-09
2011,2,,1583073,10-14
2011,2,,1719795,15-19
2011,2,,1884229,20-24
2011,2,,1923189,25-29
2011,2,,1851379,30-34
2011,2,,1858048,35-39
2011,2,,2068199,40-44
2011,2,,2078162,45-49
2011,2,,1826566,50-54
2011,2,,1613977,55-59
2011,2,,1714084,60-64
2011,2,,1401057,65-69
2011,2,,1140959,70-74
2011,2,,976657,75-79
2011,2,,788087,80-84
2011,2,,854570,85+
2012,1,,374930,<1
2012,1,,1454142,01-04
2012,1,,1664385,05-09
2012,1,,1627812,10-14
2012,1,,1786447,15-19
2012,1,,1944094,20-24
2012,1,,1919671,25-29
2012,1,,1886516,30-34
2012,1,,1792706,35-39
2012,1,,2003677,40-44
2012,1,,2047616,45-49
2012,1,,1850103,50-54
2012,1,,1602160,55-59
2012,1,,1572329,60-64
2012,1,,1447288,65-69
2012,1,,1038150,70-74
2012,1,,827571,75-79
2012,1,,572005,80-84
2012,1,,431782,85+
2012,2,,357066,<1
2012,2,,1387067,01-04
2012,2,,1586762,05-09
2012,2,,1551287,10-14
2012,2,,1696197,15-19
2012,2,,1893629,20-24
2012,2,,1925992,25-29
2012,2,,1898383,30-34
2012,2,,1803418,35-39
2012,2,,2048039,40-44
2012,2,,2094703,45-49
2012,2,,1880352,50-54
2012,2,,1639902,55-59
2012,2,,1636025,60-64
2012,2,,1525981,65-69
2012,2,,1151211,70-74
2012,2,,986937,75-79
2012,2,,795805,80-84
2012,2,,865656,85+
2013,1,,364958,<1
2013,1,,1475553,01-04
2013,1,,1720245,05-09
2013,1,,1609881,10-14
2013,1,,1769480,15-19
2013,1,,1940984,20-24
2013,1,,1936343,25-29
2013,1,,1922340,30-34
2013,1,,1764463,35-39
2013,1,,1977609,40-44
2013,1,,2047165,45-49
2013,1,,1896496,50-54
2013,1,,1632721,55-59
2013,1,,1533230,60-64
2013,1,,1512185,65-69
2013,1,,1066391,70-74
2013,1,,850663,75-79
2013,1,,583555,80-84
2013,1,,444934,85+
2013,2,,345969,<1
2013,2,,1406427,01-04
2013,2,,1640262,05-09
2013,2,,1533892,10-14
2013,2,,1677213,15-19
2013,2,,1880734,20-24
2013,2,,1937808,25-29
2013,2,,1941202,30-34
2013,2,,1772480,35-39
2013,2,,2016544,40-44
2013,2,,2098249,45-49
2013,2,,1931910,50-54
2013,2,,1671650,55-59
2013,2,,1596612,60-64
2013,2,,1594611,65-69
2013,2,,1179879,70-74
2013,2,,1005213,75-79
2013,2,,798147,80-84
2013,2,,870231,85+
2014,1,,357644,<1
2014,1,,1491175,01-04
2014,1,,1765445,05-09
2014,1,,1606430,10-14
2014,1,,1755860,15-19
2014,1,,1949387,20-24
2014,1,,1958743,25-29
2014,1,,1935181,30-34
2014,1,,1778066,35-39
2014,1,,1934645,40-44
2014,1,,2041819,45-49
2014,1,,1945704,50-54
2014,1,,1670449,55-59
2014,1,,1517771,60-64
2014,1,,1540906,65-69
2014,1,,1110603,70-74
2014,1,,873540,75-79
2014,1,,595901,80-84
2014,1,,465242,85+
2014,2,,340169,<1
2014,2,,1419644,01-04
2014,2,,1683244,05-09
2014,2,,1531716,10-14
2014,2,,1663541,15-19
2014,2,,1874608,20-24
2014,2,,1951740,25-29
2014,2,,1954100,30-34
2014,2,,1785685,35-39
2014,2,,1969315,40-44
2014,2,,2094357,45-49
2014,2,,1987242,50-54
2014,2,,1708826,55-59
2014,2,,1583693,60-64
2014,2,,1627388,65-69
2014,2,,1222424,70-74
2014,2,,1026027,75-79
2014,2,,801284,80-84
2014,2,,889140,85+
2015,1,,357381,<1
2015,1,,1493085,01-04
2015,1,,1811061,05-09
2015,1,,1619992,10-14
2015,1,,1746361,15-19
2015,1,,1943077,20-24
2015,1,,1986698,25-29
2015,1,,1948595,30-34
2015,1,,1815329,35-39
2015,1,,1898213,40-44
2015,1,,2026454,45-49
2015,1,,1991012,50-54
2015,1,,1718052,55-59
2015,1,,1512948,60-64
2015,1,,1560546,65-69
2015,1,,1153623,70-74
2015,1,,884511,75-79
2015,1,,607839,80-84
2015,1,,480070,85+
2015,2,,339138,<1
2015,2,,1420998,01-04
2015,2,,1726205,05-09
2015,2,,1545256,10-14
2015,2,,1652919,15-19
2015,2,,1863394,20-24
2015,2,,1966325,25-29
2015,2,,1961398,30-34
2015,2,,1826264,35-39
2015,2,,1928123,40-44
2015,2,,2077005,45-49
2015,2,,2039645,50-54
2015,2,,1757445,55-59
2015,2,,1576695,60-64
2015,2,,1652275,65-69
2015,2,,1265408,70-74
2015,2,,1035158,75-79
2015,2,,802395,80-84
2015,2,,894520,85+
2016,1,,360197,<1
2016,1,,1486131,01-04
2016,1,,1849352,05-09
2016,1,,1658079,10-14
2016,1,,1725998,15-19
2016,1,,1933772,20-24
2016,1,,2026894,25-29
2016,1,,1966231,30-34
2016,1,,1860942,35-39
2016,1,,1845297,40-44
2016,1,,2023833,45-49
2016,1,,2019914,50-54
2016,1,,1769456,55-59
2016,1,,1526604,60-64
2016,1,,1567144,65-69
2016,1,,1212195,70-74
2016,1,,881782,75-79
2016,1,,621345,80-84
2016,1,,499792,85+
2016,2,,342251,<1
2016,2,,1413728,01-04
2016,2,,1761717,05-09
2016,2,,1579294,10-14
2016,2,,1635896,15-19
2016,2,,1837268,20-24
2016,2,,1985584,25-29
2016,2,,1966190,30-34
2016,2,,1871281,35-39
2016,2,,1870975,40-44
2016,2,,2072516,45-49
2016,2,,2074534,50-54
2016,2,,1810648,55-59
2016,2,,1589157,60-64
2016,2,,1662356,65-69
2016,2,,1324285,70-74
2016,2,,1030404,75-79
2016,2,,809240,80-84
2016,2,,908935,85+
