person_id,person_name,party,total_tenure_days,total_tenure_years,avg_tenure_days,avg_tenure_years,num_spells,longest_spell_days,longest_spell_years,shortest_spell_days,shortest_spell_years,mean_tenure_days,median_tenure_days,std_tenure_days,cv_tenure,first_appointment,last_appointment,career_span_years,num_posts,posts,is_current
https://id.parliament.uk/0K7kX33I,Michael Gove,Conservative,6020,16.48186173853525,668.8888888888889,1.8313179709483611,9,1584,4.336755646817249,5,0.013689253935660506,668.8888888888889,581.0,553.0760446006599,0.8268578739876975,2010-05-12,2026-01-15,15.682409308692677,7,"Secretary of State for Education, Lord Chancellor and Secretary of State for Justice, Secretary of State for Environment, Food and Rural Affairs...",False
https://id.parliament.uk/t2ppPOcs,Alistair Darling,Labour,5816,15.9233401779603,830.8571428571429,2.2747628825657573,7,1438,3.9370294318959616,356,0.974674880219028,830.8571428571429,1044.0,418.6957640783375,0.5039323157751655,1997-05-03,2010-05-06,13.010266940451745,7,"Chief Secretary to the Treasury, Secretary of State for Social Security, Secretary of State for Work and Pensions...",False
https://id.parliament.uk/TyNGhslR,Kenneth Clarke,Conservative,5375,14.715947980835045,767.8571428571429,2.102278282976435,7,1436,3.9315537303216974,408,1.1170431211498972,767.8571428571429,677.0,333.53731853743574,0.43437418228131164,1985-09-02,2014-07-14,28.865160848733744,7,"Secretary of State for Employment, Chancellor of the Duchy of Lancaster, Secretary of State for Health...",False
https://id.parliament.uk/4eJ0v0w4,Peter Walker,Conservative,5254,14.38466803559206,1050.8,2.8769336071184117,5,1498,4.101300479123887,485,1.3278576317590691,1050.8,1056.0,441.39970548245725,0.4200606256970473,1970-10-15,1990-05-03,19.550992470910334,5,"Secretary of State for Environment, Secretary of State for Trade and Industry, Secretary of State for Agriculture, Fisheries and Food...",False
https://id.parliament.uk/PPipv6bN,William Biffen,Conservative,4854,13.289527720739219,970.8,2.6579055441478436,5,1894,5.1854893908282,430,1.1772758384668036,970.8,611.0,667.3639936346581,0.6874371586677566,1979-05-05,1987-06-13,8.109514031485284,5,"Chief Secretary to the Treasury, Secretary of State for Trade, Lord President of the Council (Privy Council Office)...",False
https://id.parliament.uk/x6FOPcns,Jeremy Hunt,Conservative,3995,10.937713894592745,799.0,2.187542778918549,5,1951,5.341546885694729,183,0.5010266940451745,799.0,631.0,691.3768870883666,0.8653027372820609,2010-05-12,2024-07-05,14.151950718685832,5,"Secretary of State for Culture, Media and Sport, Secretary of State for Health, Secretary of State for Health and Social Care...",False
https://id.parliament.uk/2jVmwnh9,Peter Hain,Labour,3944,10.798083504449007,788.8,2.1596167008898015,5,1919,5.253935660506502,211,0.5776865160848734,788.8,695.0,675.6405849266309,0.856542323689948,2002-10-24,2010-05-06,7.534565366187543,4,"Secretary of State for Wales, Leader of the House of Commons and Lord Privy Seal, Secretary of State for Northern Ireland...",False
https://id.parliament.uk/NGcXa023,Keith Joseph,Conservative,3925,10.746064339493497,1308.3333333333333,3.582021446497832,3,1710,4.681724845995893,861,2.3572895277207393,1308.3333333333333,1354.0,426.3382850898255,0.3258636573934972,1970-06-20,1986-05-20,15.917864476386036,3,"Secretary of State for Health and Social Security, Secretary of State for Industry, Secretary of State for Education and Science",False
https://id.parliament.uk/GAaGEDAS,George Younger,Conservative,3736,10.22861054072553,1868.0,5.114305270362765,2,2444,6.691307323750856,1292,3.5373032169746748,1868.0,1868.0,814.5870119269027,0.43607441751975523,1979-05-05,1989-07-23,10.220396988364135,2,"Secretary of State for Scottish Office, Secretary of State for Defence",False
https://id.parliament.uk/ctpr2BTB,James Brown,Labour,3710,10.157426420260096,3710.0,10.157426420260096,1,3710,10.157426420260096,3710,10.157426420260096,3710.0,3710.0,,0.0,1997-05-02,2007-06-28,10.157426420260096,1,Chancellor of the Exchequer,False
https://id.parliament.uk/Os58GI3o,Malcolm Rifkind,Conservative,3464,9.483915126625599,1154.6666666666667,3.161305042208533,3,1783,4.8815879534565365,500,1.3689253935660506,1154.6666666666667,1181.0,641.9052370352912,0.55592254939546,1986-01-11,1995-07-04,9.478439425051334,3,"Secretary of State for Scottish Office, Secretary of State for Transport, Secretary of State for Defence",False
https://id.parliament.uk/yHpMxMCv,Geoffrey Hoon,Labour,3387,9.273100616016427,677.4,1.8546201232032853,5,2035,5.5715263518138265,244,0.6680355920602327,677.4,365.0,762.835041145856,1.1261219975580987,1997-05-06,2009-06-05,12.084873374401095,5,"Parliamentary Under-Secretary (Lord Chancellor's Department), Minister of State (Lord Chancellor's Department), Secretary of State for Defence...",False
https://id.parliament.uk/YQNFoAVs,Thomas King,Conservative,3378,9.248459958932239,675.6,1.8496919917864476,5,1420,3.887748117727584,128,0.35044490075290896,675.6,687.0,552.5127147858228,0.8178104126492345,1983-01-06,1992-04-09,9.259411362080767,5,"Secretary of State for Environment, Secretary of State for Transport, Secretary of State for Employment...",False
https://id.parliament.uk/pkigvNdY,Philip Hammond,Conservative,3364,9.210130047912388,841.0,2.302532511978097,4,1107,3.030800821355236,521,1.4264202600958247,841.0,868.0,266.2717909705545,0.31661330674263316,2010-05-12,2019-07-24,9.201916495550993,4,"Secretary of State for Transport, Secretary of State for Defence, Secretary of State for Foreign and Commonwealth Affairs...",False
https://id.parliament.uk/mraBVJfH,James Prior,Conservative,3310,9.062286105407255,827.5,2.2655715263518137,4,1093,2.9924709103353866,485,1.3278576317590691,827.5,866.0,252.17652547372447,0.30474504588969725,1970-06-20,1984-09-10,14.22861054072553,4,"Secretary of State for Agriculture, Fisheries and Food, Lord President of the Council and Leader of the House Lords (Privy Council Office), Secretary of State for Employment...",False
https://id.parliament.uk/1L8qop3w,Margaret Beckett,Labour,3293,9.015742642026009,1097.6666666666667,3.0052475473420035,3,1793,4.908966461327857,452,1.2375085557837098,1097.6666666666667,1048.0,671.8782131706113,0.6120967626820023,1997-05-02,2006-05-05,9.010266940451745,3,"Secretary of State for Business, Innovation and Skills, Lord President of the Council and Leader of the House of Commons (Privy Council Office), Secretary of State for Environment, Food and Rural Affairs",False
https://id.parliament.uk/R3ZEnpii,Peter Fowler,Conservative,3287,8.999315537303216,1095.6666666666667,2.9997718457677394,3,2099,5.746748802190281,253,0.6926762491444216,1095.6666666666667,935.0,933.4288046408967,0.8519277194775449,1981-01-05,1990-01-02,8.993839835728952,3,"Secretary of State for Transport, Secretary of State for Health and Social Security, Secretary of State for Employment",False
https://id.parliament.uk/x4is0fjM,John MacGregor,Conservative,3243,8.878850102669405,648.6,1.7757700205338809,5,831,2.2751540041067764,466,1.2758384668035592,648.6,649.0,155.8181632544807,0.24023768617712105,1985-09-02,1994-07-20,8.881587953456537,5,"Chief Secretary to the Treasury, Secretary of State for Agriculture, Fisheries and Food, Secretary of State for Education and Science...",False
https://id.parliament.uk/zhRevA8R,Antony Newton,Conservative,3204,8.772073921971252,1068.0,2.924024640657084,3,1848,5.059548254620124,364,0.9965776865160849,1068.0,992.0,744.9134177875976,0.6974844735838929,1988-07-25,1997-05-01,8.76933607118412,3,"Chancellor of the Duchy of Lancaster and Minister (Trade), Secretary of State for Social Security, Lord President of the Council and Leader of the House of Commons (Privy Council Office)",False
https://id.parliament.uk/6LEjNWW7,William Whitelaw,Conservative,3011,8.243668720054757,752.75,2.060917180013689,4,1674,4.583162217659138,93,0.2546201232032854,752.75,622.0,663.4788994384072,0.8814067079885848,1970-06-20,1988-01-09,17.557837097878167,4,"Lord President of the Council and Leader of the House Lords (Privy Council Office), Secretary of State for Northern Ireland, Secretary of State for Employment...",False
https://id.parliament.uk/rbKJTCFu,Hilary Benn,Labour,2966,8.120465434633813,988.6666666666666,2.706821811544604,3,1362,3.728952772073922,560,1.5331964407939767,988.6666666666666,1044.0,403.85310860922357,0.4084825778245687,2003-10-06,2026-01-15,22.28062970568104,3,"Secretary of State for International Development, Secretary of State for Environment, Food and Rural Affairs, Secretary of State for Northern Ireland",False
https://id.parliament.uk/7MAn0Q3l,Nigel Lawson,Conservative,2964,8.114989733059549,1482.0,4.057494866529774,2,2329,6.376454483230664,635,1.7385352498288844,1482.0,1482.0,1197.8388873300114,0.8082583585222749,1981-09-14,1989-10-25,8.114989733059549,2,"Secretary of State for Energy, Chancellor of the Exchequer",False
https://id.parliament.uk/4ELf0jdw,Roger Edwards,Conservative,2961,8.106776180698152,2961.0,8.106776180698152,1,2961,8.106776180698152,2961,8.106776180698152,2961.0,2961.0,,0.0,1979-05-05,1987-06-12,8.106776180698152,1,Secretary of State for Wales,False
https://id.parliament.uk/Se3SjGlA,Charles Jenkin,Conservative,2955,8.09034907597536,738.75,2.02258726899384,4,863,2.3627652292950034,637,1.7440109514031485,738.75,727.5,116.9169933471321,0.15826327356633788,1972-04-07,1985-09-01,13.404517453798768,4,"Chief Secretary to the Treasury, Secretary of State for Health and Social Security, Secretary of State for Industry...",False
https://id.parliament.uk/HDWaJnag,Michael Heseltine,Conservative,2941,8.05201916495551,980.3333333333334,2.6840063883185032,3,1342,3.67419575633128,500,1.3689253935660506,980.3333333333334,1099.0,433.3616657404452,0.4420554223805969,1979-05-05,1992-04-10,12.936344969199178,2,"Secretary of State for Environment, Secretary of State for Defence",False
https://id.parliament.uk/1KIlbbma,John Gummer,Conservative,2839,7.772758384668036,1419.5,3.886379192334018,2,1436,3.9315537303216974,1403,3.8412046543463383,1419.5,1419.5,23.33452377915607,0.016438551447098323,1989-07-24,1997-05-01,7.772758384668036,2,"Secretary of State for Agriculture, Fisheries and Food, Secretary of State for Environment",False
https://id.parliament.uk/ZvG45buB,Grant Shapps,Conservative,2738,7.496235455167693,547.6,1.4992470910335387,5,1141,3.1238877481177276,106,0.29021218343600275,547.6,310.0,475.1181958207873,0.8676373188838337,2012-09-06,2024-07-05,11.83025325119781,5,"Minister without Portfolio (Cabinet Office), Secretary of State for Transport, Secretary of State for Business, Energy and Industrial Strategy...",False
https://id.parliament.uk/dQvfKfAo,Elizabeth Truss,Conservative,2623,7.181382614647502,655.75,1.7953456536618755,4,785,2.1492128678986995,333,0.9117043121149897,655.75,752.5,216.42454420266972,0.3300412416357906,2014-07-15,2021-09-15,7.173169062286106,4,"Secretary of State for Environment, Food and Rural Affairs, Lord Chancellor and Secretary of State for Justice, Chief Secretary to the Treasury...",False
https://id.parliament.uk/J63bWC5i,Paul Murphy,Labour,2608,7.14031485284052,869.3333333333334,2.38010495094684,3,1184,3.241615331964408,498,1.3634496919917864,869.3333333333334,926.0,346.4929051702694,0.39857312711303994,1999-07-29,2009-06-05,9.856262833675565,2,"Secretary of State for Wales, Secretary of State for Northern Ireland",False
https://id.parliament.uk/tlYrORH3,John Reid,Labour,2551,6.98425735797399,425.1666666666667,1.1640428929956652,6,695,1.9028062970568105,70,0.19164955509924708,425.1666666666667,492.5,266.2941356219972,0.6263288176134784,1999-05-17,2006-05-05,6.97056810403833,6,"Secretary of State for Scotland, Secretary of State for Northern Ireland, Minister without Portfolio and Labour Party Chair...",False
https://id.parliament.uk/nfMorZ5b,Chris Grayling,Conservative,2515,6.885694729637235,838.3333333333334,2.295231576545745,3,1106,3.028062970568104,434,1.1882272416153319,838.3333333333334,975.0,356.236344767534,0.4249340096630624,2012-09-06,2019-07-24,6.880219028062971,3,"Lord Chancellor and Secretary of State for Justice, Lord President of the Council and Leader of the House of Commons, Secretary of State for Transport",False
https://id.parliament.uk/rEpJPeh9,William Hague,Conservative,2491,6.8199863107460645,830.3333333333334,2.273328770248688,3,1526,4.177960301163586,298,0.8158795345653662,830.3333333333334,667.0,630.0827987918202,0.7588311506926778,1995-07-05,2015-05-08,19.84394250513347,3,"Secretary of State for Wales, Foreign Secretary and First Secretary of State, First Secretary of State and Leader of the House of Commons",False
https://id.parliament.uk/wm7IFsoC,Peter Lilley,Conservative,2484,6.80082135523614,1242.0,3.40041067761807,2,1848,5.059548254620124,636,1.7412731006160165,1242.0,1242.0,857.0134187980956,0.6900269072448435,1990-07-14,1997-05-01,6.80082135523614,2,"Secretary of State for Trade, Secretary of State for Social Security",False
https://id.parliament.uk/pudylhrb,Nicholas Ridley,Conservative,2464,6.746064339493498,821.3333333333334,2.248688113164499,3,1160,3.1759069130732374,355,0.971937029431896,821.3333333333334,949.0,417.409071934635,0.5082090973230133,1983-10-16,1990-07-13,6.743326488706366,3,"Secretary of State for Transport, Secretary of State for Environment, Secretary of State for Trade",False
https://id.parliament.uk/i8lCvPZW,William Waldegrave,Conservative,2374,6.499657768651608,593.5,1.624914442162902,4,832,2.2778918548939084,350,0.9582477754962354,593.5,596.0,205.15766294892975,0.34567424254242585,1990-11-02,1997-05-01,6.496919917864476,4,"Secretary of State for Health, Chancellor of the Duchy of Lancaster, Secretary of State for Agriculture, Fisheries and Food...",False
https://id.parliament.uk/YrlabEUV,Ian Lang,Conservative,2347,6.425735797399041,1173.5,3.2128678986995207,2,1680,4.59958932238193,667,1.8261464750171115,1173.5,1173.5,716.2991693419726,0.6103955426859587,1990-11-28,1997-05-01,6.425735797399041,2,"Secretary of State for Scottish Office, Secretary of State for Trade",False
https://id.parliament.uk/PlwVEpAi,Douglas Alexander,Labour,2339,6.403832991101985,584.75,1.6009582477754962,4,1044,2.858316221765914,420,1.1498973305954825,584.75,437.5,306.61090978632836,0.5243452924947899,2003-06-13,2010-05-06,6.899383983572895,4,"Minister of State (Cabinet Office) and Chancellor of the Duchy of Lancaster, Secretary of State for Scotland, Secretary of State for Transport...",False
https://id.parliament.uk/1CRqwuTp,Justine Greening,Conservative,2281,6.245037645448323,760.3333333333334,2.081679215149441,3,1408,3.8548939082819986,329,0.9007529089664613,760.3333333333334,544.0,571.104485478212,0.7511238300897133,2011-10-14,2018-01-08,6.239561943874059,3,"Secretary of State for Transport, Secretary of State for International Development, Secretary of State for Education",False
https://id.parliament.uk/MZgn0iAu,George Osborne,Conservative,2256,6.176591375770021,1128.0,3.0882956878850103,2,1823,4.991101984941821,433,1.1854893908281998,1128.0,1128.0,982.878425849301,0.8713461222068272,2010-05-12,2016-07-13,6.1738535249828885,2,"Chancellor of the Exchequer, Chancellor of the Exchequer and First Secretary of State",False
https://id.parliament.uk/tU20NZhl,Patricia Hewitt,Labour,2213,6.05886379192334,1106.5,3.02943189596167,2,1429,3.912388774811773,784,2.1464750171115674,1106.5,1106.5,456.08387386532314,0.4121860586220724,2001-06-08,2007-06-28,6.056125941136208,2,"Secretary of State for Trade and Industry and Minister for Women and e-Minister in Cabinet, Secretary of State for Health",False
https://id.parliament.uk/1JWIKvq4,Tessa Jowell,Labour,2212,6.056125941136208,2212.0,6.056125941136208,1,2212,6.056125941136208,2212,6.056125941136208,2212.0,2212.0,,0.0,2001-06-08,2007-06-28,6.056125941136208,1,"Secretary of State for Culture, Media and Sport",False
https://id.parliament.uk/IbVFO6JP,Clare Short,Labour,2201,6.026009582477755,2201.0,6.026009582477755,1,2201,6.026009582477755,2201,6.026009582477755,2201.0,2201.0,,0.0,1997-05-03,2003-05-12,6.026009582477755,1,Secretary of State for International Development,False
https://id.parliament.uk/rYnjx5sA,George Duncan Smith,Conservative,2139,5.856262833675565,2139.0,5.856262833675565,1,2139,5.856262833675565,2139,5.856262833675565,2139.0,2139.0,,0.0,2010-05-12,2016-03-19,5.856262833675565,1,Secretary of State for Work and Pensions,False
https://id.parliament.uk/o1G8UbPL,Norman Tebbit,Conservative,2097,5.7412731006160165,699.0,1.9137577002053388,3,762,2.086242299794661,648,1.7741273100616017,699.0,687.0,57.9396237474839,0.08288930435977668,1981-09-14,1987-06-12,5.7440109514031485,3,"Secretary of State for Employment, Secretary of State for Trade, Chancellor of the Duchy of Lancaster",False
https://id.parliament.uk/YHylN7q7,Sajid Javid,Conservative,2066,5.6563997262149215,344.3333333333333,0.9427332877024869,6,544,1.4893908281998631,113,0.30937713894592744,344.3333333333333,385.0,157.69802366125793,0.45798070763192045,2014-04-09,2022-07-05,8.240930869267626,6,"Secretary of State for Culture, Media and Sport, Secretary of State for Business, Innovation and Skills, Secretary of State for Communities and Local Government...",False
https://id.parliament.uk/nBemRbWt,Stephen Barclay,Conservative,2003,5.4839151266255985,286.14285714285717,0.7834164466607999,7,582,1.593429158110883,64,0.17522245037645448,286.14285714285717,236.0,188.0517912450615,0.6571954761434999,2018-11-16,2024-07-05,5.637234770704997,6,"Secretary of State for Exiting the European Union, Chief Secretary to the Treasury, Minister for the Cabinet Office and Chancellor of the Duchy of Lancaster...",False
https://id.parliament.uk/atcqNbc1,Oliver Dowden,Conservative,1996,5.464750171115674,499.0,1.3661875427789185,4,620,1.6974674880219027,282,0.7720739219712526,499.0,547.0,151.27238126417305,0.3031510646576614,2020-02-13,2024-07-05,4.394250513347022,4,"Secretary of State for Digital, Culture, Media and Sport, Minister without Portfolio (Cabinet Office), Chancellor of the Duchy of Lancaster...",False
https://id.parliament.uk/wsMvuOfh,Therese Coffey,Conservative,1967,5.385352498288843,491.75,1.3463381245722108,4,1095,2.9979466119096507,50,0.13689253935660506,491.75,411.0,437.2058058473911,0.8890814557140643,2015-05-08,2023-11-13,8.5201916495551,4,"Parliamentary Secretary and Deputy Leader of the House of Commons, Secretary of State for Work and Pensions, Secretary of State for Health and Social Care...",False
https://id.parliament.uk/Ta7hlBXe,Richard Howe,Conservative,1964,5.377138945927447,982.0,2.6885694729637235,2,1498,4.101300479123887,466,1.2758384668035592,982.0,982.0,729.734198184517,0.7431101814506283,1979-05-05,1990-11-01,11.496235455167694,2,"Chancellor of the Exchequer, Lord President of the Council and Leader of the House of Commons (Privy Council Office)",False
https://id.parliament.uk/LZDZjBO2,Patrick McLoughlin,Conservative,1952,5.344284736481861,976.0,2.6721423682409307,2,1408,3.8548939082819986,544,1.4893908281998631,976.0,976.0,610.9402589451771,0.6259633800667799,2012-09-06,2018-01-08,5.341546885694729,2,"Secretary of State for Transport, Chancellor of the Duchy of Lancaster",False
https://id.parliament.uk/iPAQq1CK,Nigel Adams,Conservative,1939,5.308692676249144,969.5,2.654346338124572,2,1583,4.334017796030117,356,0.974674880219028,969.5,969.5,867.6200205158938,0.8949149257513087,2021-09-16,2026-01-15,4.334017796030117,2,"Minister of State (Cabinet Office) (Minister without Portfolio), Minister without Portfolio (Cabinet Office)",False
https://id.parliament.uk/0G6VnY9o,Kenneth Baker,Conservative,1914,5.240246406570842,638.0,1.7467488021902806,3,1160,3.1759069130732374,261,0.7145790554414785,638.0,493.0,466.71083124350133,0.7315216790650491,1985-09-02,1990-11-28,5.240246406570842,3,"Secretary of State for Environment, Secretary of State for Education and Science, Chancellor of the Duchy of Lancaster",False
https://id.parliament.uk/r8raAEpb,David Hunt,Conservative,1889,5.171800136892539,629.6666666666666,1.7239333789641798,3,1120,3.0663928815879533,350,0.9582477754962354,629.6666666666666,419.0,426.04029543381614,0.676612433192932,1990-05-04,1995-07-04,5.169062286105407,3,"Secretary of State for Wales, Secretary of State for Employment, Chancellor of the Duchy of Lancaster and Minister (Public Service & Science)",False
https://id.parliament.uk/zqMyUBMz,Peter Shore,Labour,1889,5.171800136892539,944.5,2.5859000684462696,2,1122,3.0718685831622174,767,2.099931553730322,944.5,944.5,251.02290732122438,0.26577332696794537,1974-03-04,1979-05-04,5.169062286105407,2,"Secretary of State for Trade, Secretary of State for Environment",False
https://id.parliament.uk/ZZJIyNt5,Michael Foot,Labour,1888,5.169062286105407,944.0,2.5845311430527036,2,1123,3.07460643394935,765,2.0944558521560577,944.0,944.0,253.144227664784,0.2681612581194746,1974-03-05,1979-05-05,5.169062286105407,2,"Secretary of State for Employment, Lord President of the Council and Leader of the House of Commons (Privy Council Office)",False
https://id.parliament.uk/pWHpqFcZ,Roy Mason,Labour,1888,5.169062286105407,944.0,2.5845311430527036,2,968,2.650239561943874,920,2.518822724161533,944.0,944.0,33.94112549695428,0.035954582094231226,1974-03-05,1979-05-04,5.166324435318275,2,"Secretary of State for Defence, Secretary of State for Northern Ireland",False
https://id.parliament.uk/imDOYRae,Eric Varley,Labour,1887,5.166324435318275,943.5,2.5831622176591376,2,1425,3.9014373716632442,462,1.264887063655031,943.5,943.5,680.9438302826453,0.721721070781818,1974-03-05,1979-05-04,5.166324435318275,2,"Secretary of State for Energy, Secretary of State for Industry",False
https://id.parliament.uk/tYoKt6oA,Norman Lever,Labour,1887,5.166324435318275,1887.0,5.166324435318275,1,1887,5.166324435318275,1887,5.166324435318275,1887.0,1887.0,,0.0,1974-03-05,1979-05-04,5.166324435318275,1,Chancellor of the Duchy of Lancaster,False
https://id.parliament.uk/URDlhhkg,Shirley Williams,Labour,1887,5.166324435318275,943.5,2.5831622176591376,2,967,2.647501711156742,920,2.518822724161533,943.5,943.5,33.23401871576773,0.03522418517834418,1974-03-05,1979-05-04,5.166324435318275,2,"Secretary of State for Prices and Consumer Protection, Secretary of State for Education and Science",False
https://id.parliament.uk/wC1Rw40g,John Morris,Labour,1887,5.166324435318275,1887.0,5.166324435318275,1,1887,5.166324435318275,1887,5.166324435318275,1887.0,1887.0,,0.0,1974-03-05,1979-05-04,5.166324435318275,1,Secretary of State for Wales,False
https://id.parliament.uk/XmUF38l1,Joel Barnett,Labour,1885,5.160848733744011,1885.0,5.160848733744011,1,1885,5.160848733744011,1885,5.160848733744011,1885.0,1885.0,,0.0,1974-03-07,1979-05-04,5.160848733744011,1,Chief Secretary to the Treasury,False
https://id.parliament.uk/u5DIviww,Alan Milburn,Labour,1874,5.130732375085558,624.6666666666666,1.7102441250285192,3,1341,3.671457905544148,241,0.6598220396988365,624.6666666666666,292.0,620.8867314843613,0.9939488764424141,1998-12-23,2005-05-06,6.3709787816564,3,"Chief Secretary to the Treasury, Secretary of State for Health, Chancellor of the Duchy of Lancaster",False
https://id.parliament.uk/dXhbdj80,Denis Healey,Labour,1868,5.114305270362765,1868.0,5.114305270362765,1,1868,5.114305270362765,1868,5.114305270362765,1868.0,1868.0,,0.0,1974-03-25,1979-05-05,5.114305270362765,1,Chancellor of the Exchequer,False
https://id.parliament.uk/MUKZuAsV,Michael Portillo,Conservative,1849,5.062286105407256,616.3333333333334,1.6874287018024186,3,831,2.2751540041067764,351,0.9609856262833676,616.3333333333334,667.0,243.97814109738056,0.39585420405199656,1992-04-10,1997-05-01,5.059548254620124,3,"Chief Secretary to the Treasury, Secretary of State for Employment, Secretary of State for Defence",False
https://id.parliament.uk/p8wtjEOJ,Virginia Bottomley,Conservative,1848,5.059548254620124,924.0,2.529774127310062,2,1181,3.2334017796030117,667,1.8261464750171115,924.0,924.0,363.4528855298854,0.3933472787119972,1992-04-10,1997-05-01,5.059548254620124,2,"Secretary of State for Health, Secretary of State for National Heritage",False
https://id.parliament.uk/e7VHc97c,Patrick Mayhew,Conservative,1848,5.059548254620124,1848.0,5.059548254620124,1,1848,5.059548254620124,1848,5.059548254620124,1848.0,1848.0,,0.0,1992-04-10,1997-05-01,5.059548254620124,1,Secretary of State for Northern Ireland,False
https://id.parliament.uk/F6lBvlXV,Gillian Shephard,Conservative,1848,5.059548254620124,462.0,1.264887063655031,4,667,1.8261464750171115,351,0.9609856262833676,462.0,415.0,139.99523801425056,0.303019995701841,1992-04-11,1997-05-01,5.0568104038329915,4,"Secretary of State for Employment, Secretary of State for Agriculture, Fisheries and Food, Secretary of State for Education and Science...",False
https://id.parliament.uk/n3uGDqOP,Nicholas Clegg,Liberal Democrat,1824,4.993839835728953,1824.0,4.993839835728953,1,1824,4.993839835728953,1824,4.993839835728953,1824.0,1824.0,,0.0,2010-05-11,2015-05-08,4.993839835728953,1,Lord President of the Council (Privy Council Office),False
https://id.parliament.uk/usNZNEl8,Eric Pickles,Conservative,1823,4.991101984941821,1823.0,4.991101984941821,1,1823,4.991101984941821,1823,4.991101984941821,1823.0,1823.0,,0.0,2010-05-12,2015-05-08,4.991101984941821,1,Secretary of State for Communities and Local Government,False
https://id.parliament.uk/kvWUil3G,John Cable,Liberal Democrat,1823,4.991101984941821,1823.0,4.991101984941821,1,1823,4.991101984941821,1823,4.991101984941821,1823.0,1823.0,,0.0,2010-05-12,2015-05-08,4.991101984941821,1,"Secretary of State for Business, Innovation and Skills",False
https://id.parliament.uk/j6FyF6ff,Cecil Parkinson,Conservative,1823,4.991101984941821,455.75,1.2477754962354553,4,772,2.113620807665982,126,0.34496919917864477,455.75,462.5,265.01619447372144,0.5814946669747042,1982-04-06,1990-11-28,8.648870636550308,4,"Chancellor of the Duchy of Lancaster, Secretary of State for Trade, Secretary of State for Energy...",False
https://id.parliament.uk/cKwj1NnB,Anthony Benn,Labour,1822,4.988364134154689,911.0,2.4941820670773445,2,1370,3.7508555783709787,452,1.2375085557837098,911.0,911.0,649.1240251292506,0.7125400934459393,1974-05-10,1979-05-04,4.985626283367557,2,"Secretary of State for Industry, Secretary of State for Energy",False
https://id.parliament.uk/THj4Lv54,Alister Jack,Conservative,1809,4.952772073921971,1809.0,4.952772073921971,1,1809,4.952772073921971,1809,4.952772073921971,1809.0,1809.0,,0.0,2019-07-24,2024-07-05,4.952772073921971,1,Secretary of State for Scotland,False
https://id.parliament.uk/ApfLHFmq,Andrew Smith,Labour,1795,4.914442162902122,897.5,2.457221081451061,2,962,2.6338124572210813,833,2.2806297056810405,897.5,897.5,91.21677477306463,0.10163428944074053,1999-10-11,2004-09-07,4.91170431211499,2,"Chief Secretary to the Treasury, Secretary of State for Work and Pensions",False
https://id.parliament.uk/AiG7DWgQ,Daniel Alexander,Liberal Democrat,1793,4.908966461327857,896.5,2.4544832306639286,2,1775,4.85968514715948,18,0.049281314168377825,896.5,896.5,1242.386614544764,1.3858188673115046,2010-05-12,2015-05-08,4.991101984941821,2,"Secretary of State for Scotland, Chief Secretary to the Treasury",False
https://id.parliament.uk/RrFvFH7m,John Wakeham,Conservative,1763,4.826830937713894,587.6666666666666,1.6089436459046313,3,991,2.7132101300479126,211,0.5776865160848734,587.6666666666666,561.0,390.68316233660914,0.6648040198580984,1987-06-13,1992-04-09,4.826830937713894,3,"Lord Privy Seal and Leader of the House of Commons, Lord President of the Council and Leader of the House of Commons, Secretary of State for Energy",False
https://id.parliament.uk/dtaMwBoC,Alan Johnson,Labour,1734,4.747433264887063,433.5,1.1868583162217659,4,709,1.9411362080766599,240,0.6570841889117043,433.5,392.5,198.50860602670772,0.45792065980786095,2004-09-09,2009-06-05,4.739219712525667,4,"Secretary of State for Work and Pensions, Secretary of State for Trade and Industry, Secretary of State for Education and Skills...",False
https://id.parliament.uk/OhBFKZen,Desmond Browne,Labour,1712,4.687200547570157,570.6666666666666,1.5624001825233857,3,883,2.4175222450376452,365,0.999315537303217,570.6666666666666,464.0,274.9806053766944,0.48185853745916085,2005-05-06,2008-10-03,3.4140999315537304,3,"Chief Secretary to the Treasury, Secretary of State for Defence, Secretary of State for Scotland",False
https://id.parliament.uk/s5O7ndZv,David Blunkett,Labour,1681,4.602327173169062,840.5,2.301163586584531,2,1500,4.1067761806981515,181,0.49555099247091033,840.5,840.5,932.6738443850562,1.1096654900476577,1997-05-01,2005-11-02,8.509240246406572,2,"Secretary of State for Education and Employment, Secretary of State for Work and Pensions",False
https://id.parliament.uk/roOxyfCY,Peter Brooke,Conservative,1654,4.528405201916495,827.0,2.2642026009582477,2,991,2.7132101300479126,663,1.8151950718685832,827.0,827.0,231.93102422918759,0.2804486387293683,1989-07-24,1994-07-19,4.988364134154689,2,"Secretary of State for Northern Ireland, Secretary of State for National Heritage",False
https://id.parliament.uk/dougZwFw,Liam Fox,Conservative,1628,4.457221081451061,814.0,2.2286105407255303,2,1107,3.030800821355236,521,1.4264202600958247,814.0,814.0,414.36457377531684,0.5090473879303646,2010-05-12,2019-07-24,9.201916495550993,2,"Secretary of State for Defence, Secretary of State for International Trade and President of the Board of Trade",False
https://id.parliament.uk/nxNQZEuc,Theresa Villiers,Conservative,1613,4.41615331964408,806.5,2.20807665982204,2,1408,3.8548939082819986,205,0.5612594113620808,806.5,806.5,850.6494577674167,1.0547420431090102,2012-09-06,2020-02-13,7.438740588637919,2,"Secretary of State for Northern Ireland, Secretary of State for Environment, Food and Rural Affairs",False
https://id.parliament.uk/3AEDOK86,Edward Miliband,Labour,1605,4.394250513347022,535.0,1.4647501711156743,3,581,1.5906913073237507,464,1.270362765229295,535.0,560.0,62.37788069500277,0.11659416952336966,2007-06-28,2026-01-15,18.55441478439425,3,"Minister (Cabinet Office) and Chancellor of the Duchy of Lancaster, Secretary of State for Energy and Climate Change, Secretary of State for Energy Security and Net Zero",False
https://id.parliament.uk/jqlCAgYA,Gregory Clark,Conservative,1602,4.386036960985626,534.0,1.462012320328542,3,1106,3.028062970568104,62,0.1697467488021903,534.0,434.0,529.1351434180119,0.9908897816816703,2015-05-08,2022-09-06,7.3347022587268995,3,"Secretary of State for Communities and Local Government, Secretary of State for Business, Energy and Industrial Strategy, Secretary of State for Levelling Up, Housing and Communities",False
https://id.parliament.uk/Xx3pGa0q,David Mundell,Conservative,1539,4.213552361396304,1539.0,4.213552361396304,1,1539,4.213552361396304,1539,4.213552361396304,1539.0,1539.0,,0.0,2015-05-08,2019-07-24,4.213552361396304,1,Secretary of State for Scotland,False
https://id.parliament.uk/NUEEnevv,Andrew Lansley,Conservative,1527,4.180698151950718,763.5,2.090349075975359,2,849,2.324435318275154,678,1.8562628336755647,763.5,763.5,120.91525958289962,0.1583696916606413,2010-05-12,2014-07-15,4.177960301163586,2,"Secretary of State for Health, Leader of the House of Commons and Lord Privy Seal",False
https://id.parliament.uk/5bLfMuWV,Owen Paterson,Conservative,1527,4.180698151950718,763.5,2.090349075975359,2,849,2.324435318275154,678,1.8562628336755647,763.5,763.5,120.91525958289962,0.1583696916606413,2010-05-12,2014-07-15,4.177960301163586,2,"Secretary of State for Northern Ireland, Secretary of State for Environment, Food and Rural Affairs",False
https://id.parliament.uk/9mJigEyv,George Young,Conservative,1519,4.158795345653662,759.5,2.079397672826831,2,849,2.324435318275154,670,1.834360027378508,759.5,759.5,126.572113832392,0.16665189444686243,1995-07-05,2012-09-06,17.177275838466805,2,"Secretary of State for Transport, Leader of the House of Commons and Lord Privy Seal",False
https://id.parliament.uk/5BbmGpsu,Robert Wallace,Conservative,1500,4.1067761806981515,1500.0,4.1067761806981515,1,1500,4.1067761806981515,1500,4.1067761806981515,1500.0,1500.0,,0.0,2019-07-24,2023-08-31,4.1067761806981515,1,Secretary of State for Defence,False
https://id.parliament.uk/jAgDv8hd,David Howell,Conservative,1499,4.1040383299110195,749.5,2.0520191649555097,2,863,2.3627652292950034,636,1.7412731006160165,749.5,749.5,160.51323932934628,0.21416042605649938,1979-05-05,1983-06-11,4.1040383299110195,2,"Secretary of State for Energy, Secretary of State for Transport",False
https://id.parliament.uk/m8K50ckZ,Christopher Smith,Labour,1499,4.1040383299110195,749.5,2.0520191649555097,2,1418,3.8822724161533197,81,0.22176591375770022,749.5,749.5,945.4017664464141,1.2613766063327738,1997-05-03,2001-06-08,4.101300479123887,2,"Secretary of State for National Heritage, Secretary of State for Culture, Media and Sport",False
https://id.parliament.uk/Jhxlo2zC,Harriet Harman,Labour,1497,4.098562628336755,748.5,2.0492813141683777,2,1044,2.858316221765914,453,1.2402464065708418,748.5,748.5,417.9001076812496,0.558316777129258,1997-05-01,2010-05-06,13.015742642026009,2,"Secretary of State for Social Security and Minister for Women, Leader of the House of Commons and Lord Privy Seal",False
https://id.parliament.uk/EJfPXSYu,Marjorie Mowlam,Labour,1497,4.098562628336755,748.5,2.0492813141683777,2,891,2.439425051334702,606,1.6591375770020533,748.5,748.5,201.52543263816605,0.2692390549608097,1997-05-03,2001-06-07,4.098562628336755,2,"Secretary of State for Northern Ireland, Chancellor of the Duchy of Lancaster",False
https://id.parliament.uk/R4VIOLKR,John Hutton,Labour,1495,4.093086926762491,373.75,1.0232717316906228,4,604,1.6536618754277892,181,0.49555099247091033,373.75,355.0,195.4761281248088,0.5230130518389533,2005-05-06,2009-06-05,4.084873374401095,4,"Chancellor of the Duchy of Lancaster (Cabinet Office), Secretary of State for Work and Pensions, Secretary of State for Business, Enterprise and Regulatory Reform...",False
https://id.parliament.uk/C91rcqgY,Brandon Lewis,Conservative,1488,4.073921971252567,496.0,1.3579739904175223,3,876,2.3983572895277208,50,0.13689253935660506,496.0,562.0,416.9364459962693,0.8405976733795752,2018-01-09,2022-10-25,4.7939767282683095,3,"Minister without Portfolio (Cabinet Office), Secretary of State for Northern Ireland, Lord Chancellor and Secretary of State for Justice",False
https://id.parliament.uk/191FW2uo,John Straw,Labour,1464,4.008213552361396,732.0,2.004106776180698,2,1044,2.858316221765914,420,1.1498973305954825,732.0,732.0,441.23463146040564,0.6027795511754175,2006-05-05,2010-05-06,4.005475701574264,2,"Leader of the House of Commons and Lord Privy Seal, Lord Chancellor and Secretary of State for Justice",False
https://id.parliament.uk/zjs8wUR3,Dominic Raab,Conservative,1452,3.975359342915811,290.4,0.7950718685831621,5,407,1.1143052703627652,130,0.35592060232717315,290.4,357.0,126.51007864988466,0.4356407667007048,2018-07-09,2023-04-21,4.785763175906913,3,"Secretary of State for Exiting the European Union, Foreign Secretary and First Secretary of State, Lord Chancellor and Secretary of State for Justice",False
https://id.parliament.uk/XbTeIjjO,Frederick Mulley,Labour,1425,3.9014373716632442,712.5,1.9507186858316221,2,967,2.647501711156742,458,1.2539356605065024,712.5,712.5,359.9173516239527,0.5051471601739687,1975-06-10,1979-05-04,3.9014373716632442,2,"Secretary of State for Education and Science, Secretary of State for Defence",False
https://id.parliament.uk/CruBwppn,Stephen Crabb,Conservative,1410,3.8603696098562628,470.0,1.2867898699520877,3,678,1.8562628336755647,118,0.32306639288158795,470.0,614.0,306.51590497068827,0.6521614999376346,2012-09-06,2016-07-14,3.8548939082819986,3,"Lord Commissioner (HM Treasury) (Whip) (Jointly as unpaid Parliamentary Under Secretary of State at the Wales Office), Secretary of State for Wales, Secretary of State for Work and Pensions",False
https://id.parliament.uk/SjERcCNu,Norman Lamont,Conservative,1405,3.8466803559206024,702.5,1.9233401779603012,2,912,2.4969199178644765,493,1.3497604380561259,702.5,702.5,296.2777413171634,0.4217476744728305,1989-07-24,1993-05-27,3.8439425051334704,2,"Chief Secretary to the Treasury, Chancellor of the Exchequer",False
https://id.parliament.uk/yj8H4T00,Stephen Byers,Labour,1403,3.8412046543463383,467.6666666666667,1.2804015514487794,3,899,2.461327857631759,149,0.4079397672826831,467.6666666666667,355.0,387.48591372246466,0.8285514904970733,1998-07-27,2002-05-28,3.838466803559206,3,"Chief Secretary to the Treasury, Secretary of State for Trade, Secretary of State for Transport, Local Government and Regions",False
https://id.parliament.uk/GrGkIxzE,Ruth Kelly,Labour,1393,3.813826146475017,464.3333333333333,1.271275382158339,3,507,1.3880903490759753,420,1.1498973305954825,464.3333333333333,466.0,43.52393977265079,0.09373425650965712,2004-12-15,2008-10-05,3.808350444900753,3,"Secretary of State for Education and Skills, Secretary of State for Communities and Local Government (and Women and Equalities), Secretary of State for Transport",False
https://id.parliament.uk/gpETTaOP,Aubrey Rippon,Conservative,1355,3.7097878165639973,451.6666666666667,1.236595938854666,3,831,2.2751540041067764,38,0.10403832991101986,451.6666666666667,486.0,397.6132962230178,0.8803246410841722,1970-06-20,1974-03-05,3.7097878165639973,3,"Secretary of State for Technology, Chancellor of the Duchy of Lancaster, Secretary of State for Environment",False
https://id.parliament.uk/xUmb6Tyk,Margaret Thatcher,Conservative,1354,3.707049965776865,1354.0,3.707049965776865,1,1354,3.707049965776865,1354,3.707049965776865,1354.0,1354.0,,0.0,1970-06-20,1974-03-04,3.707049965776865,1,Secretary of State for Education and Science,False
https://id.parliament.uk/2UsdtrJr,Peter Thomas,Conservative,1354,3.707049965776865,1354.0,3.707049965776865,1,1354,3.707049965776865,1354,3.707049965776865,1354.0,1354.0,,0.0,1970-06-20,1974-03-04,3.707049965776865,1,Secretary of State for Wales,False
https://id.parliament.uk/bgjHDpQ8,Gavin Williamson,Conservative,1346,3.685147159479808,448.6666666666667,1.2283823864932695,3,785,2.1492128678986995,15,0.04106776180698152,448.6666666666667,546.0,394.1196941708614,0.8784242812129154,2017-11-02,2022-11-08,5.018480492813142,3,"Secretary of State for Defence, Secretary of State for Education, Minister of State (Cabinet Office) (Minister without Portfolio)",False
https://id.parliament.uk/mM16LlhF,John Nott,Conservative,1342,3.67419575633128,671.0,1.83709787816564,2,731,2.001368925393566,611,1.672826830937714,671.0,671.0,84.8528137423857,0.12645724849833936,1979-05-05,1983-01-05,3.67419575633128,2,"Secretary of State for Trade, Secretary of State for Defence",False
https://id.parliament.uk/zHsMDBBt,Alun Cairns,Conservative,1328,3.6358658453114305,1328.0,3.6358658453114305,1,1328,3.6358658453114305,1328,3.6358658453114305,1328.0,1328.0,,0.0,2016-03-19,2019-11-06,3.6358658453114305,1,Secretary of State for Wales,False
https://id.parliament.uk/RMNQDZri,Penelope Mordaunt,Conservative,1293,3.540041067761807,431.0,1.1800136892539357,3,669,1.8316221765913758,85,0.2327173169062286,431.0,539.0,306.61376355277986,0.71140084350993,2017-11-09,2024-07-05,6.655715263518139,3,"Secretary of State for International Development, Secretary of State for Defence, Lord President of the Council and Leader of the House of Commons",False
https://id.parliament.uk/XG4JgwTL,Charles Clarke,Labour,1288,3.5263518138261465,644.0,1.7631759069130732,2,784,2.1464750171115674,504,1.379876796714579,644.0,644.0,197.9898987322333,0.30743773095067284,2001-06-08,2004-12-15,3.5236139630390144,2,"Minister without Portfolio, Secretary of State for Education and Skills",False
https://id.parliament.uk/MNbzKAyy,Henry Channon,Conservative,1278,3.4989733059548254,639.0,1.7494866529774127,2,773,2.116358658453114,505,1.3826146475017111,639.0,639.0,189.50461735799473,0.2965643464131373,1986-01-24,1989-07-24,3.4989733059548254,2,"Secretary of State for Trade, Secretary of State for Transport",False
https://id.parliament.uk/JgAyn8BZ,Matthew Hancock,Conservative,1267,3.468856947296372,633.5,1.734428473648186,2,1084,2.967830253251198,183,0.5010266940451745,633.5,633.5,637.1032098490793,1.0056877819243557,2018-01-08,2021-06-26,3.46611909650924,2,"Secretary of State for Digital, Culture, Media and Sport, Secretary of State for Health and Social Care",False
https://id.parliament.uk/XyaxBFkV,Maurice Macmillan,Conservative,1260,3.4496919917864477,630.0,1.7248459958932238,2,655,1.7932922655715264,605,1.6563997262149213,630.0,630.0,35.35533905932738,0.056119585808456156,1970-06-23,1973-12-02,3.4469541409993156,2,"Chief Secretary to the Treasury, Secretary of State for Employment",False
https://id.parliament.uk/V37kYFxZ,Andrea Leadsom,Conservative,1249,3.4195756331279945,416.3333333333333,1.139858544375998,3,711,1.946611909650924,205,0.5612594113620808,416.3333333333333,333.0,263.0918724197563,0.6319260346351233,2016-07-14,2020-02-13,3.586584531143053,3,"Secretary of State for Environment, Food and Rural Affairs, Lord President of the Council and Leader of the House of Commons, Secretary of State for Business, Energy and Industrial Strategy",False
https://id.parliament.uk/oCUMaUL5,Michael Howard,Conservative,1241,3.3976728268309375,620.5,1.6988364134154688,2,830,2.272416153319644,411,1.1252566735112937,620.5,620.5,296.2777413171634,0.47748225836770897,1990-01-02,1993-05-26,3.3976728268309375,2,"Secretary of State for Employment, Secretary of State for Environment",False
https://id.parliament.uk/IdLd3lVr,Michael Moore,Liberal Democrat,1228,3.36208076659822,1228.0,3.36208076659822,1,1228,3.36208076659822,1228,3.36208076659822,1228.0,1228.0,,0.0,2010-05-29,2013-10-07,3.36208076659822,1,Secretary of State for Scotland,False
https://id.parliament.uk/WIjC8hXZ,Yvette Cooper,Labour,1215,3.326488706365503,405.0,1.108829568788501,3,499,1.3661875427789185,335,0.917180013689254,405.0,381.0,84.5931439302264,0.20887196032154667,2002-05-29,2010-05-06,7.939767282683094,3,"Parliamentary Secretary (Lord Chancellor's Department), Chief Secretary to the Treasury, Secretary of State for Work and Pensions",False
https://id.parliament.uk/5vldGphZ,Michael Fallon,Conservative,1206,3.3018480492813143,1206.0,3.3018480492813143,1,1206,3.3018480492813143,1206,3.3018480492813143,1206.0,1206.0,,0.0,2014-07-15,2017-11-01,3.3018480492813143,1,Secretary of State for Defence,False
https://id.parliament.uk/gzClaQUx,Francis Pym,Conservative,1204,3.29637234770705,301.0,0.8240930869267625,4,611,1.672826830937714,93,0.2546201232032854,301.0,250.0,222.57283452089715,0.7394446329597912,1973-12-02,1982-04-06,8.344969199178644,4,"Secretary of State for Northern Ireland, Secretary of State for Defence, Chancellor of the Duchy of Lancaster...",False
https://id.parliament.uk/3HPeT9K0,Edward Davey,Liberal Democrat,1191,3.260780287474333,1191.0,3.260780287474333,1,1191,3.260780287474333,1191,3.260780287474333,1191.0,1191.0,,0.0,2012-02-03,2015-05-08,3.260780287474333,1,Secretary of State for Energy and Climate Change,False
https://id.parliament.uk/FAnd5djo,John Major,Conservative,1171,3.2060232717316905,585.5,1.6030116358658453,2,772,2.113620807665982,399,1.0924024640657084,585.5,585.5,263.75082938258225,0.4504711005680312,1987-06-13,1990-11-28,3.463381245722108,2,"Chief Secretary to the Treasury, Chancellor of the Exchequer",False
https://id.parliament.uk/eB5IkwTu,John Moore,Conservative,1160,3.1759069130732374,386.6666666666667,1.0586356376910793,3,408,1.1170431211498972,363,0.9938398357289527,386.6666666666667,389.0,22.5905584998099,0.058423858189163534,1986-05-21,1989-07-22,3.1731690622861053,3,"Secretary of State for Transport, Secretary of State for Health and Social Security, Secretary of State for Social Security",False
https://id.parliament.uk/FHckXpZX,Hazel Blears,Labour,1129,3.0910335386721424,564.5,1.5455167693360712,2,709,1.9411362080766599,420,1.1498973305954825,564.5,564.5,204.35385976291224,0.3620086089688436,2006-05-05,2009-06-05,3.0882956878850103,2,"Minister without Portfolio (Cabinet Office) and Labour Party Chair, Secretary of State for Communities and Local Government",False
https://id.parliament.uk/CATMQaRP,Albert Booth,Labour,1122,3.0718685831622174,1122.0,3.0718685831622174,1,1122,3.0718685831622174,1122,3.0718685831622174,1122.0,1122.0,,0.0,1976-04-08,1979-05-04,3.0718685831622174,1,Secretary of State for Employment,False
https://id.parliament.uk/KoBAklrn,Bruce Millan,Labour,1122,3.0718685831622174,1122.0,3.0718685831622174,1,1122,3.0718685831622174,1122,3.0718685831622174,1122.0,1122.0,,0.0,1976-04-08,1979-05-04,3.0718685831622174,1,Secretary of State for Scottish Office,False
https://id.parliament.uk/GgEnqOnV,David Ennals,Labour,1122,3.0718685831622174,1122.0,3.0718685831622174,1,1122,3.0718685831622174,1122,3.0718685831622174,1122.0,1122.0,,0.0,1976-04-08,1979-05-04,3.0718685831622174,1,Secretary of State for Social Services,False
https://id.parliament.uk/iavMcgms,David Gauke,Conservative,1108,3.033538672142368,369.3333333333333,1.0111795573807894,3,563,1.541409993155373,212,0.5804243668720055,369.3333333333333,333.0,178.29843895371977,0.48275750619238206,2016-07-14,2019-07-24,3.028062970568104,3,"Chief Secretary to the Treasury, Secretary of State for Work and Pensions, Lord Chancellor and Secretary of State for Justice",False
https://id.parliament.uk/PHtNfRSA,Karen Bradley,Conservative,1108,3.033538672142368,369.3333333333333,1.0111795573807894,3,563,1.541409993155373,190,0.5201916495550992,369.3333333333333,355.0,186.91263556360585,0.5060811432227595,2016-07-14,2019-07-24,3.028062970568104,3,"Secretary of State for Culture, Media and Sport, Secretary of State for Digital, Culture, Media and Sport, Secretary of State for Northern Ireland",False
https://id.parliament.uk/yMom4Yzc,John Taylor,Conservative,1097,3.0034223134839153,1097.0,3.0034223134839153,1,1097,3.0034223134839153,1097,3.0034223134839153,1097.0,1097.0,,0.0,1992-01-01,1995-01-01,3.0034223134839153,1,Parliamentary Secretary (Lord Chancellor's Department),False
https://id.parliament.uk/HRGLoHkG,Humphrey Atkins,Conservative,1096,3.0006844626967832,548.0,1.5003422313483916,2,863,2.3627652292950034,233,0.6379192334017796,548.0,548.0,445.47727214752496,0.8129147301962134,1979-05-05,1982-05-04,3.0006844626967832,2,"Secretary of State for Northern Ireland, Lord Privy Seal",False
https://id.parliament.uk/iuC0IKzw,Rishi Sunak,Conservative,1079,2.954140999315537,539.5,1.4770704996577686,2,874,2.3928815879534566,205,0.5612594113620808,539.5,539.5,473.0544366138003,0.8768386220830404,2019-07-24,2022-07-05,2.951403148528405,2,"Chief Secretary to the Treasury, Chancellor of the Exchequer",False
https://id.parliament.uk/5dhjtEId,Paul Boateng,Labour,1074,2.940451745379877,1074.0,2.940451745379877,1,1074,2.940451745379877,1074,2.940451745379877,1074.0,1074.0,,0.0,2002-05-29,2005-05-06,2.940451745379877,1,Chief Secretary to the Treasury,False
https://id.parliament.uk/i8eCbE1j,Peter Mandelson,Labour,1069,2.926762491444216,356.3333333333333,0.975587497148072,3,472,1.2922655715263518,149,0.4079397672826831,356.3333333333333,448.0,179.95647621948294,0.5050228518788109,1997-05-05,2001-01-24,3.7262149212867897,3,"Minister without Portfolio, Secretary of State for Trade, Secretary of State for Northern Ireland",False
https://id.parliament.uk/EPhidb9p,David Lidington,Conservative,1069,2.926762491444216,356.3333333333333,0.975587497148072,3,563,1.541409993155373,212,0.5804243668720055,356.3333333333333,294.0,183.61463267760914,0.5152889598061997,2016-07-14,2019-07-24,3.028062970568104,3,"Lord President of the Council and Leader of the House of Commons, Lord Chancellor and Secretary of State for Justice, Chancellor of the Duchy of Lancaster",False
https://id.parliament.uk/ArKNOGoC,John Denham,Labour,1044,2.858316221765914,522.0,1.429158110882957,2,709,1.9411362080766599,335,0.917180013689254,522.0,522.0,264.45793616376875,0.5066243987811662,2007-06-28,2010-05-06,2.858316221765914,2,"Secretary of State for Innovation, Universities and Skills, Secretary of State for Communities and Local Government",False
https://id.parliament.uk/2Zqi5PMu,Edward Balls,Labour,1044,2.858316221765914,1044.0,2.858316221765914,1,1044,2.858316221765914,1044,2.858316221765914,1044.0,1044.0,,0.0,2007-06-28,2010-05-06,2.858316221765914,1,"Secretary of State for Children, Schools and Families",False
https://id.parliament.uk/Tpxm134z,Andrew Burnham,Labour,1044,2.858316221765914,348.0,0.9527720739219713,3,498,1.3634496919917864,211,0.5776865160848734,348.0,335.0,143.94096011907104,0.4136234486180202,2007-06-28,2010-05-06,2.858316221765914,3,"Chief Secretary to the Treasury, Secretary of State for Culture, Media and Sport, Secretary of State for Health",False
https://id.parliament.uk/JlJgzub3,Shaun Woodward,Labour,1044,2.858316221765914,1044.0,2.858316221765914,1,1044,2.858316221765914,1044,2.858316221765914,1044.0,1044.0,,0.0,2007-06-28,2010-05-06,2.858316221765914,1,Secretary of State for Northern Ireland,False
https://id.parliament.uk/Gi80AXwX,Stuart Andrew,Conservative,1030,2.8199863107460645,515.0,1.4099931553730323,2,515,1.4099931553730323,515,1.4099931553730323,515.0,515.0,0.0,0.0,2023-02-07,2024-07-05,1.4099931553730323,2,"Parliamentary Under Secretary of State (Department for Business and Trade) (Minister for Equalities), Parliamentary Under Secretary of State (Department for Culture, Media and Sport)",False
https://id.parliament.uk/bfKKouvx,Reginald Prentice,Labour,1022,2.7980835044490076,511.0,1.3990417522245038,2,560,1.5331964407939767,462,1.264887063655031,511.0,511.0,69.29646455628166,0.13560951967961185,1974-03-05,1976-12-20,2.7980835044490076,2,"Secretary of State for Education and Science, Secretary of State for Overseas Development",False
https://id.parliament.uk/hh1U1Uts,Brian Mawhinney,Conservative,1018,2.7871321013004793,509.0,1.3935660506502396,2,667,1.8261464750171115,351,0.9609856262833676,509.0,509.0,223.44574285494903,0.438989671620725,1994-07-20,1997-05-01,2.784394250513347,2,"Secretary of State for Transport, Minister without Portfolio",False
https://id.parliament.uk/TkjF6HCq,Stephen Dorrell,Conservative,1017,2.784394250513347,508.5,1.3921971252566736,2,667,1.8261464750171115,350,0.9582477754962354,508.5,508.5,224.15284963613556,0.4408118970228821,1994-07-20,1997-05-01,2.784394250513347,2,"Secretary of State for National Heritage, Secretary of State for Health",False
https://id.parliament.uk/HENgq022,James Brokenshire,Conservative,995,2.724161533196441,497.5,1.3620807665982204,2,544,1.4893908281998631,451,1.2347707049965777,497.5,497.5,65.76093065034893,0.13218277517658075,2016-07-14,2019-07-24,3.028062970568104,2,"Secretary of State for Northern Ireland, Secretary of State for Housing, Communities and Local Government",False
https://id.parliament.uk/dR7pHK36,Christopher Patten,Conservative,992,2.7159479808350446,496.0,1.3579739904175223,2,499,1.3661875427789185,493,1.3497604380561259,496.0,496.0,4.242640687119285,0.008553711062740494,1989-07-24,1992-04-09,2.7132101300479126,2,"Secretary of State for Environment, Chancellor of the Duchy of Lancaster",False
https://id.parliament.uk/7syCchhA,Jacob Rees-Mogg,Conservative,981,2.6858316221765914,490.5,1.3429158110882957,2,931,2.5489390828199863,50,0.13689253935660506,490.5,490.5,622.9610742253484,1.2700531584614647,2019-07-24,2022-10-25,3.2580424366872007,2,"Lord President of the Council and Leader of the House of Commons, Secretary of State for Business, Energy and Industrial Strategy",False
https://id.parliament.uk/SnLVQeMi,Thomas Brake,Liberal Democrat,975,2.6694045174537986,975.0,2.6694045174537986,1,975,2.6694045174537986,975,2.6694045174537986,975.0,975.0,,0.0,2012-09-06,2015-05-08,2.6694045174537986,1,Parliamentary Secretary and Deputy Leader of the House of Commons,False
https://id.parliament.uk/CBMA1d1v,Roy Hattersley,Labour,968,2.650239561943874,968.0,2.650239561943874,1,968,2.650239561943874,968,2.650239561943874,968.0,968.0,,0.0,1976-09-10,1979-05-05,2.650239561943874,1,Secretary of State for Prices and Consumer Protection,False
https://id.parliament.uk/ze3iKK7K,John Silkin,Labour,967,2.647501711156742,967.0,2.647501711156742,1,967,2.647501711156742,967,2.647501711156742,967.0,967.0,,0.0,1976-09-10,1979-05-04,2.647501711156742,1,"Secretary of State for Agriculture, Fisheries and Food",False
https://id.parliament.uk/9dvXtuKV,William Rodgers,Labour,967,2.647501711156742,967.0,2.647501711156742,1,967,2.647501711156742,967,2.647501711156742,967.0,967.0,,0.0,1976-09-10,1979-05-04,2.647501711156742,1,Secretary of State for Transport,False
https://id.parliament.uk/NX45aKYz,Charles Eustice,Conservative,937,2.565366187542779,937.0,2.565366187542779,1,937,2.565366187542779,937,2.565366187542779,937.0,937.0,,0.0,2020-02-13,2022-09-06,2.565366187542779,1,"Secretary of State for Environment, Food and Rural Affairs",False
https://id.parliament.uk/ezWd6JpS,Nicky Morgan,Conservative,935,2.5598904859685145,467.5,1.2799452429842573,2,730,1.998631074606434,205,0.5612594113620808,467.5,467.5,371.23106012293744,0.7940771339528073,2014-07-15,2020-02-13,5.585215605749487,2,"Secretary of State for Education, Secretary of State for Digital, Culture, Media and Sport",False
https://id.parliament.uk/EqHq5F1p,Simon Hart,Conservative,934,2.5571526351813825,934.0,2.5571526351813825,1,934,2.5571526351813825,934,2.5571526351813825,934.0,934.0,,0.0,2019-12-16,2022-07-06,2.5571526351813825,1,Secretary of State for Wales,False
https://id.parliament.uk/i35wOJro,Merlyn Rees,Labour,920,2.518822724161533,920.0,2.518822724161533,1,920,2.518822724161533,920,2.518822724161533,920.0,920.0,,0.0,1974-03-05,1976-09-09,2.518822724161533,1,Secretary of State for Northern Ireland,False
https://id.parliament.uk/uyfbyBz1,Ian Gilmour,Conservative,919,2.516084873374401,459.5,1.2580424366872005,2,863,2.3627652292950034,56,0.15331964407939766,459.5,459.5,570.6351724175438,1.2418610934005305,1974-01-08,1981-09-13,7.682409308692677,2,"Secretary of State for Defence, Lord Privy Seal and Deputy Foreign Secretary",False
https://id.parliament.uk/OcLvTDR4,Robert Buckland,Conservative,896,2.4531143052703626,448.0,1.2265571526351813,2,785,2.1492128678986995,111,0.30390143737166325,448.0,448.0,476.589970519733,1.0638168984815468,2019-07-24,2022-10-25,3.2580424366872007,2,"Lord Chancellor and Secretary of State for Justice, Secretary of State for Wales",False
https://id.parliament.uk/QU5fNlWA,George Robertson,Labour,892,2.4421629021218343,892.0,2.4421629021218343,1,892,2.4421629021218343,892,2.4421629021218343,892.0,892.0,,0.0,1997-05-03,1999-10-11,2.4421629021218343,1,Secretary of State for Defence,False
https://id.parliament.uk/MjnOg8YH,Frank Dobson,Labour,891,2.439425051334702,891.0,2.439425051334702,1,891,2.439425051334702,891,2.439425051334702,891.0,891.0,,0.0,1997-05-03,1999-10-10,2.439425051334702,1,Secretary of State for Health,False
https://id.parliament.uk/sEV4x8R1,Leon Brittan,Conservative,888,2.431211498973306,888.0,2.431211498973306,1,888,2.431211498973306,888,2.431211498973306,888.0,888.0,,0.0,1981-01-05,1983-06-11,2.431211498973306,1,Chief Secretary to the Treasury,False
https://id.parliament.uk/gwlwCkOA,Helen Liddell,Labour,869,2.379192334017796,869.0,2.379192334017796,1,869,2.379192334017796,869,2.379192334017796,869.0,869.0,,0.0,2001-01-25,2003-06-12,2.379192334017796,1,Secretary of State for Scotland,False
https://id.parliament.uk/P9Q6noF8,Mark Carlisle,Conservative,863,2.3627652292950034,863.0,2.3627652292950034,1,863,2.3627652292950034,863,2.3627652292950034,863.0,863.0,,0.0,1979-05-05,1981-09-13,2.3627652292950034,1,Secretary of State for Education and Science,False
https://id.parliament.uk/c6QYWLOe,Cheryl Gillan,Conservative,849,2.324435318275154,849.0,2.324435318275154,1,849,2.324435318275154,849,2.324435318275154,849.0,849.0,,0.0,2010-05-12,2012-09-06,2.324435318275154,1,Secretary of State for Wales,False
https://id.parliament.uk/QW4mOMIY,Andrew Mitchell,Conservative,849,2.324435318275154,849.0,2.324435318275154,1,849,2.324435318275154,849,2.324435318275154,849.0,849.0,,0.0,2010-05-12,2012-09-06,2.324435318275154,1,Secretary of State for International Development,False
https://id.parliament.uk/McDKiSop,Caroline Spelman,Conservative,849,2.324435318275154,849.0,2.324435318275154,1,849,2.324435318275154,849,2.324435318275154,849.0,849.0,,0.0,2010-05-12,2012-09-06,2.324435318275154,1,"Secretary of State for Environment, Food and Rural Affairs",False
https://id.parliament.uk/l7xvU5Hj,David Heath,Liberal Democrat,844,2.3107460643394937,844.0,2.3107460643394937,1,844,2.3107460643394937,844,2.3107460643394937,844.0,844.0,,0.0,2010-05-17,2012-09-06,2.3107460643394937,1,Parliamentary Secretary and Deputy Leader of the House of Commons,False
https://id.parliament.uk/1FMOJ00u,John Patten,Conservative,832,2.2778918548939084,832.0,2.2778918548939084,1,832,2.2778918548939084,832,2.2778918548939084,832.0,832.0,,0.0,1992-04-10,1994-07-20,2.2778918548939084,1,Secretary of State for Education and Science,False
https://id.parliament.uk/Qs6kU4Yv,Peter Rees,Conservative,814,2.2286105407255303,814.0,2.2286105407255303,1,814,2.2286105407255303,814,2.2286105407255303,814.0,814.0,,0.0,1983-06-11,1985-09-01,2.2286105407255303,1,Chief Secretary to the Treasury,False
https://id.parliament.uk/n4KBuZO5,Robert Jenrick,Conservative,785,2.1492128678986995,785.0,2.1492128678986995,1,785,2.1492128678986995,785,2.1492128678986995,785.0,785.0,,0.0,2019-07-24,2021-09-15,2.1492128678986995,1,"Secretary of State for Housing, Communities and Local Government",False
https://id.parliament.uk/riumJBCR,Joanne Swinson,Liberal Democrat,784,2.1464750171115674,392.0,1.0732375085557837,2,471,1.2895277207392197,313,0.8569472963723477,392.0,392.0,111.72287142747452,0.285007325070088,2012-09-06,2015-05-08,2.6694045174537986,2,"Parliamentary Under-Secretary of State (Culture, Media and Sport) (Women and Equalities) (jointly with the Department for Business, Innovation and Skills), Parliamentary Under-Secretary of State (Department for Education) (Women and Equalities)",False
https://id.parliament.uk/0CPp4PNJ,Donald Dewar,Labour,744,2.0369609856262834,744.0,2.0369609856262834,1,744,2.0369609856262834,744,2.0369609856262834,744.0,744.0,,0.0,1997-05-03,1999-05-16,2.0369609856262834,1,Secretary of State for Scottish Office,False
https://id.parliament.uk/C9I7sOdf,Rosie Winterton,Labour,733,2.00684462696783,733.0,2.00684462696783,1,733,2.00684462696783,733,2.00684462696783,733.0,733.0,,0.0,2001-06-11,2003-06-13,2.00684462696783,1,Parliamentary Secretary (Lord Chancellor's Department),False
https://id.parliament.uk/X8QiVAam,Oliver Letwin,Conservative,731,2.001368925393566,731.0,2.001368925393566,1,731,2.001368925393566,731,2.001368925393566,731.0,731.0,,0.0,2014-07-15,2016-07-14,2.001368925393566,1,Minister for Government Policy and Chancellor of the Duchy of Lancaster,False
https://id.parliament.uk/sSNJW42u,Amber Rudd,Conservative,729,1.995893223819302,364.5,0.997946611909651,2,433,1.1854893908281998,296,0.810403832991102,364.5,364.5,96.87362902255701,0.2657712730385652,2015-05-08,2019-09-07,4.336755646817249,2,"Secretary of State for Energy and Climate Change, Secretary of State for Work and Pensions",False
https://id.parliament.uk/hy2NFfe8,Alexander Johnson,Conservative,727,1.9904175222450375,727.0,1.9904175222450375,1,727,1.9904175222450375,727,1.9904175222450375,727.0,727.0,,0.0,2016-07-13,2018-07-09,1.9904175222450375,1,Secretary of State for Foreign and Commonwealth Affairs,False
https://id.parliament.uk/A7xoNSH8,David Davis,Conservative,726,1.9876796714579055,726.0,1.9876796714579055,1,726,1.9876796714579055,726,1.9876796714579055,726.0,726.0,,0.0,2016-07-13,2018-07-08,1.9876796714579055,1,Secretary of State for Exiting the European Union,False
https://id.parliament.uk/ZyIYdZQ4,Benjamin Bradshaw,Labour,717,1.9630390143737166,358.5,0.9815195071868583,2,381,1.0431211498973305,336,0.919917864476386,358.5,358.5,31.81980515339464,0.08875817337069634,2002-05-29,2010-05-06,7.939767282683094,2,"Deputy Leader of the House of Commons, Secretary of State for Culture, Media and Sport",False
https://id.parliament.uk/UPIMfkMx,John Redwood,Conservative,715,1.9575633127994525,715.0,1.9575633127994525,1,715,1.9575633127994525,715,1.9575633127994525,715.0,715.0,,0.0,1993-07-20,1995-07-04,1.9575633127994525,1,Secretary of State for Wales,False
https://id.parliament.uk/7Tsbxzkf,Gregory Hands,Conservative,714,1.9548254620123204,357.0,0.9774127310061602,2,434,1.1882272416153319,280,0.7665982203969883,357.0,357.0,108.89444430272832,0.3050264546294911,2015-05-08,2023-11-13,8.5201916495551,2,"Chief Secretary to the Treasury, Minister without Portfolio (Cabinet Office)",False
https://id.parliament.uk/g3FgrthI,James Purnell,Labour,710,1.943874058863792,355.0,0.971937029431896,2,499,1.3661875427789185,211,0.5776865160848734,355.0,355.0,203.64675298172568,0.5736528253006358,2007-06-28,2009-06-05,1.9411362080766599,2,"Secretary of State for Culture, Media and Sport, Secretary of State for Work and Pensions",False
https://id.parliament.uk/Dv2R6CvU,Phillip Woolas,Labour,698,1.9110198494182067,698.0,1.9110198494182067,1,698,1.9110198494182067,698,1.9110198494182067,698.0,698.0,,0.0,2003-06-13,2005-05-10,1.9110198494182067,1,Deputy Leader of the House of Commons (Privy Council Office),False
https://id.parliament.uk/oHe9GoOF,David Davies,Conservative,683,1.8699520876112252,341.5,0.9349760438056126,2,620,1.6974674880219027,63,0.17248459958932238,341.5,341.5,393.85847712090697,1.1533191130919678,2022-07-08,2024-07-05,1.995893223819302,2,"Lord Commissioner (HM Treasury) (Whip) (Jointly as unpaid Parliamentary Under Secretary of State at the Wales Office), Secretary of State for Wales",False
https://id.parliament.uk/dEAJKHTK,Melvyn Stride,Conservative,683,1.8699520876112252,341.5,0.9349760438056126,2,620,1.6974674880219027,63,0.17248459958932238,341.5,341.5,393.85847712090697,1.1533191130919678,2019-05-23,2024-07-05,5.122518822724161,2,"Lord President of the Council and Leader of the House of Commons, Secretary of State for Work and Pensions",False
https://id.parliament.uk/s6HybihQ,David Lock,Labour,680,1.8617385352498288,680.0,1.8617385352498288,1,680,1.8617385352498288,680,1.8617385352498288,680.0,680.0,,0.0,1999-07-29,2001-06-07,1.8617385352498288,1,Parliamentary Secretary (Lord Chancellor's Department),False
https://id.parliament.uk/wr73COQ7,David Jones,Conservative,678,1.8562628336755647,678.0,1.8562628336755647,1,678,1.8562628336755647,678,1.8562628336755647,678.0,678.0,,0.0,2012-09-06,2014-07-15,1.8562628336755647,1,Secretary of State for Wales,False
https://id.parliament.uk/Ad0YHzrk,Michelle Donelan,Conservative,675,1.8480492813141685,135.0,0.36960985626283366,5,352,0.9637234770704997,3,0.008213552361396304,135.0,84.0,132.69325529204565,0.9829130021633011,2022-07-05,2024-07-05,2.004106776180698,4,"Secretary of State for Education, Secretary of State for Digital, Culture, Media and Sport, Secretary of State for Science, Innovation and Technology...",False
https://id.parliament.uk/3fidjjmC,Nigel Griffiths,Labour,672,1.839835728952772,672.0,1.839835728952772,1,672,1.839835728952772,672,1.839835728952772,672.0,672.0,,0.0,2005-05-10,2007-03-12,1.839835728952772,1,Deputy Leader of the House of Commons,False
https://id.parliament.uk/pCJxGryC,Olukemi Badenoch,Conservative,670,1.834360027378508,335.0,0.917180013689254,2,515,1.4099931553730323,155,0.4243668720054757,335.0,335.0,254.55844122715712,0.759875943961663,2022-09-06,2024-07-05,1.8316221765913758,2,"Secretary of State for International Trade and President of the Board of Trade, Secretary of State for Business and Trade",False
https://id.parliament.uk/6xdB80aQ,Christopher Heaton-Harris,Conservative,669,1.8316221765913758,669.0,1.8316221765913758,1,669,1.8316221765913758,669,1.8316221765913758,669.0,669.0,,0.0,2022-09-06,2024-07-05,1.8316221765913758,1,Secretary of State for Northern Ireland,False
https://id.parliament.uk/eTZqW0Kg,Roger Freeman,Conservative,667,1.8261464750171115,667.0,1.8261464750171115,1,667,1.8261464750171115,667,1.8261464750171115,667.0,667.0,,0.0,1995-07-05,1997-05-01,1.8261464750171115,1,Chancellor of the Duchy of Lancaster and Minister (Public Service),False
https://id.parliament.uk/b8TTkvuy,Michael Forsyth,Conservative,667,1.8261464750171115,667.0,1.8261464750171115,1,667,1.8261464750171115,667,1.8261464750171115,667.0,667.0,,0.0,1995-07-05,1997-05-01,1.8261464750171115,1,Secretary of State for Scottish Office,False
https://id.parliament.uk/w01cXpnf,Douglas Hogg,Conservative,667,1.8261464750171115,667.0,1.8261464750171115,1,667,1.8261464750171115,667,1.8261464750171115,667.0,667.0,,0.0,1995-07-05,1997-05-01,1.8261464750171115,1,"Secretary of State for Agriculture, Fisheries and Food",False
https://id.parliament.uk/jYLn1R21,David Mellor,Conservative,666,1.8234086242299794,333.0,0.9117043121149897,2,499,1.3661875427789185,167,0.45722108145106094,333.0,333.0,234.75945135393377,0.7049833373992005,1990-11-28,1992-09-24,1.8261464750171115,2,"Chief Secretary to the Treasury, Secretary of State for National Heritage",False
https://id.parliament.uk/jJbdrvhw,Robert Cook,Labour,648,1.7741273100616017,648.0,1.7741273100616017,1,648,1.7741273100616017,648,1.7741273100616017,648.0,648.0,,0.0,2001-06-08,2003-03-17,1.7741273100616017,1,Lord President of the Council and Leader of the House of Commons (Privy Council Office),False
https://id.parliament.uk/sdCPc48H,Kwasi Kwarteng,Conservative,646,1.7686516084873374,323.0,0.8843258042436687,2,607,1.6618754277891854,39,0.10677618069815195,323.0,323.0,401.636651713959,1.2434571260494087,2021-01-08,2022-10-14,1.7659137577002053,2,"Secretary of State for Business, Energy and Industrial Strategy, Chancellor of the Exchequer",False
https://id.parliament.uk/jMiKFP7S,Christopher Huhne,Liberal Democrat,633,1.73305954825462,633.0,1.73305954825462,1,633,1.73305954825462,633,1.73305954825462,633.0,633.0,,0.0,2010-05-12,2012-02-03,1.73305954825462,1,Secretary of State for Energy and Climate Change,False
https://id.parliament.uk/4csB0FKu,John Mercer,Conservative,633,1.73305954825462,633.0,1.73305954825462,1,633,1.73305954825462,633,1.73305954825462,633.0,633.0,,0.0,2019-07-28,2021-04-20,1.73305954825462,1,Parliamentary Under-Secretary of State (jointly with the Ministry of Defence),False
https://id.parliament.uk/BdbiB2hR,Gillian Keegan,Conservative,620,1.6974674880219027,620.0,1.6974674880219027,1,620,1.6974674880219027,620,1.6974674880219027,620.0,620.0,,0.0,2022-10-25,2024-07-05,1.6974674880219027,1,Secretary of State for Education,False
https://id.parliament.uk/psgM7FBk,Mark Harper,Conservative,620,1.6974674880219027,620.0,1.6974674880219027,1,620,1.6974674880219027,620,1.6974674880219027,620.0,620.0,,0.0,2022-10-25,2024-07-05,1.6974674880219027,1,Secretary of State for Transport,False
https://id.parliament.uk/r6XYaj95,Felicity Buchan,Conservative,617,1.6892539356605065,617.0,1.6892539356605065,1,617,1.6892539356605065,617,1.6892539356605065,617.0,617.0,,0.0,2022-10-28,2024-07-05,1.6892539356605065,1,"Parliamentary Under Secretary of State (Department for Levelling Up, Housing and Communities)",False
https://id.parliament.uk/6v16nqWU,Norman St John-Stevas,Conservative,611,1.672826830937714,611.0,1.672826830937714,1,611,1.672826830937714,611,1.672826830937714,611.0,611.0,,0.0,1979-05-05,1981-01-04,1.672826830937714,1,"Leader of the House of Commons, Minister for the Arts and Chancellor of the Duchy of Lancaster",False
https://id.parliament.uk/kMJFcI2Z,Anne-Marie Trevelyan,Conservative,610,1.6700889801505818,203.33333333333334,0.5566963267168606,3,357,0.9774127310061602,50,0.13689253935660506,203.33333333333334,203.0,153.5002714438425,0.7549193677566025,2020-02-13,2022-10-25,2.6995208761122518,3,"Secretary of State for International Development, Secretary of State for International Trade and President of the Board of Trade, Secretary of State for Transport",False
https://id.parliament.uk/f5YiNuqP,Jane Kennedy,Labour,606,1.6591375770020533,606.0,1.6591375770020533,1,606,1.6591375770020533,606,1.6591375770020533,606.0,606.0,,0.0,1999-10-11,2001-06-07,1.6591375770020533,1,Parliamentary Secretary (Lord Chancellor's Department),False
https://id.parliament.uk/qQjIWSuk,Amanda Solloway,Conservative,590,1.6153319644079398,295.0,0.8076659822039699,2,515,1.4099931553730323,75,0.2053388090349076,295.0,295.0,311.1269837220809,1.0546677414307828,2022-07-08,2024-07-05,1.995893223819302,2,"Parliamentary Under Secretary of State (Foreign, Commonwealth and Development Office) (Minister for Equalities), Parliamentary Under Secretary of State (Department for Energy Security and Net Zero)",False
https://id.parliament.uk/RbRrvzGa,Maria Miller,Conservative,581,1.5906913073237507,581.0,1.5906913073237507,1,581,1.5906913073237507,581,1.5906913073237507,581.0,581.0,,0.0,2012-09-06,2014-04-09,1.5906913073237507,1,"Secretary of State for Culture, Media and Sport",False
https://id.parliament.uk/SaVzFDvI,Amanda Milling,Conservative,581,1.5906913073237507,581.0,1.5906913073237507,1,581,1.5906913073237507,581,1.5906913073237507,581.0,581.0,,0.0,2020-02-13,2021-09-15,1.5906913073237507,1,Minister without Portfolio (Cabinet Office),False
https://id.parliament.uk/k8mCzVcd,Liam Byrne,Labour,581,1.5906913073237507,290.5,0.7953456536618754,2,335,0.917180013689254,246,0.6735112936344969,290.5,290.5,62.932503525602726,0.21663512401240181,2008-10-03,2010-05-06,1.5906913073237507,2,"Minister for the Cabinet Office and Chancellor of the Duchy of Lancaster, Chief Secretary to the Treasury",False
https://id.parliament.uk/r3w59RHe,James Murphy,Labour,581,1.5906913073237507,581.0,1.5906913073237507,1,581,1.5906913073237507,581,1.5906913073237507,581.0,581.0,,0.0,2008-10-03,2010-05-06,1.5906913073237507,1,Secretary of State for Scotland,False
https://id.parliament.uk/VWwjNZay,Alistair Carmichael,Liberal Democrat,579,1.5852156057494866,579.0,1.5852156057494866,1,579,1.5852156057494866,579,1.5852156057494866,579.0,579.0,,0.0,2013-10-07,2015-05-08,1.5852156057494866,1,Secretary of State for Scotland,False
https://id.parliament.uk/3KZvvnyo,Damian Hinds,Conservative,563,1.541409993155373,563.0,1.541409993155373,1,563,1.541409993155373,563,1.541409993155373,563.0,563.0,,0.0,2018-01-08,2019-07-24,1.541409993155373,1,Secretary of State for Education,False
https://id.parliament.uk/oExMNqFA,Bridget Phillipson,Labour,560,1.5331964407939767,560.0,1.5331964407939767,1,560,1.5331964407939767,560,1.5331964407939767,560.0,560.0,,0.0,2024-07-05,2026-01-15,1.5331964407939767,1,Secretary of State for Education,False
https://id.parliament.uk/N2w0OfRR,Lisa Nandy,Labour,560,1.5331964407939767,560.0,1.5331964407939767,1,560,1.5331964407939767,560,1.5331964407939767,560.0,560.0,,0.0,2024-07-05,2026-01-15,1.5331964407939767,1,"Secretary of State for Culture, Media and Sport",False
https://id.parliament.uk/9VjJ9Mfg,John Healey,Labour,560,1.5331964407939767,560.0,1.5331964407939767,1,560,1.5331964407939767,560,1.5331964407939767,560.0,560.0,,0.0,2024-07-05,2026-01-15,1.5331964407939767,1,Secretary of State for Defence,False
https://id.parliament.uk/TTDZxnbe,Wesley Streeting,Labour,560,1.5331964407939767,560.0,1.5331964407939767,1,560,1.5331964407939767,560,1.5331964407939767,560.0,560.0,,0.0,2024-07-05,2026-01-15,1.5331964407939767,1,Secretary of State for Health and Social Care,False
https://id.parliament.uk/SpBLFCsV,Joanna Stevens,Labour,560,1.5331964407939767,560.0,1.5331964407939767,1,560,1.5331964407939767,560,1.5331964407939767,560.0,560.0,,0.0,2024-07-05,2026-01-15,1.5331964407939767,1,Secretary of State for Wales,False
https://id.parliament.uk/lDQyTymd,Rachel Reeves,Labour,560,1.5331964407939767,560.0,1.5331964407939767,1,560,1.5331964407939767,560,1.5331964407939767,560.0,560.0,,0.0,2024-07-05,2026-01-15,1.5331964407939767,1,Chancellor of the Exchequer,False
https://id.parliament.uk/UGk5lMha,Stephanie Peacock,Labour,556,1.5222450376454484,556.0,1.5222450376454484,1,556,1.5222450376454484,556,1.5222450376454484,556.0,556.0,,0.0,2024-07-09,2026-01-15,1.5222450376454484,1,"Parliamentary Under Secretary of State (Department for Culture, Media and Sport)",False
https://id.parliament.uk/Hxki00jc,Esther McVey,Conservative,548,1.5003422313483916,274.0,0.7501711156741958,2,312,0.8542094455852156,236,0.6461327857631759,274.0,274.0,53.74011537017761,0.19613180792035625,2018-01-08,2024-07-05,6.491444216290212,2,"Secretary of State for Work and Pensions, Minister without Portfolio (Cabinet Office)",False
https://id.parliament.uk/NYp5fsei,Michael Ellis,Conservative,542,1.483915126625599,542.0,1.483915126625599,1,542,1.483915126625599,542,1.483915126625599,542.0,542.0,,0.0,2016-07-17,2018-01-09,1.483915126625599,1,Deputy Leader of the House of Commons,False
https://id.parliament.uk/QIGFyWWM,Ronald Davies,Labour,542,1.483915126625599,542.0,1.483915126625599,1,542,1.483915126625599,542,1.483915126625599,542.0,542.0,,0.0,1997-05-03,1998-10-26,1.483915126625599,1,Secretary of State for Wales,False
https://id.parliament.uk/FyvJWi3Q,Alok Sharma,Conservative,536,1.4674880219028064,268.0,0.7337440109514032,2,331,0.9062286105407256,205,0.5612594113620808,268.0,268.0,89.09545442950498,0.33244572548322754,2019-07-24,2021-01-08,1.4647501711156743,2,"Secretary of State for International Development, Secretary of State for Business, Energy and Industrial Strategy",False
https://id.parliament.uk/72qlmbBV,Damian Green,Conservative,526,1.4401095140314852,263.0,0.7200547570157426,2,333,0.9117043121149897,193,0.5284052019164955,263.0,263.0,98.99494936611666,0.3764066515821926,2016-07-14,2017-12-20,1.4373716632443532,2,"Secretary of State for Work and Pensions, First Secretary of State and Minister for the Cabinet Office",False
https://id.parliament.uk/2GfKGest,Maria Caulfield,Conservative,515,1.4099931553730323,515.0,1.4099931553730323,1,515,1.4099931553730323,515,1.4099931553730323,515.0,515.0,,0.0,2023-02-07,2024-07-05,1.4099931553730323,1,Parliamentary Under Secretary of State (Department for Business and Trade) (Minister for Women),False
https://id.parliament.uk/SWXSOmi9,Lucy Leigh (Frazer),Conservative,515,1.4099931553730323,515.0,1.4099931553730323,1,515,1.4099931553730323,515,1.4099931553730323,515.0,515.0,,0.0,2023-02-07,2024-07-05,1.4099931553730323,1,"Secretary of State for Culture, Media and Sport",False
https://id.parliament.uk/WCtIlxHD,Andrew Bowie,Conservative,515,1.4099931553730323,515.0,1.4099931553730323,1,515,1.4099931553730323,515,1.4099931553730323,515.0,515.0,,0.0,2023-02-07,2024-07-05,1.4099931553730323,1,Parliamentary Under Secretary of State (Department for Energy Security and Net Zero),False
https://id.parliament.uk/HscvKHnF,Nadhim Zahawi,Conservative,505,1.3826146475017111,126.25,0.3456536618754278,4,294,0.8049281314168378,50,0.13689253935660506,126.25,80.5,113.55578658380499,0.8994517749212276,2021-09-15,2023-01-29,1.374401095140315,4,"Secretary of State for Education, Chancellor of the Exchequer, Chancellor of the Duchy of Lancaster...",False
https://id.parliament.uk/H2iqrFlO,Leo Docherty,Conservative,505,1.3826146475017111,505.0,1.3826146475017111,1,505,1.3826146475017111,505,1.3826146475017111,505.0,505.0,,0.0,2021-04-21,2022-09-07,1.3826146475017111,1,Parliamentary Under-Secretary of State (jointly with the Ministry of Defence),False
https://id.parliament.uk/3UZQn6bw,Estelle Morris,Labour,504,1.379876796714579,504.0,1.379876796714579,1,504,1.379876796714579,504,1.379876796714579,504.0,504.0,,0.0,2001-06-08,2002-10-24,1.379876796714579,1,Secretary of State for Education and Skills,False
https://id.parliament.uk/LKXbst6v,David Waddington,Conservative,499,1.3661875427789185,499.0,1.3661875427789185,1,499,1.3661875427789185,499,1.3661875427789185,499.0,499.0,,0.0,1990-11-28,1992-04-09,1.3661875427789185,1,Lord Privy Seal and Leader of the House of Lords,False
https://id.parliament.uk/nr4Qap3S,Priti Patel,Conservative,483,1.322381930184805,483.0,1.322381930184805,1,483,1.322381930184805,483,1.322381930184805,483.0,483.0,,0.0,2016-07-14,2017-11-08,1.322381930184805,1,Secretary of State for International Development,False
https://id.parliament.uk/yzH3vz6B,John Hayes,Conservative,475,1.3004791238877482,475.0,1.3004791238877482,1,475,1.3004791238877482,475,1.3004791238877482,475.0,475.0,,0.0,2013-03-28,2014-07-15,1.3004791238877482,1,Minister without Portfolio (Cabinet Office),False
https://id.parliament.uk/3iNlZHWi,Seema Malhotra-Saluja,Labour,465,1.273100616016427,465.0,1.273100616016427,1,465,1.273100616016427,465,1.273100616016427,465.0,465.0,,0.0,2024-10-08,2026-01-15,1.273100616016427,1,Parliamentary Under-Secretary of State (Department for Education) (Equalities),False
https://id.parliament.uk/gaomsflO,Helen Goodman,Labour,462,1.264887063655031,462.0,1.264887063655031,1,462,1.264887063655031,462,1.264887063655031,462.0,462.0,,0.0,2007-07-02,2008-10-05,1.264887063655031,1,Deputy Leader of the House of Commons,False
https://id.parliament.uk/rjOhPobl,Winifred Taylor,Labour,450,1.2320328542094456,450.0,1.2320328542094456,1,450,1.2320328542094456,450,1.2320328542094456,450.0,450.0,,0.0,1997-05-03,1998-07-26,1.2320328542094456,1,Lord President of the Council and Leader of the House of Commons (Privy Council Office),False
https://id.parliament.uk/U3EBKKjK,John Cunningham,Labour,442,1.2101300479123889,442.0,1.2101300479123889,1,442,1.2101300479123889,442,1.2101300479123889,442.0,442.0,,0.0,1998-07-27,1999-10-11,1.2101300479123889,1,Chancellor of the Duchy of Lancaster and Minister (Cabinet Office),False
https://id.parliament.uk/hZoVHExl,Alexander Chalk,Conservative,442,1.2101300479123889,442.0,1.2101300479123889,1,442,1.2101300479123889,442,1.2101300479123889,442.0,442.0,,0.0,2023-04-21,2024-07-05,1.2101300479123889,1,Lord Chancellor and Secretary of State for Justice,False
https://id.parliament.uk/LNgSfXCb,Justin Tomlinson,Conservative,437,1.1964407939767283,437.0,1.1964407939767283,1,437,1.1964407939767283,437,1.1964407939767283,437.0,437.0,,0.0,2015-05-08,2016-07-17,1.1964407939767283,1,Parliamentary Under-Secretary of State (Department for Work and Pensions) (Disabled People),False
https://id.parliament.uk/OUD1KuPA,James Wharton,Conservative,437,1.1964407939767283,437.0,1.1964407939767283,1,437,1.1964407939767283,437,1.1964407939767283,437.0,437.0,,0.0,2015-05-08,2016-07-17,1.1964407939767283,1,Parliamentary Under-Secretary of State (Department for Communities and Local Government) (Northern Powerhouse),False
https://id.parliament.uk/bXvFDLTW,Robert Halfon,Conservative,437,1.1964407939767283,437.0,1.1964407939767283,1,437,1.1964407939767283,437,1.1964407939767283,437.0,437.0,,0.0,2015-05-08,2016-07-17,1.1964407939767283,1,Minister without Portfolio (Cabinet Office),False
https://id.parliament.uk/dNNuNQfw,John Whittingdale,Conservative,434,1.1882272416153319,434.0,1.1882272416153319,1,434,1.1882272416153319,434,1.1882272416153319,434.0,434.0,,0.0,2015-05-08,2016-07-14,1.1882272416153319,1,"Secretary of State for Culture, Media and Sport",False
https://id.parliament.uk/o8uRVw1g,Lee Rowley,Conservative,433,1.1854893908281998,433.0,1.1854893908281998,1,433,1.1854893908281998,433,1.1854893908281998,433.0,433.0,,0.0,2022-09-07,2023-11-13,1.1854893908281998,1,"Parliamentary Under Secretary of State (Department for Levelling Up, Housing and Communities)",False
https://id.parliament.uk/F0G8dCz1,Angela Rayner,Labour,429,1.1745379876796715,214.5,0.5872689938398358,2,424,1.160848733744011,5,0.013689253935660506,214.5,214.5,296.2777413171634,1.3812482112688271,2024-07-05,2025-09-05,1.1718001368925393,2,"Secretary of State for Levelling Up, Housing and Communities, Secretary of State for Housing, Communities and Local Government",False
https://id.parliament.uk/txNKSVbr,Elizabeth Kendall,Labour,428,1.1718001368925393,428.0,1.1718001368925393,1,428,1.1718001368925393,428,1.1718001368925393,428.0,428.0,,0.0,2024-07-05,2025-09-05,1.1718001368925393,1,Secretary of State for Work and Pensions,False
https://id.parliament.uk/vTIVJZpe,Shabana Mahmood,Labour,428,1.1718001368925393,428.0,1.1718001368925393,1,428,1.1718001368925393,428,1.1718001368925393,428.0,428.0,,0.0,2024-07-05,2025-09-05,1.1718001368925393,1,Lord Chancellor and Secretary of State for Justice,False
https://id.parliament.uk/GdBtI6JD,Patrick McFadden,Labour,428,1.1718001368925393,428.0,1.1718001368925393,1,428,1.1718001368925393,428,1.1718001368925393,428.0,428.0,,0.0,2024-07-05,2025-09-05,1.1718001368925393,1,Chancellor of the Duchy of Lancaster,False
https://id.parliament.uk/RN0Rbsbw,Steven Reed,Labour,428,1.1718001368925393,428.0,1.1718001368925393,1,428,1.1718001368925393,428,1.1718001368925393,428.0,428.0,,0.0,2024-07-05,2025-09-05,1.1718001368925393,1,"Secretary of State for Environment, Food and Rural Affairs",False
https://id.parliament.uk/wfDACmwh,Jonathan Reynolds,Labour,428,1.1718001368925393,428.0,1.1718001368925393,1,428,1.1718001368925393,428,1.1718001368925393,428.0,428.0,,0.0,2024-07-05,2025-09-05,1.1718001368925393,1,Secretary of State for Business and Trade,False
https://id.parliament.uk/41vnh6xm,Peter Kyle,Labour,428,1.1718001368925393,428.0,1.1718001368925393,1,428,1.1718001368925393,428,1.1718001368925393,428.0,428.0,,0.0,2024-07-05,2025-09-05,1.1718001368925393,1,"Secretary of State for Science, Innovation and Technology",False
https://id.parliament.uk/3Qjf79xg,Ian Murray,Labour,428,1.1718001368925393,428.0,1.1718001368925393,1,428,1.1718001368925393,428,1.1718001368925393,428.0,428.0,,0.0,2024-07-05,2025-09-05,1.1718001368925393,1,Secretary of State for Scotland,False
https://id.parliament.uk/YcLrHQCF,Lucy Powell,Labour,428,1.1718001368925393,428.0,1.1718001368925393,1,428,1.1718001368925393,428,1.1718001368925393,428.0,428.0,,0.0,2024-07-05,2025-09-05,1.1718001368925393,1,Lord President of the Council and Leader of the House of Commons,False
https://id.parliament.uk/DqY5efud,Eleanor Reeves,Labour,428,1.1718001368925393,428.0,1.1718001368925393,1,428,1.1718001368925393,428,1.1718001368925393,428.0,428.0,,0.0,2024-07-06,2025-09-06,1.1718001368925393,1,Minister without Portfolio (Cabinet Office),False
https://id.parliament.uk/CEU8n4k1,Feryal Clark,Labour,426,1.1663244353182751,426.0,1.1663244353182751,1,426,1.1663244353182751,426,1.1663244353182751,426.0,426.0,,0.0,2024-07-09,2025-09-07,1.1663244353182751,1,"Parliamentary Under Secretary of State (Department for Science, Innovation and Technology)",False
https://id.parliament.uk/BrM8yN3U,Kerry McCarthy,Labour,426,1.1663244353182751,426.0,1.1663244353182751,1,426,1.1663244353182751,426,1.1663244353182751,426.0,426.0,,0.0,2024-07-09,2025-09-07,1.1663244353182751,1,Parliamentary Under Secretary of State (Department for Energy Security and Net Zero),False
https://id.parliament.uk/FOcypHE2,Gareth Thomas,Labour,426,1.1663244353182751,426.0,1.1663244353182751,1,426,1.1663244353182751,426,1.1663244353182751,426.0,426.0,,0.0,2024-07-09,2025-09-07,1.1663244353182751,1,Parliamentary Under Secretary of State (Department for Business and Trade),False
https://id.parliament.uk/CQHVwEXM,Justin Madders,Labour,426,1.1663244353182751,426.0,1.1663244353182751,1,426,1.1663244353182751,426,1.1663244353182751,426.0,426.0,,0.0,2024-07-09,2025-09-07,1.1663244353182751,1,Parliamentary Under Secretary of State (Department for Business and Trade),False
https://id.parliament.uk/3roCtsL6,David Clark,Labour,425,1.163586584531143,425.0,1.163586584531143,1,425,1.163586584531143,425,1.163586584531143,425.0,425.0,,0.0,1997-05-03,1998-07-01,1.163586584531143,1,Chancellor of the Duchy of Lancaster,False
https://id.parliament.uk/wKmcTock,Darren Jones,Labour,424,1.160848733744011,424.0,1.160848733744011,1,424,1.160848733744011,424,1.160848733744011,424.0,424.0,,0.0,2024-07-05,2025-09-01,1.160848733744011,1,Chief Secretary to the Treasury,False
https://id.parliament.uk/R62qdyhF,Stephen Timms,Labour,420,1.1498973305954825,420.0,1.1498973305954825,1,420,1.1498973305954825,420,1.1498973305954825,420.0,420.0,,0.0,2006-05-05,2007-06-28,1.1498973305954825,1,Chief Secretary to the Treasury,False
https://id.parliament.uk/2N2rM0o6,Hilary Armstrong,Labour,420,1.1498973305954825,420.0,1.1498973305954825,1,420,1.1498973305954825,420,1.1498973305954825,420.0,420.0,,0.0,2006-05-05,2007-06-28,1.1498973305954825,1,Minister (Cabinet Office) and Minister (Social Exclusion) and Chancellor of the Duchy of Lancaster,False
https://id.parliament.uk/lG5RlZ9z,David Miliband,Labour,420,1.1498973305954825,420.0,1.1498973305954825,1,420,1.1498973305954825,420,1.1498973305954825,420.0,420.0,,0.0,2006-05-05,2007-06-28,1.1498973305954825,1,"Secretary of State for Environment, Food and Rural Affairs",False
https://id.parliament.uk/GnSkIXdS,Kevin Hollinrake,Conservative,414,1.1334702258726899,414.0,1.1334702258726899,1,414,1.1334702258726899,414,1.1334702258726899,414.0,414.0,,0.0,2023-02-07,2024-03-26,1.1334702258726899,1,Parliamentary Under Secretary of State (Department for Business and Trade),False
https://id.parliament.uk/qroUXuK3,Simon Clarke,Conservative,406,1.111567419575633,203.0,0.5557837097878165,2,356,0.974674880219028,50,0.13689253935660506,203.0,203.0,216.37467504308356,1.0658850987344017,2021-09-16,2022-10-25,1.108829568788501,2,"Chief Secretary to the Treasury, Secretary of State for Levelling Up, Housing and Communities",False
https://id.parliament.uk/26NskGIS,John Glen,Conservative,385,1.054072553045859,385.0,1.054072553045859,1,385,1.054072553045859,385,1.054072553045859,385.0,385.0,,0.0,2022-10-25,2023-11-13,1.054072553045859,1,Chief Secretary to the Treasury,False
https://id.parliament.uk/dcfUDdFC,Jeremy Wright,Conservative,381,1.0431211498973305,381.0,1.0431211498973305,1,381,1.0431211498973305,381,1.0431211498973305,381.0,381.0,,0.0,2018-07-09,2019-07-24,1.0431211498973305,1,"Secretary of State for Digital, Culture, Media and Sport",False
https://id.parliament.uk/QJEJ4dJi,Dehenna Fareham,Conservative,376,1.0294318959616702,376.0,1.0294318959616702,1,376,1.0294318959616702,376,1.0294318959616702,376.0,376.0,,0.0,2022-09-08,2023-09-18,1.0294318959616702,1,"Parliamentary Under Secretary of State (Department for Levelling Up, Housing and Communities)",False
https://id.parliament.uk/8CAPJsQk,Nadine Dorries,Conservative,357,0.9774127310061602,357.0,0.9774127310061602,1,357,0.9774127310061602,357,0.9774127310061602,357.0,357.0,,0.0,2021-09-15,2022-09-06,0.9774127310061602,1,"Secretary of State for Digital, Culture, Media and Sport",False
https://id.parliament.uk/7Ep6IlO4,Douglas Hurd,Conservative,357,0.9774127310061602,357.0,0.9774127310061602,1,357,0.9774127310061602,357,0.9774127310061602,357.0,357.0,,0.0,1984-09-11,1985-09-02,0.9774127310061602,1,Secretary of State for Northern Ireland,False
https://id.parliament.uk/RJTcU1gI,Edmund Hughes,Conservative,355,0.971937029431896,355.0,0.971937029431896,1,355,0.971937029431896,355,0.971937029431896,355.0,355.0,,0.0,2021-09-19,2022-09-08,0.971937029431896,1,"Parliamentary Under Secretary of State (Department for Levelling Up, Housing and Communities)",False
https://id.parliament.uk/jYKj6YW3,Michael Wills,Labour,352,0.9637234770704997,352.0,0.9637234770704997,1,352,0.9637234770704997,352,0.9637234770704997,352.0,352.0,,0.0,2001-06-11,2002-05-28,0.9637234770704997,1,Parliamentary Secretary (Lord Chancellor's Department),False
https://id.parliament.uk/AmSoXYkw,Jeremy Hanley,Conservative,351,0.9609856262833676,351.0,0.9609856262833676,1,351,0.9609856262833676,351,0.9609856262833676,351.0,351.0,,0.0,1994-07-20,1995-07-05,0.9609856262833676,1,Minister without Portfolio,False
https://id.parliament.uk/QuB3DsYA,Jonathan Aitken,Conservative,350,0.9582477754962354,350.0,0.9582477754962354,1,350,0.9582477754962354,350,0.9582477754962354,350.0,350.0,,0.0,1994-07-20,1995-07-04,0.9582477754962354,1,Chief Secretary to the Treasury,False
https://id.parliament.uk/hEQM2SPd,Robert Ainsworth,Labour,335,0.917180013689254,335.0,0.917180013689254,1,335,0.917180013689254,335,0.917180013689254,335.0,335.0,,0.0,2009-06-06,2010-05-06,0.917180013689254,1,Secretary of State for Defence,False
https://id.parliament.uk/huvZA5CH,Nia Griffith,Labour,335,0.917180013689254,335.0,0.917180013689254,1,335,0.917180013689254,335,0.917180013689254,335.0,335.0,,0.0,2024-10-08,2025-09-07,0.917180013689254,1,Parliamentary Under-Secretary of State (Department for Education) (Equalities),False
https://id.parliament.uk/7E9l2GUr,Gary Streeter,Conservative,334,0.9144421629021219,334.0,0.9144421629021219,1,334,0.9144421629021219,334,0.9144421629021219,334.0,334.0,,0.0,1996-06-02,1997-05-01,0.9144421629021219,1,Parliamentary Secretary (Lord Chancellor's Department),False
https://id.parliament.uk/4juHmRDM,Barbara Keeley,Labour,332,0.9089664613278576,332.0,0.9089664613278576,1,332,0.9089664613278576,332,0.9089664613278576,332.0,332.0,,0.0,2009-06-09,2010-05-06,0.9089664613278576,1,Parliamentary Secretary and Deputy Leader of the House of Commons,False
https://id.parliament.uk/1SGwiZsK,Claire Coutinho,Conservative,310,0.8487337440109514,310.0,0.8487337440109514,1,310,0.8487337440109514,310,0.8487337440109514,310.0,310.0,,0.0,2023-08-31,2024-07-05,0.8487337440109514,1,Secretary of State for Energy Security and Net Zero,False
https://id.parliament.uk/aNKrLGEh,Michael Freer,Conservative,294,0.8049281314168378,294.0,0.8049281314168378,1,294,0.8049281314168378,294,0.8049281314168378,294.0,294.0,,0.0,2021-09-16,2022-07-06,0.8049281314168378,1,"Parliamentary Under Secretary of State (Foreign, Commonwealth and Development Office) (Minister for Equalities)",False
https://id.parliament.uk/KRf7T7ZN,James Cartlidge,Conservative,292,0.7994524298425736,292.0,0.7994524298425736,1,292,0.7994524298425736,292,0.7994524298425736,292.0,292.0,,0.0,2021-09-19,2022-07-07,0.7994524298425736,1,Parliamentary Under Secretary of State (Ministry of Justice) (and Assistant Government Whip),False
https://id.parliament.uk/yxZXn9N5,Thomas Pursglove,Conservative,292,0.7994524298425736,292.0,0.7994524298425736,1,292,0.7994524298425736,292,0.7994524298425736,292.0,292.0,,0.0,2021-09-19,2022-07-07,0.7994524298425736,1,Parliamentary Under Secretary of State (Ministry of Justice) (jointly with Home Office),False
https://id.parliament.uk/4gGsOClv,Jacob Young,Conservative,292,0.7994524298425736,292.0,0.7994524298425736,1,292,0.7994524298425736,292,0.7994524298425736,292.0,292.0,,0.0,2023-09-18,2024-07-05,0.7994524298425736,1,"Parliamentary Under Secretary of State (Department for Levelling Up, Housing and Communities)",False
https://id.parliament.uk/MoB61exF,Neil O'Brien,Conservative,291,0.7967145790554415,291.0,0.7967145790554415,1,291,0.7967145790554415,291,0.7967145790554415,291.0,291.0,,0.0,2021-09-19,2022-07-06,0.7967145790554415,1,"Parliamentary Under Secretary of State (Department for Levelling Up, Housing and Communities)",False
https://id.parliament.uk/rBcPDbnY,Paul Scully,Conservative,280,0.7665982203969883,280.0,0.7665982203969883,1,280,0.7665982203969883,280,0.7665982203969883,280.0,280.0,,0.0,2023-02-07,2023-11-13,0.7665982203969883,1,"Parliamentary Under Secretary of State (Department for Science, Innovation and Technology)",False
https://id.parliament.uk/kxDTSMAG,Alun Michael,Labour,275,0.7529089664613279,275.0,0.7529089664613279,1,275,0.7529089664613279,275,0.7529089664613279,275.0,275.0,,0.0,1998-10-27,1999-07-28,0.7529089664613279,1,Secretary of State for Wales,False
https://id.parliament.uk/BxEyDcsA,James Cleverly,Conservative,267,0.731006160164271,133.5,0.3655030800821355,2,205,0.5612594113620808,62,0.1697467488021903,133.5,133.5,101.1162697096763,0.7574252412709835,2019-07-24,2022-09-06,3.1238877481177276,2,"Minister without Portfolio (Cabinet Office), Secretary of State for Education",False
https://id.parliament.uk/HMZwFU4B,Christopher Bryant,Labour,244,0.6680355920602327,244.0,0.6680355920602327,1,244,0.6680355920602327,244,0.6680355920602327,244.0,244.0,,0.0,2008-10-05,2009-06-05,0.6680355920602327,1,Deputy Leader of the House of Commons,False
https://id.parliament.uk/uErvJDkZ,Richard Holden,Conservative,236,0.6461327857631759,236.0,0.6461327857631759,1,236,0.6461327857631759,236,0.6461327857631759,236.0,236.0,,0.0,2023-11-13,2024-07-05,0.6461327857631759,1,Minister without Portfolio (Cabinet Office),False
https://id.parliament.uk/EccyPp0Q,Simon Hoare,Conservative,236,0.6461327857631759,236.0,0.6461327857631759,1,236,0.6461327857631759,236,0.6461327857631759,236.0,236.0,,0.0,2023-11-13,2024-07-05,0.6461327857631759,1,"Parliamentary Under Secretary of State (Department for Levelling Up, Housing and Communities)",False
https://id.parliament.uk/WZ9sbj9m,Laura Trott,Conservative,236,0.6461327857631759,236.0,0.6461327857631759,1,236,0.6461327857631759,236,0.6461327857631759,236.0,236.0,,0.0,2023-11-13,2024-07-05,0.6461327857631759,1,Chief Secretary to the Treasury,False
https://id.parliament.uk/QAHSUmv8,Victoria Atkins,Conservative,236,0.6461327857631759,236.0,0.6461327857631759,1,236,0.6461327857631759,236,0.6461327857631759,236.0,236.0,,0.0,2023-11-13,2024-07-05,0.6461327857631759,1,Secretary of State for Health and Social Care,False
https://id.parliament.uk/C0v4NToK,Mohammad Saqib Bhatti,Conservative,236,0.6461327857631759,236.0,0.6461327857631759,1,236,0.6461327857631759,236,0.6461327857631759,236.0,236.0,,0.0,2023-11-13,2024-07-05,0.6461327857631759,1,"Parliamentary Under Secretary of State (Department for Science, Innovation and Technology)",False
https://id.parliament.uk/rcEyPjye,Laura Farris,Conservative,235,0.6433949349760438,235.0,0.6433949349760438,1,235,0.6433949349760438,235,0.6433949349760438,235.0,235.0,,0.0,2023-11-14,2024-07-05,0.6433949349760438,1,Parliamentary Under Secretary of State (Ministry of Justice) (jointly with Home Office),False
https://id.parliament.uk/YWnDvo84,Mark Spencer,Conservative,211,0.5776865160848734,211.0,0.5776865160848734,1,211,0.5776865160848734,211,0.5776865160848734,211.0,211.0,,0.0,2022-02-08,2022-09-06,0.5776865160848734,1,Lord President of the Council and Leader of the House of Commons,False
https://id.parliament.uk/V7RM28pf,Julian Smith,Conservative,205,0.5612594113620808,205.0,0.5612594113620808,1,205,0.5612594113620808,205,0.5612594113620808,205.0,205.0,,0.0,2019-07-24,2020-02-13,0.5612594113620808,1,Secretary of State for Northern Ireland,False
https://id.parliament.uk/zM9KPCjK,Jennifer Willott,Liberal Democrat,193,0.5284052019164955,193.0,0.5284052019164955,1,193,0.5284052019164955,193,0.5284052019164955,193.0,193.0,,0.0,2013-12-20,2014-06-30,0.5284052019164955,1,"Parliamentary Under-Secretary of State (Culture, Media and Sport) (Women and Equalities) (jointly with the Department for Business, Innovation and Skills)",False
https://id.parliament.uk/stVd5FW4,Jonathan Evans,Conservative,187,0.5119780971937029,187.0,0.5119780971937029,1,187,0.5119780971937029,187,0.5119780971937029,187.0,187.0,,0.0,1995-11-29,1996-06-02,0.5119780971937029,1,Parliamentary Under-Secretary (Lord Chancellor's Department),False
https://id.parliament.uk/uZiuEU7D,John Smith,Labour,174,0.47638603696098564,174.0,0.47638603696098564,1,174,0.47638603696098564,174,0.47638603696098564,174.0,174.0,,0.0,1978-11-11,1979-05-03,0.47638603696098564,1,Secretary of State for Trade,False
https://id.parliament.uk/Z4VCWYcs,Louise Haigh,Labour,147,0.4024640657084189,147.0,0.4024640657084189,1,147,0.4024640657084189,147,0.4024640657084189,147.0,147.0,,0.0,2024-07-05,2024-11-28,0.4024640657084189,1,Secretary of State for Transport,False
https://id.parliament.uk/trjrjVxb,Chloe Smith,Conservative,134,0.3668720054757016,67.0,0.1834360027378508,2,84,0.2299794661190965,50,0.13689253935660506,67.0,67.0,24.041630560342615,0.35883030687078526,2022-09-06,2023-07-20,0.8706365503080082,2,"Secretary of State for Work and Pensions, Secretary of State for Science, Innovation and Technology",False
https://id.parliament.uk/K9fWqlEA,Christopher Malthouse,Conservative,112,0.3066392881587953,56.0,0.15331964407939766,2,62,0.1697467488021903,50,0.13689253935660506,56.0,56.0,8.48528137423857,0.1515228816828316,2022-07-07,2022-10-25,0.30390143737166325,2,"Chancellor of the Duchy of Lancaster, Secretary of State for Education",False
https://id.parliament.uk/xPajTduv,Andrew Stephenson,Conservative,100,0.2737850787132101,50.0,0.13689253935660506,2,62,0.1697467488021903,38,0.10403832991101986,50.0,50.0,16.97056274847714,0.3394112549695428,2022-07-07,2022-10-27,0.30937713894592744,2,"Minister without Portfolio (Cabinet Office), Parliamentary Under Secretary of State (Department for Levelling Up, Housing and Communities)",False
https://id.parliament.uk/Co11vGvD,Simon Tipping,Labour,93,0.2546201232032854,93.0,0.2546201232032854,1,93,0.2546201232032854,93,0.2546201232032854,93.0,93.0,,0.0,2007-03-28,2007-06-28,0.2546201232032854,1,Deputy Leader of the House of Commons,False
https://id.parliament.uk/AXsJ7KXj,Roderick Stewart,Conservative,85,0.2327173169062286,85.0,0.2327173169062286,1,85,0.2327173169062286,85,0.2327173169062286,85.0,85.0,,0.0,2019-05-01,2019-07-24,0.2327173169062286,1,Secretary of State for International Development,False
https://id.parliament.uk/Fn8AppNy,Peter Bone,Conservative,82,0.2245037645448323,82.0,0.2245037645448323,1,82,0.2245037645448323,82,0.2245037645448323,82.0,82.0,,0.0,2022-07-08,2022-09-27,0.2245037645448323,1,Deputy Leader of the House of Commons,False
https://id.parliament.uk/pmPvLySp,Sarah Dines,Conservative,75,0.2053388090349076,75.0,0.2053388090349076,1,75,0.2053388090349076,75,0.2053388090349076,75.0,75.0,,0.0,2022-07-08,2022-09-20,0.2053388090349076,1,Parliamentary Under Secretary of State (Ministry of Justice) (jointly with Home Office),False
https://id.parliament.uk/6sLM1yKE,Lia Nici-Townend,Conservative,75,0.2053388090349076,75.0,0.2053388090349076,1,75,0.2053388090349076,75,0.2053388090349076,75.0,75.0,,0.0,2022-07-08,2022-09-20,0.2053388090349076,1,"Parliamentary Under Secretary of State (Department for Levelling Up, Housing and Communities)",False
https://id.parliament.uk/yeKQbOzP,Keith Vaz,Labour,73,0.1998631074606434,73.0,0.1998631074606434,1,73,0.1998631074606434,73,0.1998631074606434,73.0,73.0,,0.0,1999-05-17,1999-07-28,0.1998631074606434,1,Parliamentary Under-Secretary (Lord Chancellor's Department),False
https://id.parliament.uk/Jp7vS7iZ,Simon Baynes,Conservative,63,0.17248459958932238,63.0,0.17248459958932238,1,63,0.17248459958932238,63,0.17248459958932238,63.0,63.0,,0.0,2022-07-08,2022-09-08,0.17248459958932238,1,Parliamentary Under Secretary of State (Ministry of Justice) (jointly with Home Office),False
https://id.parliament.uk/Uj24yw4q,Shailesh Vara,Conservative,62,0.1697467488021903,62.0,0.1697467488021903,1,62,0.1697467488021903,62,0.1697467488021903,62.0,62.0,,0.0,2022-07-07,2022-09-06,0.1697467488021903,1,Secretary of State for Northern Ireland,False
https://id.parliament.uk/2mWw3B3n,Ranil Jayawardena,Conservative,50,0.13689253935660506,50.0,0.13689253935660506,1,50,0.13689253935660506,50,0.13689253935660506,50.0,50.0,,0.0,2022-09-06,2022-10-25,0.13689253935660506,1,"Secretary of State for Environment, Food and Rural Affairs",False
https://id.parliament.uk/9M7c9HIy,James Berry,Conservative,50,0.13689253935660506,50.0,0.13689253935660506,1,50,0.13689253935660506,50,0.13689253935660506,50.0,50.0,,0.0,2022-09-06,2022-10-25,0.13689253935660506,1,Minister without Portfolio (Cabinet Office),False
https://id.parliament.uk/4ZneyIwV,Chris Philp,Conservative,39,0.10677618069815195,39.0,0.10677618069815195,1,39,0.10677618069815195,39,0.10677618069815195,39.0,39.0,,0.0,2022-09-06,2022-10-14,0.10677618069815195,1,Chief Secretary to the Treasury,False
https://id.parliament.uk/o6Sxg4Vf,David Laws,Liberal Democrat,18,0.049281314168377825,18.0,0.049281314168377825,1,18,0.049281314168377825,18,0.049281314168377825,18.0,18.0,,0.0,2010-05-12,2010-05-29,0.049281314168377825,1,Chief Secretary to the Treasury,False
https://id.parliament.uk/lMvp3beP,Edward Argar,Conservative,14,0.038329911019849415,14.0,0.038329911019849415,1,14,0.038329911019849415,14,0.038329911019849415,14.0,14.0,,0.0,2022-10-14,2022-10-27,0.038329911019849415,1,Chief Secretary to the Treasury,False
