year,age_group,sex,population
1901,0-4,Female,1862700
1901,5-14,Female,3423400
1901,15-24,Female,3288500
1901,25-34,Female,2778300
1901,35-44,Female,2074600
1901,45-54,Female,1513800
1901,55-64,Female,1039500
1901,65-74,Female,601900
1901,75-84,Female,229000
1901,85+,Female,30800
1901,0-4,Male,1857300
1901,5-14,Male,3414400
1901,15-24,Male,3082000
1901,25-34,Male,2494200
1901,35-44,Male,1941600
1901,45-54,Male,1403300
1901,55-64,Male,912200
1901,65-74,Male,480800
1901,75-84,Male,165700
1901,85+,Male,18100
1902,0-4,Female,1868100
1902,5-14,Female,3440900
1902,15-24,Female,3295000
1902,25-34,Female,2812200
1902,35-44,Female,2117200
1902,45-54,Female,1545100
1902,55-64,Female,1056600
1902,65-74,Female,617200
1902,75-84,Female,233100
1902,85+,Female,31800
1902,0-4,Male,1865000
1902,5-14,Male,3432000
1902,15-24,Male,3089400
1902,25-34,Male,2527200
1902,35-44,Male,1980300
1902,45-54,Male,1431800
1902,55-64,Male,929100
1902,65-74,Male,492800
1902,75-84,Male,167500
1902,85+,Male,18500
1903,0-4,Female,1873700
1903,5-14,Female,3458500
1903,15-24,Female,3301500
1903,25-34,Female,2846500
1903,35-44,Female,2160300
1903,45-54,Female,1576800
1903,55-64,Female,1073700
1903,65-74,Female,632600
1903,75-84,Female,237100
1903,85+,Female,32900
1903,0-4,Male,1872900
1903,5-14,Male,3449900
1903,15-24,Male,3096900
1903,25-34,Male,2560700
1903,35-44,Male,2019400
1903,45-54,Male,1460600
1903,55-64,Male,946200
1903,65-74,Male,504900
1903,75-84,Male,169300
1903,85+,Male,19000
1904,0-4,Female,1884400
1904,5-14,Female,3485800
1904,15-24,Female,3317300
1904,25-34,Female,2889100
1904,35-44,Female,2209800
1904,45-54,Female,1613300
1904,55-64,Female,1094100
1904,65-74,Female,649900
1904,75-84,Female,241900
1904,85+,Female,34000
1904,0-4,Male,1885800
1904,5-14,Male,3477500
1904,15-24,Male,3112900
1904,25-34,Male,2601500
1904,35-44,Male,2064500
1904,45-54,Male,1493800
1904,55-64,Male,966200
1904,65-74,Male,518500
1904,75-84,Male,171500
1904,85+,Male,19500
1905,0-4,Female,1884900
1905,5-14,Female,3494300
1905,15-24,Female,3314900
1905,25-34,Female,2916200
1905,35-44,Female,2247700
1905,45-54,Female,1641200
1905,55-64,Female,1108700
1905,65-74,Female,663900
1905,75-84,Female,245400
1905,85+,Female,35000
1905,0-4,Male,1888600
1905,5-14,Male,3486300
1905,15-24,Male,3112100
1905,25-34,Male,2628500
1905,35-44,Male,2098800
1905,45-54,Male,1519200
1905,55-64,Male,981000
1905,65-74,Male,529400
1905,75-84,Male,172900
1905,85+,Male,19900
1906,0-4,Female,1890500
1906,5-14,Female,3512500
1906,15-24,Female,3321700
1906,25-34,Female,2951500
1906,35-44,Female,2292100
1906,45-54,Female,1673900
1906,55-64,Female,1126400
1906,65-74,Female,679800
1906,75-84,Female,249600
1906,85+,Female,36100
1906,0-4,Male,1896700
1906,5-14,Male,3504700
1906,15-24,Male,3119800
1906,25-34,Male,2663000
1906,35-44,Male,2139100
1906,45-54,Male,1548900
1906,55-64,Male,998700
1906,65-74,Male,541800
1906,75-84,Male,174800
1906,85+,Male,20400
1907,0-4,Female,1896200
1907,5-14,Female,3530900
1907,15-24,Female,3328500
1907,25-34,Female,2987300
1907,35-44,Female,2337000
1907,45-54,Female,1707000
1907,55-64,Female,1144300
1907,65-74,Female,695900
1907,75-84,Female,253900
1907,85+,Female,37100
1907,0-4,Male,1904800
1907,5-14,Male,3523400
1907,15-24,Male,3127600
1907,25-34,Male,2697800
1907,35-44,Male,2179900
1907,45-54,Male,1578900
1907,55-64,Male,1016500
1907,65-74,Male,554400
1907,75-84,Male,176700
1907,85+,Male,20900
1908,0-4,Female,1907200
1908,5-14,Female,3559200
1908,15-24,Female,3344600
1908,25-34,Female,3031600
1908,35-44,Female,2388800
1908,45-54,Female,1745100
1908,55-64,Female,1165600
1908,65-74,Female,714000
1908,75-84,Female,258900
1908,85+,Female,38300
1908,0-4,Male,1918300
1908,5-14,Male,3551900
1908,15-24,Male,3144100
1908,25-34,Male,2740500
1908,35-44,Male,2227100
1908,45-54,Male,1613700
1908,55-64,Male,1037400
1908,65-74,Male,568700
1908,75-84,Male,179000
1908,85+,Male,21400
1909,0-4,Female,1907900
1909,5-14,Female,3568200
1909,15-24,Female,3342400
1909,25-34,Female,3059800
1909,35-44,Female,2428100
1909,45-54,Female,1774100
1909,55-64,Female,1180800
1909,65-74,Female,728500
1909,75-84,Female,262500
1909,85+,Female,39300
1909,0-4,Male,1921300
1909,5-14,Male,3561100
1909,15-24,Male,3143400
1909,25-34,Male,2768500
1909,35-44,Male,2262700
1909,45-54,Male,1639900
1909,55-64,Male,1052800
1909,65-74,Male,580000
1909,75-84,Male,180500
1909,85+,Male,21900
1910,0-4,Female,1913800
1910,5-14,Female,3587200
1910,15-24,Female,3349400
1910,25-34,Female,3096700
1910,35-44,Female,2474400
1910,45-54,Female,1808100
1910,55-64,Female,1199200
1910,65-74,Female,745100
1910,75-84,Female,266900
1910,85+,Female,40500
1910,0-4,Male,1929800
1910,5-14,Male,3580400
1910,15-24,Male,3151500
1910,25-34,Male,2804500
1910,35-44,Male,2304700
1910,45-54,Male,1670900
1910,55-64,Male,1071200
1910,65-74,Male,592900
1910,75-84,Male,182400
1910,85+,Male,22400
1911,0-4,Female,1956000
1911,5-14,Female,3603000
1911,15-24,Female,3327000
1911,25-34,Female,3110000
1911,35-44,Female,2529000
1911,45-54,Female,1831000
1911,55-64,Female,1223000
1911,65-74,Female,765000
1911,75-84,Female,274000
1911,85+,Female,42000
1911,0-4,Male,1969000
1911,5-14,Male,3587000
1911,15-24,Male,3156000
1911,25-34,Male,2823000
1911,35-44,Male,2354000
1911,45-54,Male,1679000
1911,55-64,Male,1088000
1911,65-74,Male,614000
1911,75-84,Male,183000
1911,85+,Male,23000
1912,0-4,Female,1921000
1912,5-14,Female,3618000
1912,15-24,Female,3323000
1912,25-34,Female,3102000
1912,35-44,Female,2571000
1912,45-54,Female,1864000
1912,55-64,Female,1252000
1912,65-74,Female,775000
1912,75-84,Female,282000
1912,85+,Female,43000
1912,0-4,Male,1941000
1912,5-14,Male,3601000
1912,15-24,Male,3154000
1912,25-34,Male,2818000
1912,35-44,Male,2391000
1912,45-54,Male,1721000
1912,55-64,Male,1114000
1912,65-74,Male,623000
1912,75-84,Male,190000
1912,85+,Male,23000
1913,0-4,Female,1902000
1913,5-14,Female,3639000
1913,15-24,Female,3328000
1913,25-34,Female,3097000
1913,35-44,Female,2611000
1913,45-54,Female,1902000
1913,55-64,Female,1281000
1913,65-74,Female,788000
1913,75-84,Female,290000
1913,85+,Female,43000
1913,0-4,Male,1928000
1913,5-14,Male,3619000
1913,15-24,Male,3163000
1913,25-34,Male,2810000
1913,35-44,Male,2428000
1913,45-54,Male,1759000
1913,55-64,Male,1138000
1913,65-74,Male,632000
1913,75-84,Male,193000
1913,85+,Male,23000
1914,0-4,Female,1895000
1914,5-14,Female,3662000
1914,15-24,Female,3347000
1914,25-34,Female,3119000
1914,35-44,Female,2659000
1914,45-54,Female,1943000
1914,55-64,Female,1313000
1914,65-74,Female,794000
1914,75-84,Female,298000
1914,85+,Female,44000
1914,0-4,Male,1918000
1914,5-14,Male,3648000
1914,15-24,Male,3197000
1914,25-34,Male,2826000
1914,35-44,Male,2464000
1914,45-54,Male,1810000
1914,55-64,Male,1166000
1914,65-74,Male,641000
1914,75-84,Male,200000
1914,85+,Male,23000
1915,0-4,Female,1887000
1915,5-14,Female,3672000
1915,15-24,Female,3364000
1915,25-34,Female,3146000
1915,35-44,Female,2712000
1915,45-54,Female,1994000
1915,55-64,Female,1348000
1915,65-74,Female,804000
1915,75-84,Female,303000
1915,85+,Female,45000
1915,0-4,Male,1906000
1915,5-14,Male,3663000
1915,15-24,Male,2301000
1915,25-34,Male,1998000
1915,35-44,Male,2245000
1915,45-54,Male,1818000
1915,55-64,Male,1207000
1915,65-74,Male,648000
1915,75-84,Male,200000
1915,85+,Male,23000
1916,0-4,Female,1853000
1916,5-14,Female,3670000
1916,15-24,Female,3406000
1916,25-34,Female,3144000
1916,35-44,Female,2757000
1916,45-54,Female,2038000
1916,55-64,Female,1378000
1916,65-74,Female,819000
1916,75-84,Female,306000
1916,85+,Female,45000
1916,0-4,Male,1871000
1916,5-14,Male,3664000
1916,15-24,Male,2046000
1916,25-34,Male,1588000
1916,35-44,Male,2110000
1916,45-54,Male,1839000
1916,55-64,Male,1224000
1916,65-74,Male,656000
1916,75-84,Male,205000
1916,85+,Male,23000
1917,0-4,Female,1795000
1917,5-14,Female,3668000
1917,15-24,Female,3425000
1917,25-34,Female,3158000
1917,35-44,Female,2794000
1917,45-54,Female,2091000
1917,55-64,Female,1409000
1917,65-74,Female,838000
1917,75-84,Female,308000
1917,85+,Female,46000
1917,0-4,Male,1813000
1917,5-14,Male,3677000
1917,15-24,Male,1898000
1917,25-34,Male,1291000
1917,35-44,Male,1967000
1917,45-54,Male,1870000
1917,55-64,Male,1253000
1917,65-74,Male,666000
1917,75-84,Male,206000
1917,85+,Male,24000
1918,0-4,Female,1689000
1918,5-14,Female,3671000
1918,15-24,Female,3440000
1918,25-34,Female,3160000
1918,35-44,Female,2823000
1918,45-54,Female,2142000
1918,55-64,Female,1442000
1918,65-74,Female,859000
1918,75-84,Female,315000
1918,85+,Female,47000
1918,0-4,Male,1710000
1918,5-14,Male,3685000
1918,15-24,Male,1937000
1918,25-34,Male,1134000
1918,35-44,Male,1890000
1918,45-54,Male,1886000
1918,55-64,Male,1283000
1918,65-74,Male,676000
1918,75-84,Male,210000
1918,85+,Male,25000
1919,0-4,Female,1567000
1919,5-14,Female,3660000
1919,15-24,Female,3443000
1919,25-34,Female,3139000
1919,35-44,Female,2833000
1919,45-54,Female,2190000
1919,55-64,Female,1472000
1919,65-74,Female,880000
1919,75-84,Female,324000
1919,85+,Female,48000
1919,0-4,Male,1594000
1919,5-14,Male,3670000
1919,15-24,Male,2540000
1919,25-34,Male,1745000
1919,35-44,Male,2102000
1919,45-54,Male,1975000
1919,55-64,Male,1316000
1919,65-74,Male,692000
1919,75-84,Male,212000
1919,85+,Male,25000
1920,0-4,Female,1603000
1920,5-14,Female,3624000
1920,15-24,Female,3460000
1920,25-34,Female,3107000
1920,35-44,Female,2852000
1920,45-54,Female,2233000
1920,55-64,Female,1499000
1920,65-74,Female,901000
1920,75-84,Female,335000
1920,85+,Female,50000
1920,0-4,Male,1639000
1920,5-14,Male,3644000
1920,15-24,Male,3028000
1920,25-34,Male,2472000
1920,35-44,Male,2436000
1920,45-54,Male,2051000
1920,55-64,Male,1357000
1920,65-74,Male,713000
1920,75-84,Male,218000
1920,85+,Male,25000
1921,0-4,Female,1663000
1921,5-14,Female,3575000
1921,15-24,Female,3478000
1921,25-34,Female,3140000
1921,35-44,Female,2850000
1921,45-54,Female,2287000
1921,55-64,Female,1530000
1921,65-74,Female,913000
1921,75-84,Female,234000
1921,85+,Female,164000
1921,0-4,Male,1704000
1921,5-14,Male,3604000
1921,15-24,Male,3176000
1921,25-34,Male,2621000
1921,35-44,Male,2496000
1921,45-54,Male,2133000
1921,55-64,Male,1383000
1921,65-74,Male,730000
1921,75-84,Male,159000
1921,85+,Male,92000
1922,0-4,Female,1714000
1922,5-14,Female,3503000
1922,15-24,Female,3486000
1922,25-34,Female,3161000
1922,35-44,Female,2863000
1922,45-54,Female,2324000
1922,55-64,Female,1565000
1922,65-74,Female,935000
1922,75-84,Female,239000
1922,85+,Female,166000
1922,0-4,Male,1759000
1922,5-14,Male,3538000
1922,15-24,Male,3239000
1922,25-34,Male,2632000
1922,35-44,Male,2497000
1922,45-54,Male,2165000
1922,55-64,Male,1415000
1922,65-74,Male,750000
1922,75-84,Male,160000
1922,85+,Male,94000
1923,0-4,Female,1786000
1923,5-14,Female,3387000
1923,15-24,Female,3506000
1923,25-34,Female,3182000
1923,35-44,Female,2871000
1923,45-54,Female,2369000
1923,55-64,Female,1602000
1923,65-74,Female,961000
1923,75-84,Female,247000
1923,85+,Female,172000
1923,0-4,Male,1835000
1923,5-14,Male,3422000
1923,15-24,Male,3301000
1923,25-34,Male,2634000
1923,35-44,Male,2496000
1923,45-54,Male,2194000
1923,55-64,Male,1451000
1923,65-74,Male,772000
1923,75-84,Male,164000
1923,85+,Male,97000
1924,0-4,Female,1844000
1924,5-14,Female,3283000
1924,15-24,Female,3537000
1924,25-34,Female,3208000
1924,35-44,Female,2881000
1924,45-54,Female,2421000
1924,55-64,Female,1644000
1924,65-74,Female,979000
1924,75-84,Female,251000
1924,85+,Female,176000
1924,0-4,Male,1894000
1924,5-14,Male,3325000
1924,15-24,Male,3401000
1924,25-34,Male,2678000
1924,35-44,Male,2502000
1924,45-54,Male,2229000
1924,55-64,Male,1487000
1924,65-74,Male,789000
1924,75-84,Male,167000
1924,85+,Male,99000
1925,0-4,Female,1763000
1925,5-14,Female,3307000
1925,15-24,Female,3534000
1925,25-34,Female,3243000
1925,35-44,Female,2884000
1925,45-54,Female,2463000
1925,55-64,Female,1680000
1925,65-74,Female,1001000
1925,75-84,Female,250000
1925,85+,Female,185000
1925,0-4,Male,1807000
1925,5-14,Male,3347000
1925,15-24,Male,3415000
1925,25-34,Male,2713000
1925,35-44,Male,2493000
1925,45-54,Male,2250000
1925,55-64,Male,1522000
1925,65-74,Male,809000
1925,75-84,Male,165000
1925,85+,Male,104000
1926,0-4,Female,1682000
1926,5-14,Female,3332000
1926,15-24,Female,3539000
1926,25-34,Female,3236000
1926,35-44,Female,2887000
1926,45-54,Female,2497000
1926,55-64,Female,1728000
1926,65-74,Female,1039000
1926,75-84,Female,261000
1926,85+,Female,191000
1926,0-4,Male,1725000
1926,5-14,Male,3380000
1926,15-24,Male,3438000
1926,25-34,Male,2736000
1926,35-44,Male,2487000
1926,45-54,Male,2270000
1926,55-64,Male,1565000
1926,65-74,Male,841000
1926,75-84,Male,172000
1926,85+,Male,108000
1927,0-4,Female,1622000
1927,5-14,Female,3339000
1927,15-24,Female,3537000
1927,25-34,Female,3258000
1927,35-44,Female,2894000
1927,45-54,Female,2531000
1927,55-64,Female,1776000
1927,65-74,Female,1061000
1927,75-84,Female,271000
1927,85+,Female,195000
1927,0-4,Male,1659000
1927,5-14,Male,3386000
1927,15-24,Male,3448000
1927,25-34,Male,2787000
1927,35-44,Male,2482000
1927,45-54,Male,2284000
1927,55-64,Male,1608000
1927,65-74,Male,858000
1927,75-84,Male,181000
1927,85+,Male,109000
1928,0-4,Female,1581000
1928,5-14,Female,3313000
1928,15-24,Female,3538000
1928,25-34,Female,3280000
1928,35-44,Female,2902000
1928,45-54,Female,2563000
1928,55-64,Female,1828000
1928,65-74,Female,1098000
1928,75-84,Female,282000
1928,85+,Female,201000
1928,0-4,Male,1615000
1928,5-14,Male,3367000
1928,15-24,Male,3447000
1928,25-34,Male,2852000
1928,35-44,Male,2484000
1928,45-54,Male,2294000
1928,55-64,Male,1649000
1928,65-74,Male,885000
1928,75-84,Male,191000
1928,85+,Male,113000
1929,0-4,Female,1539000
1929,5-14,Female,3276000
1929,15-24,Female,3545000
1929,25-34,Female,3302000
1929,35-44,Female,2923000
1929,45-54,Female,2582000
1929,55-64,Female,1871000
1929,65-74,Female,1122000
1929,75-84,Female,278000
1929,85+,Female,201000
1929,0-4,Male,1575000
1929,5-14,Male,3335000
1929,15-24,Male,3456000
1929,25-34,Male,2919000
1929,35-44,Male,2494000
1929,45-54,Male,2288000
1929,55-64,Male,1688000
1929,65-74,Male,904000
1929,75-84,Male,189000
1929,85+,Male,113000
1930,0-4,Female,1511000
1930,5-14,Female,3241000
1930,15-24,Female,3532000
1930,25-34,Female,3325000
1930,35-44,Female,2939000
1930,45-54,Female,2610000
1930,55-64,Female,1913000
1930,65-74,Female,1163000
1930,75-84,Female,293000
1930,85+,Female,202000
1930,0-4,Male,1545000
1930,5-14,Male,3310000
1930,15-24,Male,3446000
1930,25-34,Male,3001000
1930,35-44,Male,2504000
1930,45-54,Male,2297000
1930,55-64,Male,1719000
1930,65-74,Male,940000
1930,75-84,Male,199000
1930,85+,Male,111000
1931,0-4,Female,1489100
1931,5-14,Female,3234100
1931,15-24,Female,3499500
1931,25-34,Female,3353700
1931,35-44,Female,2959200
1931,45-54,Female,2625900
1931,55-64,Female,1972100
1931,65-74,Female,1184500
1931,75-84,Female,299400
1931,85+,Female,210500
1931,0-4,Male,1522700
1931,5-14,Male,3299700
1931,15-24,Male,3403900
1931,25-34,Male,3089100
1931,35-44,Male,2513000
1931,45-54,Male,2287800
1931,55-64,Male,1766300
1931,65-74,Male,955300
1931,75-84,Male,205900
1931,85+,Male,116300
1932,0-4,Female,1470300
1932,5-14,Female,3234600
1932,15-24,Female,3440000
1932,25-34,Female,3393200
1932,35-44,Female,2980200
1932,45-54,Female,2648400
1932,55-64,Female,2013900
1932,65-74,Female,1215600
1932,75-84,Female,308900
1932,85+,Female,215900
1932,0-4,Male,1507800
1932,5-14,Male,3298800
1932,15-24,Male,3360100
1932,25-34,Male,3175600
1932,35-44,Male,2528300
1932,45-54,Male,2296700
1932,55-64,Male,1800900
1932,65-74,Male,981300
1932,75-84,Male,211300
1932,85+,Male,119200
1933,0-4,Female,1447000
1933,5-14,Female,3259700
1933,15-24,Female,3343000
1933,25-34,Female,3432900
1933,35-44,Female,3001600
1933,45-54,Female,2666400
1933,55-64,Female,2056500
1933,65-74,Female,1247200
1933,75-84,Female,318200
1933,85+,Female,220500
1933,0-4,Male,1486600
1933,5-14,Male,3323800
1933,15-24,Male,3271300
1933,25-34,Male,3251100
1933,35-44,Male,2541900
1933,45-54,Male,2302300
1933,55-64,Male,1833000
1933,65-74,Male,1008400
1933,75-84,Male,216100
1933,85+,Male,122000
1934,0-4,Female,1415400
1934,5-14,Female,3284800
1934,15-24,Female,3245800
1934,25-34,Female,3465300
1934,35-44,Female,3024300
1934,45-54,Female,2682200
1934,55-64,Female,2098400
1934,65-74,Female,1280400
1934,75-84,Female,328700
1934,85+,Female,229700
1934,0-4,Male,1456500
1934,5-14,Male,3344900
1934,15-24,Male,3181500
1934,25-34,Male,3309000
1934,35-44,Male,2565200
1934,45-54,Male,2307000
1934,55-64,Male,1860500
1934,65-74,Male,1036900
1934,75-84,Male,223600
1934,85+,Male,126900
1935,0-4,Female,1393500
1935,5-14,Female,3174500
1935,15-24,Female,3292900
1935,25-34,Female,3490000
1935,35-44,Female,3052600
1935,45-54,Female,2701400
1935,55-64,Female,2143600
1935,65-74,Female,1316700
1935,75-84,Female,339500
1935,85+,Female,240300
1935,0-4,Male,1439000
1935,5-14,Male,3228200
1935,15-24,Male,3240200
1935,25-34,Male,3345600
1935,35-44,Male,2611900
1935,45-54,Male,2315700
1935,55-64,Male,1887700
1935,65-74,Male,1068600
1935,75-84,Male,230800
1935,85+,Male,132300
1936,0-4,Female,1374600
1936,5-14,Female,3092100
1936,15-24,Female,3322600
1936,25-34,Female,3511300
1936,35-44,Female,3088900
1936,45-54,Female,2721300
1936,55-64,Female,2185200
1936,65-74,Female,1353700
1936,75-84,Female,350600
1936,85+,Female,247700
1936,0-4,Male,1423500
1936,5-14,Male,3145300
1936,15-24,Male,3276200
1936,25-34,Male,3358900
1936,35-44,Male,2672900
1936,45-54,Male,2330300
1936,55-64,Male,1914600
1936,65-74,Male,1098400
1936,75-84,Male,236100
1936,85+,Male,135400
1937,0-4,Female,1369100
1937,5-14,Female,3020400
1937,15-24,Female,3332700
1937,25-34,Female,3517400
1937,35-44,Female,3120600
1937,45-54,Female,2738700
1937,55-64,Female,2222400
1937,65-74,Female,1389800
1937,75-84,Female,360500
1937,85+,Female,254400
1937,0-4,Male,1420400
1937,5-14,Male,3073500
1937,15-24,Male,3307700
1937,25-34,Male,3378300
1937,35-44,Male,2742200
1937,45-54,Male,2342600
1937,55-64,Male,1932600
1937,65-74,Male,1127200
1937,75-84,Male,242700
1937,85+,Male,137800
1938,0-4,Female,1380500
1938,5-14,Female,2962700
1938,15-24,Female,3319300
1938,25-34,Female,3518500
1938,35-44,Female,3155200
1938,45-54,Female,2759700
1938,55-64,Female,2258800
1938,65-74,Female,1431100
1938,75-84,Female,371300
1938,85+,Female,265900
1938,0-4,Male,1433700
1938,5-14,Male,3011000
1938,15-24,Male,3302500
1938,25-34,Male,3386500
1938,35-44,Male,2808000
1938,45-54,Male,2352700
1938,55-64,Male,1946900
1938,65-74,Male,1158700
1938,75-84,Male,248900
1938,85+,Male,143100
1939,0-4,Female,1403800
1939,5-14,Female,2906000
1939,15-24,Female,3301300
1939,25-34,Female,3528400
1939,35-44,Female,3200300
1939,45-54,Female,2788000
1939,55-64,Female,2297000
1939,65-74,Female,1477100
1939,75-84,Female,381100
1939,85+,Female,275500
1939,0-4,Male,1460100
1939,5-14,Male,2956000
1939,15-24,Male,3154800
1939,25-34,Male,3329400
1939,35-44,Male,2859100
1939,45-54,Male,2367300
1939,55-64,Male,1962600
1939,65-74,Male,1194400
1939,75-84,Male,255100
1939,85+,Male,148700
1940,0-4,Female,1412000
1940,5-14,Female,2868000
1940,15-24,Female,3278000
1940,25-34,Female,3535000
1940,35-44,Female,3242000
1940,45-54,Female,2811000
1940,55-64,Female,2329000
1940,65-74,Female,1500000
1940,75-84,Female,584000
1940,85+,Female,87000
1940,0-4,Male,1469000
1940,5-14,Male,2923000
1940,15-24,Male,2351000
1940,25-34,Male,2781000
1940,35-44,Male,2785000
1940,45-54,Male,2340000
1940,55-64,Male,1974000
1940,65-74,Male,1211000
1940,75-84,Male,369000
1940,85+,Male,40000
1941,0-4,Female,1393000
1941,5-14,Female,2819000
1941,15-24,Female,3191000
1941,25-34,Female,3464000
1941,35-44,Female,3258000
1941,45-54,Female,2824000
1941,55-64,Female,2354000
1941,65-74,Female,1523000
1941,75-84,Female,600000
1941,85+,Female,89000
1941,0-4,Male,1449000
1941,5-14,Male,2881000
1941,15-24,Male,2024000
1941,25-34,Male,2120000
1941,35-44,Male,2764000
1941,45-54,Male,2363000
1941,55-64,Male,1976000
1941,65-74,Male,1228000
1941,75-84,Male,381000
1941,85+,Male,42000
1942,0-4,Female,1400000
1942,5-14,Female,2801000
1942,15-24,Female,3048000
1942,25-34,Female,3380000
1942,35-44,Female,3294000
1942,45-54,Female,2848000
1942,55-64,Female,2386000
1942,65-74,Female,1565000
1942,75-84,Female,624000
1942,85+,Female,95000
1942,0-4,Male,1460000
1942,5-14,Male,2865000
1942,15-24,Male,1892000
1942,25-34,Male,1881000
1942,35-44,Male,2651000
1942,45-54,Male,2364000
1942,55-64,Male,1988000
1942,65-74,Male,1258000
1942,75-84,Male,398000
1942,85+,Male,45000
1943,0-4,Female,1430000
1943,5-14,Female,2795000
1943,15-24,Female,2988000
1943,25-34,Female,3278000
1943,35-44,Female,3331000
1943,45-54,Female,2876000
1943,55-64,Female,2416000
1943,65-74,Female,1612000
1943,75-84,Female,653000
1943,85+,Female,105000
1943,0-4,Male,1491000
1943,5-14,Male,2867000
1943,15-24,Male,1686000
1943,25-34,Male,1611000
1943,35-44,Male,2570000
1943,45-54,Male,2357000
1943,55-64,Male,1991000
1943,65-74,Male,1289000
1943,75-84,Male,421000
1943,85+,Male,51000
1944,0-4,Female,1476000
1944,5-14,Female,2788000
1944,15-24,Female,3019000
1944,25-34,Female,3170000
1944,35-44,Female,3366000
1944,45-54,Female,2902000
1944,55-64,Female,2438000
1944,65-74,Female,1649000
1944,75-84,Female,675000
1944,85+,Female,114000
1944,0-4,Male,1542000
1944,5-14,Male,2865000
1944,15-24,Male,1670000
1944,25-34,Male,1414000
1944,35-44,Male,2531000
1944,45-54,Male,2368000
1944,55-64,Male,1993000
1944,65-74,Male,1309000
1944,75-84,Male,440000
1944,85+,Male,56000
1945,0-4,Female,1527000
1945,5-14,Female,2772000
1945,15-24,Female,2926000
1945,25-34,Female,3195000
1945,35-44,Female,3392000
1945,45-54,Female,2930000
1945,55-64,Female,2461000
1945,65-74,Female,1692000
1945,75-84,Female,700000
1945,85+,Female,121000
1945,0-4,Male,1600000
1945,5-14,Male,2856000
1945,15-24,Male,1623000
1945,25-34,Male,1392000
1945,35-44,Male,2458000
1945,45-54,Male,2417000
1945,55-64,Male,2008000
1945,65-74,Male,1328000
1945,75-84,Male,459000
1945,85+,Male,59000
1946,0-4,Female,1592000
1946,5-14,Female,2723000
1946,15-24,Female,3022000
1946,25-34,Female,3305000
1946,35-44,Female,3403000
1946,45-54,Female,2947000
1946,55-64,Female,2427000
1946,65-74,Female,1719000
1946,75-84,Female,718000
1946,85+,Female,123000
1946,0-4,Male,1671000
1946,5-14,Male,2806000
1946,15-24,Male,1946000
1946,25-34,Male,2672000
1946,35-44,Male,3142000
1946,45-54,Male,2502000
1946,55-64,Male,1992000
1946,65-74,Male,1349000
1946,75-84,Male,478000
1946,85+,Male,58000
1947,0-4,Female,1716000
1947,5-14,Female,2746000
1947,15-24,Female,2955000
1947,25-34,Female,3311000
1947,35-44,Female,3410000
1947,45-54,Female,2974000
1947,55-64,Female,2444000
1947,65-74,Female,1755000
1947,75-84,Female,738000
1947,85+,Female,125000
1947,0-4,Male,1806000
1947,5-14,Male,2843000
1947,15-24,Male,2173000
1947,25-34,Male,3045000
1947,35-44,Male,3259000
1947,45-54,Male,2580000
1947,55-64,Male,2001000
1947,65-74,Male,1359000
1947,75-84,Male,489000
1947,85+,Male,57000
1948,0-4,Female,1780000
1948,5-14,Female,2784000
1948,15-24,Female,2932000
1948,25-34,Female,3289000
1948,35-44,Female,3419000
1948,45-54,Female,3010000
1948,55-64,Female,2470000
1948,65-74,Female,1790000
1948,75-84,Female,771000
1948,85+,Female,135000
1948,0-4,Male,1872000
1948,5-14,Male,2888000
1948,15-24,Male,2517000
1948,25-34,Male,3148000
1948,35-44,Male,3313000
1948,45-54,Male,2665000
1948,55-64,Male,2020000
1948,65-74,Male,1372000
1948,75-84,Male,513000
1948,85+,Male,62000
1949,0-4,Female,1803000
1949,5-14,Female,2844000
1949,15-24,Female,2904000
1949,25-34,Female,3253000
1949,35-44,Female,3427000
1949,45-54,Female,3051000
1949,55-64,Female,2490000
1949,65-74,Female,1816000
1949,75-84,Female,792000
1949,85+,Female,140000
1949,0-4,Male,1898000
1949,5-14,Male,2952000
1949,15-24,Male,2526000
1949,25-34,Male,3135000
1949,35-44,Male,3336000
1949,45-54,Male,2739000
1949,55-64,Male,2026000
1949,65-74,Male,1376000
1949,75-84,Male,527000
1949,85+,Male,65000
1950,0-4,Female,1818000
1950,5-14,Female,2894000
1950,15-24,Female,2899000
1950,25-34,Female,3220000
1950,35-44,Female,3431000
1950,45-54,Female,3088000
1950,55-64,Female,2513000
1950,65-74,Female,1841000
1950,75-84,Female,812000
1950,85+,Female,145000
1950,0-4,Male,1907000
1950,5-14,Male,3011000
1950,15-24,Male,2832000
1950,25-34,Male,3188000
1950,35-44,Male,3381000
1950,45-54,Male,2822000
1950,55-64,Male,2038000
1950,65-74,Male,1380000
1950,75-84,Male,542000
1950,85+,Male,68000
1951,0-4,Female,1819000
1951,5-14,Female,2945000
1951,15-24,Female,2857000
1951,25-34,Female,3219000
1951,35-44,Female,3385000
1951,45-54,Female,3129000
1951,55-64,Female,2553000
1951,65-74,Female,1887000
1951,75-84,Female,837000
1951,85+,Female,140000
1951,0-4,Male,1910000
1951,5-14,Male,3064000
1951,15-24,Male,2750000
1951,25-34,Male,3148000
1951,35-44,Male,3285000
1951,45-54,Male,2878000
1951,55-64,Male,2033000
1951,65-74,Male,1372000
1951,75-84,Male,543000
1951,85+,Male,61000
1952,0-4,Female,1711000
1952,5-14,Female,3085000
1952,15-24,Female,2838000
1952,25-34,Female,3220000
1952,35-44,Female,3329000
1952,45-54,Female,3160000
1952,55-64,Female,2577000
1952,65-74,Female,1910000
1952,75-84,Female,867000
1952,85+,Female,148000
1952,0-4,Male,1794000
1952,5-14,Male,3216000
1952,15-24,Male,2719000
1952,25-34,Male,3158000
1952,35-44,Male,3228000
1952,45-54,Male,2948000
1952,55-64,Male,2050000
1952,65-74,Male,1377000
1952,75-84,Male,555000
1952,85+,Male,65000
1953,0-4,Female,1651000
1953,5-14,Female,3176000
1953,15-24,Female,2827000
1953,25-34,Female,3245000
1953,35-44,Female,3237000
1953,45-54,Female,3194000
1953,55-64,Female,2603000
1953,65-74,Female,1927000
1953,75-84,Female,891000
1953,85+,Female,152000
1953,0-4,Male,1734000
1953,5-14,Male,3315000
1953,15-24,Male,2733000
1953,25-34,Male,3201000
1953,35-44,Male,3135000
1953,45-54,Male,3012000
1953,55-64,Male,2071000
1953,65-74,Male,1376000
1953,75-84,Male,561000
1953,85+,Male,68000
1954,0-4,Female,1623000
1954,5-14,Female,3240000
1954,15-24,Female,2820000
1954,25-34,Female,3276000
1954,35-44,Female,3140000
1954,45-54,Female,3222000
1954,55-64,Female,2633000
1954,65-74,Female,1948000
1954,75-84,Female,923000
1954,85+,Female,161000
1954,0-4,Male,1703000
1954,5-14,Male,3389000
1954,15-24,Male,2716000
1954,25-34,Male,3244000
1954,35-44,Male,3042000
1954,45-54,Male,3063000
1954,55-64,Male,2106000
1954,65-74,Male,1380000
1954,75-84,Male,571000
1954,85+,Male,74000
1955,0-4,Female,1601000
1955,5-14,Female,3296000
1955,15-24,Female,2804000
1955,25-34,Female,3176000
1955,35-44,Female,3188000
1955,45-54,Female,3243000
1955,55-64,Female,2669000
1955,65-74,Female,1962000
1955,75-84,Female,946000
1955,85+,Female,167000
1955,0-4,Male,1682000
1955,5-14,Male,3447000
1955,15-24,Male,2737000
1955,25-34,Male,3147000
1955,35-44,Male,3092000
1955,45-54,Male,3102000
1955,55-64,Male,2149000
1955,65-74,Male,1381000
1955,75-84,Male,574000
1955,85+,Male,78000
1956,0-4,Female,1604000
1956,5-14,Female,3358000
1956,15-24,Female,2778000
1956,25-34,Female,3100000
1956,35-44,Female,3216000
1956,45-54,Female,3263000
1956,55-64,Female,2703000
1956,65-74,Female,1982000
1956,75-84,Female,973000
1956,85+,Female,173000
1956,0-4,Male,1687000
1956,5-14,Male,3516000
1956,15-24,Male,2732000
1956,25-34,Male,3089000
1956,35-44,Male,3119000
1956,45-54,Male,3129000
1956,55-64,Male,2200000
1956,65-74,Male,1386000
1956,75-84,Male,579000
1956,85+,Male,80000
1957,0-4,Female,1621000
1957,5-14,Female,3387000
1957,15-24,Female,2775000
1957,25-34,Female,3038000
1957,35-44,Female,3227000
1957,45-54,Female,3273000
1957,55-64,Female,2742000
1957,65-74,Female,2009000
1957,75-84,Female,1003000
1957,85+,Female,184000
1957,0-4,Male,1707000
1957,5-14,Male,3546000
1957,15-24,Male,2757000
1957,25-34,Male,3036000
1957,35-44,Male,3124000
1957,45-54,Male,3147000
1957,55-64,Male,2261000
1957,65-74,Male,1396000
1957,75-84,Male,588000
1957,85+,Male,86000
1958,0-4,Female,1648000
1958,5-14,Female,3395000
1958,15-24,Female,2814000
1958,25-34,Female,2990000
1958,35-44,Female,3212000
1958,45-54,Female,3284000
1958,55-64,Female,2783000
1958,65-74,Female,2028000
1958,75-84,Female,1023000
1958,85+,Female,188000
1958,0-4,Male,1735000
1958,5-14,Male,3555000
1958,15-24,Male,2808000
1958,25-34,Male,2985000
1958,35-44,Male,3110000
1958,45-54,Male,3161000
1958,55-64,Male,2318000
1958,65-74,Male,1396000
1958,75-84,Male,588000
1958,85+,Male,88000
1959,0-4,Female,1681000
1959,5-14,Female,3388000
1959,15-24,Female,2886000
1959,25-34,Female,2941000
1959,35-44,Female,3195000
1959,45-54,Female,3295000
1959,55-64,Female,2826000
1959,65-74,Female,2052000
1959,75-84,Female,1044000
1959,85+,Female,193000
1959,0-4,Male,1771000
1959,5-14,Male,3548000
1959,15-24,Male,2895000
1959,25-34,Male,2943000
1959,35-44,Male,3095000
1959,45-54,Male,3171000
1959,55-64,Male,2382000
1959,65-74,Male,1401000
1959,75-84,Male,589000
1959,85+,Male,90000
1960,0-4,Female,1726000
1960,5-14,Female,3388000
1960,15-24,Female,2967000
1960,25-34,Female,2907000
1960,35-44,Female,3171000
1960,45-54,Female,3301000
1960,55-64,Female,2862000
1960,65-74,Female,2082000
1960,75-84,Female,1066000
1960,85+,Female,208000
1960,0-4,Male,1821000
1960,5-14,Male,3550000
1960,15-24,Male,2985000
1960,25-34,Male,2930000
1960,35-44,Male,3094000
1960,45-54,Male,3166000
1960,55-64,Male,2453000
1960,65-74,Male,1409000
1960,75-84,Male,595000
1960,85+,Male,94000
1961,0-4,Female,1778200
1961,5-14,Female,3391100
1961,15-24,Female,3050300
1961,25-34,Female,2882300
1961,35-44,Female,3166200
1961,45-54,Female,3282700
1961,55-64,Female,2893300
1961,65-74,Female,2104600
1961,75-84,Female,1083100
1961,85+,Female,217400
1961,0-4,Male,1877900
1961,5-14,Male,3559200
1961,15-24,Male,3080200
1961,25-34,Male,2942900
1961,35-44,Male,3126600
1961,45-54,Male,3130900
1961,55-64,Male,2521400
1961,65-74,Male,1420700
1961,75-84,Male,595000
1961,85+,Male,92200
1962,0-4,Female,1842500
1962,5-14,Female,3324600
1962,15-24,Female,3178800
1962,25-34,Female,2885300
1962,35-44,Female,3176900
1962,45-54,Female,3236600
1962,55-64,Female,2929800
1962,65-74,Female,2125000
1962,75-84,Female,1101800
1962,85+,Female,224700
1962,0-4,Male,1945900
1962,5-14,Male,3504800
1962,15-24,Male,3243600
1962,25-34,Male,2967100
1962,35-44,Male,3159200
1962,45-54,Male,3098400
1962,55-64,Male,2586200
1962,65-74,Male,1436500
1962,75-84,Male,595400
1962,85+,Male,94300
1963,0-4,Female,1900600
1963,5-14,Female,3292800
1963,15-24,Female,3271600
1963,25-34,Female,2882100
1963,35-44,Female,3209800
1963,45-54,Female,3151800
1963,55-64,Female,2978500
1963,65-74,Female,2147400
1963,75-84,Female,1122000
1963,85+,Female,229800
1963,0-4,Male,2000700
1963,5-14,Male,3481900
1963,15-24,Male,3340300
1963,25-34,Male,2959600
1963,35-44,Male,3191400
1963,45-54,Male,3020900
1963,55-64,Male,2650200
1963,65-74,Male,1451700
1963,75-84,Male,595500
1963,85+,Male,94300
1964,0-4,Female,1955400
1964,5-14,Female,3295600
1964,15-24,Female,3325800
1964,25-34,Female,2870900
1964,35-44,Female,3235400
1964,45-54,Female,3074600
1964,55-64,Female,3020400
1964,65-74,Female,2174400
1964,75-84,Female,1151600
1964,85+,Female,241600
1964,0-4,Male,2049400
1964,5-14,Male,3491800
1964,15-24,Male,3413800
1964,25-34,Male,2959600
1964,35-44,Male,3221900
1964,45-54,Male,2954100
1964,55-64,Male,2708100
1964,65-74,Male,1476800
1964,75-84,Male,605500
1964,85+,Male,97500
1965,0-4,Female,2005800
1965,5-14,Female,3318300
1965,15-24,Female,3367900
1965,25-34,Female,2870000
1965,35-44,Female,3154000
1965,45-54,Female,3108800
1965,55-64,Female,3048800
1965,65-74,Female,2216900
1965,75-84,Female,1176900
1965,85+,Female,253200
1965,0-4,Male,2094800
1965,5-14,Male,3522200
1965,15-24,Male,3469900
1965,25-34,Male,2951100
1965,35-44,Male,3145500
1965,45-54,Male,2992000
1965,55-64,Male,2744900
1965,65-74,Male,1517100
1965,75-84,Male,613500
1965,85+,Male,99600
1966,0-4,Female,2029500
1966,5-14,Female,3362900
1966,15-24,Female,3443100
1966,25-34,Female,2860900
1966,35-44,Female,3081300
1966,45-54,Female,3133700
1966,55-64,Female,3058900
1966,65-74,Female,2252300
1966,75-84,Female,1187400
1966,85+,Female,260700
1966,0-4,Male,2121900
1966,5-14,Male,3566300
1966,15-24,Male,3529500
1966,25-34,Male,2961600
1966,35-44,Male,3092100
1966,45-54,Male,3018300
1966,55-64,Male,2753200
1966,65-74,Male,1546500
1966,75-84,Male,607000
1966,85+,Male,99400
1967,0-4,Female,2036000
1967,5-14,Female,3431700
1967,15-24,Female,3481300
1967,25-34,Female,2863200
1967,35-44,Female,3018300
1967,45-54,Female,3144200
1967,55-64,Female,3070700
1967,65-74,Female,2288400
1967,75-84,Female,1214200
1967,85+,Female,272700
1967,0-4,Male,2127100
1967,5-14,Male,3634800
1967,15-24,Male,3575900
1967,25-34,Male,2961900
1967,35-44,Male,3041200
1967,45-54,Male,3025300
1967,55-64,Male,2769000
1967,65-74,Male,1594600
1967,75-84,Male,619600
1967,85+,Male,102000
1968,0-4,Female,2035000
1968,5-14,Female,3520000
1968,15-24,Female,3497300
1968,25-34,Female,2890400
1968,35-44,Female,2967500
1968,45-54,Female,3123300
1968,55-64,Female,3081100
1968,65-74,Female,2329100
1968,75-84,Female,1236200
1968,85+,Female,277200
1968,0-4,Male,2114400
1968,5-14,Male,3723300
1968,15-24,Male,3584900
1968,25-34,Male,2987800
1968,35-44,Male,2992400
1968,45-54,Male,3005800
1968,55-64,Male,2781900
1968,65-74,Male,1635600
1968,75-84,Male,626000
1968,85+,Male,101500
1969,0-4,Female,2017000
1969,5-14,Female,3601200
1969,15-24,Female,3496000
1969,25-34,Female,2936700
1969,35-44,Female,2916000
1969,45-54,Female,3099600
1969,55-64,Female,3089000
1969,65-74,Female,2371700
1969,75-84,Female,1258200
1969,85+,Female,286400
1969,0-4,Male,2087800
1969,5-14,Male,3810000
1969,15-24,Male,3593200
1969,25-34,Male,3031800
1969,35-44,Male,2943900
1969,45-54,Male,2985700
1969,55-64,Male,2794500
1969,65-74,Male,1682900
1969,75-84,Male,634000
1969,85+,Male,102600
1970,0-4,Female,1968400
1970,5-14,Female,3691600
1970,15-24,Female,3497000
1970,25-34,Female,2979700
1970,35-44,Female,2875000
1970,45-54,Female,3073400
1970,55-64,Female,3085600
1970,65-74,Female,2408200
1970,75-84,Female,1278500
1970,85+,Female,295700
1970,0-4,Male,2040200
1970,5-14,Male,3893600
1970,15-24,Male,3598300
1970,25-34,Male,3068700
1970,35-44,Male,2909800
1970,45-54,Male,2963300
1970,55-64,Male,2794300
1970,65-74,Male,1725100
1970,75-84,Male,641800
1970,85+,Male,103100
1971,0-4,Female,1923800
1971,5-14,Female,3748500
1971,15-24,Female,3501700
1971,25-34,Female,3035600
1971,35-44,Female,2844600
1971,45-54,Female,3074200
1971,55-64,Female,3061700
1971,65-74,Female,2450200
1971,75-84,Female,1289400
1971,85+,Female,325300
1971,0-4,Male,2027600
1971,5-14,Male,3956600
1971,15-24,Male,3615100
1971,25-34,Male,3128600
1971,35-44,Male,2891300
1971,45-54,Male,2977400
1971,55-64,Male,2773500
1971,65-74,Male,1777900
1971,75-84,Male,636600
1971,85+,Male,112400
1972,0-4,Female,1877300
1972,5-14,Female,3816300
1972,15-24,Female,3421200
1972,25-34,Female,3172200
1972,35-44,Female,2826300
1972,45-54,Female,3084300
1972,55-64,Female,3014000
1972,65-74,Female,2482000
1972,75-84,Female,1310000
1972,85+,Female,334900
1972,0-4,Male,1977000
1972,5-14,Male,4022800
1972,15-24,Male,3543500
1972,25-34,Male,3261800
1972,35-44,Male,2881800
1972,45-54,Male,2995700
1972,55-64,Male,2728000
1972,65-74,Male,1821400
1972,75-84,Male,642900
1972,85+,Male,113700
1973,0-4,Female,1819500
1973,5-14,Female,3863000
1973,15-24,Female,3387400
1973,25-34,Female,3274500
1973,35-44,Female,2818600
1973,45-54,Female,3117700
1973,55-64,Female,2931800
1973,65-74,Female,2516700
1973,75-84,Female,1324600
1973,85+,Female,344700
1973,0-4,Male,1920000
1973,5-14,Male,4067800
1973,15-24,Male,3514800
1973,25-34,Male,3353500
1973,35-44,Male,2883200
1973,45-54,Male,3038600
1973,55-64,Male,2652400
1973,65-74,Male,1868600
1973,75-84,Male,647100
1973,85+,Male,114500
1974,0-4,Female,1738500
1974,5-14,Female,3888800
1974,15-24,Female,3386600
1974,25-34,Female,3330100
1974,35-44,Female,2806800
1974,45-54,Female,3141200
1974,55-64,Female,2854400
1974,65-74,Female,2549800
1974,75-84,Female,1343300
1974,85+,Female,353900
1974,0-4,Male,1837000
1974,5-14,Male,4094800
1974,15-24,Male,3519700
1974,25-34,Male,3413600
1974,35-44,Male,2877900
1974,45-54,Male,3068500
1974,55-64,Male,2580800
1974,65-74,Male,1911200
1974,75-84,Male,654400
1974,85+,Male,116600
1975,0-4,Female,1663500
1975,5-14,Female,3885700
1975,15-24,Female,3412700
1975,25-34,Female,3378300
1975,35-44,Female,2790100
1975,45-54,Female,3051900
1975,55-64,Female,2894300
1975,65-74,Female,2567700
1975,75-84,Female,1373700
1975,85+,Female,360500
1975,0-4,Male,1759100
1975,5-14,Male,4095000
1975,15-24,Male,3550800
1975,25-34,Male,3468000
1975,35-44,Male,2871600
1975,45-54,Male,2993300
1975,55-64,Male,2622000
1975,65-74,Male,1942200
1975,75-84,Male,671700
1975,85+,Male,117700
1976,0-4,Female,1568600
1976,5-14,Female,3875900
1976,15-24,Female,3466700
1976,25-34,Female,3446900
1976,35-44,Female,2764600
1976,45-54,Female,2979200
1976,55-64,Female,2921700
1976,65-74,Female,2577200
1976,75-84,Female,1402700
1976,85+,Female,366600
1976,0-4,Male,1657700
1976,5-14,Male,4090800
1976,15-24,Male,3609800
1976,25-34,Male,3531800
1976,35-44,Male,2843000
1976,45-54,Male,2933600
1976,55-64,Male,2649800
1976,65-74,Male,1963100
1976,75-84,Male,690300
1976,85+,Male,119200
1977,0-4,Female,1483100
1977,5-14,Female,3837200
1977,15-24,Female,3536200
1977,25-34,Female,3490800
1977,35-44,Female,2767700
1977,45-54,Female,2920100
1977,55-64,Female,2932700
1977,65-74,Female,2589900
1977,75-84,Female,1431100
1977,85+,Female,375400
1977,0-4,Male,1567800
1977,5-14,Male,4054200
1977,15-24,Male,3678700
1977,25-34,Male,3567200
1977,35-44,Male,2842900
1977,45-54,Male,2884300
1977,55-64,Male,2663300
1977,65-74,Male,1981900
1977,75-84,Male,715800
1977,85+,Male,120100
1978,0-4,Female,1430300
1978,5-14,Female,3774200
1978,15-24,Female,3610700
1978,25-34,Female,3509900
1978,35-44,Female,2808800
1978,45-54,Female,2871400
1978,55-64,Female,2917200
1978,65-74,Female,2604000
1978,75-84,Female,1463600
1978,85+,Female,385100
1978,0-4,Male,1508800
1978,5-14,Male,3987400
1978,15-24,Male,3749600
1978,25-34,Male,3580100
1978,35-44,Male,2879900
1978,45-54,Male,2845000
1978,55-64,Male,2653400
1978,65-74,Male,1999700
1978,75-84,Male,741500
1978,85+,Male,121900
1979,0-4,Female,1424200
1979,5-14,Female,3674900
1979,15-24,Female,3688900
1979,25-34,Female,3514500
1979,35-44,Female,2870200
1979,45-54,Female,2824600
1979,55-64,Female,2895300
1979,65-74,Female,2615300
1979,75-84,Female,1495300
1979,85+,Female,391900
1979,0-4,Male,1502100
1979,5-14,Male,3883700
1979,15-24,Male,3839500
1979,25-34,Male,3585900
1979,35-44,Male,2940900
1979,45-54,Male,2810300
1979,55-64,Male,2643600
1979,65-74,Male,2016200
1979,75-84,Male,767600
1979,85+,Male,123300
1980,0-4,Female,1438600
1980,5-14,Female,3565000
1980,15-24,Female,3784800
1980,25-34,Female,3515700
1980,35-44,Female,2921800
1980,45-54,Female,2793700
1980,55-64,Female,2872900
1980,65-74,Female,2619800
1980,75-84,Female,1532200
1980,85+,Female,403000
1980,0-4,Male,1516800
1980,5-14,Male,3762300
1980,15-24,Male,3936900
1980,25-34,Male,3578800
1980,35-44,Male,2988400
1980,45-54,Male,2786100
1980,55-64,Male,2635800
1980,65-74,Male,2028400
1980,75-84,Male,795400
1980,85+,Male,126600
1981,0-4,Female,1463500
1981,5-14,Female,3446400
1981,15-24,Female,3862700
1981,25-34,Female,3517200
1981,35-44,Female,2972100
1981,45-54,Female,2767900
1981,55-64,Female,2866700
1981,65-74,Female,2599300
1981,75-84,Female,1563800
1981,85+,Female,414600
1981,0-4,Male,1542000
1981,5-14,Male,3638600
1981,15-24,Male,4010800
1981,25-34,Male,3569100
1981,35-44,Male,3023900
1981,45-54,Male,2763800
1981,55-64,Male,2641300
1981,65-74,Male,2019800
1981,75-84,Male,824800
1981,85+,Male,126000
1982,0-4,Female,1491600
1982,5-14,Female,3318500
1982,15-24,Female,3914000
1982,25-34,Female,3425800
1982,35-44,Female,3105700
1982,45-54,Female,2751000
1982,55-64,Female,2875900
1982,65-74,Female,2556400
1982,75-84,Female,1595900
1982,85+,Female,427600
1982,0-4,Male,1569900
1982,5-14,Male,3498700
1982,15-24,Male,4054600
1982,25-34,Male,3463600
1982,35-44,Male,3150200
1982,45-54,Male,2751700
1982,55-64,Male,2660800
1982,65-74,Male,1989700
1982,75-84,Male,852200
1982,85+,Male,128300
1983,0-4,Female,1519200
1983,5-14,Female,3209100
1983,15-24,Female,3955200
1983,25-34,Female,3387300
1983,35-44,Female,3203300
1983,45-54,Female,2744800
1983,55-64,Female,2906900
1983,65-74,Female,2485500
1983,75-84,Female,1632100
1983,85+,Female,440300
1983,0-4,Male,1597200
1983,5-14,Male,3382400
1983,15-24,Male,4087900
1983,25-34,Male,3428700
1983,35-44,Male,3239200
1983,45-54,Male,2750800
1983,55-64,Male,2699700
1983,65-74,Male,1934600
1983,75-84,Male,881500
1983,85+,Male,131100
1984,0-4,Female,1526300
1984,5-14,Female,3130200
1984,15-24,Female,3978100
1984,25-34,Female,3398100
1984,35-44,Female,3276200
1984,45-54,Female,2740000
1984,55-64,Female,2933200
1984,65-74,Female,2423600
1984,75-84,Female,1666100
1984,85+,Female,456600
1984,0-4,Male,1602200
1984,5-14,Male,3299600
1984,15-24,Male,4106900
1984,25-34,Male,3446600
1984,35-44,Male,3311900
1984,45-54,Male,2750100
1984,55-64,Male,2731200
1984,65-74,Male,1890300
1984,75-84,Male,910500
1984,85+,Male,135400
1985,0-4,Female,1534900
1985,5-14,Female,3084300
1985,15-24,Female,3983900
1985,25-34,Female,3437000
1985,35-44,Female,3344900
1985,45-54,Female,2730100
1985,55-64,Female,2858500
1985,65-74,Female,2467700
1985,75-84,Female,1688700
1985,85+,Female,476400
1985,0-4,Male,1610300
1985,5-14,Male,3248800
1985,15-24,Male,4105100
1985,25-34,Male,3484000
1985,35-44,Male,3371600
1985,45-54,Male,2747300
1985,55-64,Male,2673000
1985,65-74,Male,1937900
1985,75-84,Male,934000
1985,85+,Male,142300
1986,0-4,Female,1549700
1986,5-14,Female,3032400
1986,15-24,Female,3977900
1986,25-34,Female,3509300
1986,35-44,Female,3417600
1986,45-54,Female,2706000
1986,55-64,Female,2798900
1986,65-74,Female,2497900
1986,75-84,Female,1704200
1986,85+,Female,493800
1986,0-4,Male,1627200
1986,5-14,Male,3193900
1986,15-24,Male,4082700
1986,25-34,Male,3542300
1986,35-44,Male,3438100
1986,45-54,Male,2724600
1986,55-64,Male,2630900
1986,65-74,Male,1971800
1986,75-84,Male,950500
1986,85+,Male,149400
1987,0-4,Female,1571500
1987,5-14,Female,2994200
1987,15-24,Female,3932700
1987,25-34,Female,3591900
1987,35-44,Female,3463600
1987,45-54,Female,2709700
1987,55-64,Female,2746300
1987,65-74,Female,2509800
1987,75-84,Female,1719100
1987,85+,Female,513500
1987,0-4,Male,1647600
1987,5-14,Male,3150500
1987,15-24,Male,4038900
1987,25-34,Male,3615200
1987,35-44,Male,3476000
1987,45-54,Male,2726900
1987,55-64,Male,2592200
1987,65-74,Male,1993200
1987,75-84,Male,971600
1987,85+,Male,158500
1988,0-4,Female,1601400
1988,5-14,Female,2976400
1988,15-24,Female,3854500
1988,25-34,Female,3673600
1988,35-44,Female,3487800
1988,45-54,Female,2749400
1988,55-64,Female,2702700
1988,65-74,Female,2504700
1988,75-84,Female,1736000
1988,85+,Female,533600
1988,0-4,Male,1677000
1988,5-14,Male,3127500
1988,15-24,Male,3962700
1988,25-34,Male,3686200
1988,35-44,Male,3491500
1988,45-54,Male,2766500
1988,55-64,Male,2564500
1988,65-74,Male,1999100
1988,75-84,Male,991000
1988,85+,Male,167500
1989,0-4,Female,1629800
1989,5-14,Female,2980000
1989,15-24,Female,3753200
1989,25-34,Female,3763100
1989,35-44,Female,3495600
1989,45-54,Female,2808700
1989,55-64,Female,2663100
1989,65-74,Female,2492600
1989,75-84,Female,1756100
1989,85+,Female,556100
1989,0-4,Male,1705100
1989,5-14,Male,3128400
1989,15-24,Male,3854900
1989,25-34,Male,3769600
1989,35-44,Male,3494300
1989,45-54,Male,2824100
1989,55-64,Male,2540700
1989,65-74,Male,2004500
1989,75-84,Male,1011100
1989,85+,Male,176800
1990,0-4,Female,1646000
1990,5-14,Female,3008000
1990,15-24,Female,3637600
1990,25-34,Female,3858600
1990,35-44,Female,3502800
1990,45-54,Female,2861000
1990,55-64,Female,2634000
1990,65-74,Female,2477900
1990,75-84,Female,1764600
1990,85+,Female,573400
1990,0-4,Male,1720200
1990,5-14,Male,3155200
1990,15-24,Male,3751800
1990,25-34,Male,3857500
1990,35-44,Male,3497000
1990,45-54,Male,2871400
1990,55-64,Male,2526500
1990,65-74,Male,2010000
1990,75-84,Male,1023400
1990,85+,Male,183800
1991,0-4,Female,1670000
1991,5-14,Female,3050300
1991,15-24,Female,3527100
1991,25-34,Female,3942600
1991,35-44,Female,3517300
1991,45-54,Female,2914500
1991,55-64,Female,2612800
1991,65-74,Female,2479100
1991,75-84,Female,1760600
1991,85+,Female,592500
1991,0-4,Male,1741100
1991,5-14,Male,3197600
1991,15-24,Male,3638000
1991,25-34,Male,3919600
1991,35-44,Male,3504500
1991,45-54,Male,2919200
1991,55-64,Male,2513500
1991,65-74,Male,2027400
1991,75-84,Male,1029400
1991,85+,Male,191300
1992,0-4,Female,1681300
1992,5-14,Female,3102300
1992,15-24,Female,3405700
1992,25-34,Female,3993000
1992,35-44,Female,3449700
1992,45-54,Female,3056300
1992,55-64,Female,2602100
1992,65-74,Female,2489400
1992,75-84,Female,1738100
1992,85+,Female,614100
1992,0-4,Male,1754800
1992,5-14,Male,3239000
1992,15-24,Male,3490700
1992,25-34,Male,3970900
1992,35-44,Male,3426200
1992,45-54,Male,3056100
1992,55-64,Male,2510400
1992,65-74,Male,2049400
1992,75-84,Male,1023100
1992,85+,Male,201600
1993,0-4,Female,1669400
1993,5-14,Female,3161300
1993,15-24,Female,3301500
1993,25-34,Female,4019100
1993,35-44,Female,3428300
1993,45-54,Female,3159700
1993,55-64,Female,2603500
1993,65-74,Female,2518300
1993,75-84,Female,1692800
1993,85+,Female,639400
1993,0-4,Male,1745300
1993,5-14,Male,3305200
1993,15-24,Male,3388200
1993,25-34,Male,3991700
1993,35-44,Male,3396300
1993,45-54,Male,3149000
1993,55-64,Male,2518400
1993,65-74,Male,2082900
1993,75-84,Male,1001300
1993,85+,Male,214500
1994,0-4,Female,1661900
1994,5-14,Female,3191800
1994,15-24,Female,3228400
1994,25-34,Female,4049300
1994,35-44,Female,3443300
1994,45-54,Female,3235200
1994,55-64,Female,2605200
1994,65-74,Female,2538600
1994,75-84,Female,1655600
1994,85+,Female,654000
1994,0-4,Male,1741300
1994,5-14,Male,3335000
1994,15-24,Male,3304500
1994,25-34,Male,4009600
1994,35-44,Male,3401400
1994,45-54,Male,3218700
1994,55-64,Male,2527100
1994,65-74,Male,2108500
1994,75-84,Male,984600
1994,85+,Male,222300
1995,0-4,Female,1642900
1995,5-14,Female,3212700
1995,15-24,Female,3185800
1995,25-34,Female,4055900
1995,35-44,Female,3470200
1995,45-54,Female,3301000
1995,55-64,Female,2600700
1995,65-74,Female,2483200
1995,75-84,Female,1701000
1995,85+,Female,672200
1995,0-4,Male,1724300
1995,5-14,Male,3358100
1995,15-24,Male,3256100
1995,25-34,Male,4022200
1995,35-44,Male,3432700
1995,45-54,Male,3279600
1995,55-64,Male,2531000
1995,65-74,Male,2078400
1995,75-84,Male,1030900
1995,85+,Male,233100
1996,0-4,Female,1610100
1996,5-14,Female,3242600
1996,15-24,Female,3134400
1996,25-34,Female,4055500
1996,35-44,Female,3527700
1996,45-54,Female,3369800
1996,55-64,Female,2586100
1996,65-74,Female,2436700
1996,75-84,Female,1734000
1996,85+,Female,683700
1996,0-4,Male,1694700
1996,5-14,Male,3393200
1996,15-24,Male,3201900
1996,25-34,Male,4020100
1996,35-44,Male,3489100
1996,45-54,Male,3344000
1996,55-64,Male,2519800
1996,65-74,Male,2059200
1996,75-84,Male,1067200
1996,85+,Male,240500
1997,0-4,Female,1589300
1997,5-14,Female,3271300
1997,15-24,Female,3094900
1997,25-34,Female,4033100
1997,35-44,Female,3599000
1997,45-54,Female,3417000
1997,55-64,Female,2596700
1997,65-74,Female,2398900
1997,75-84,Female,1751900
1997,85+,Female,694300
1997,0-4,Male,1673400
1997,5-14,Male,3426800
1997,15-24,Male,3156900
1997,25-34,Male,3995400
1997,35-44,Male,3555600
1997,45-54,Male,3383300
1997,55-64,Male,2530300
1997,65-74,Male,2047200
1997,75-84,Male,1095000
1997,85+,Male,249300
1998,0-4,Female,1571600
1998,5-14,Female,3289500
1998,15-24,Female,3077400
1998,25-34,Female,3983000
1998,35-44,Female,3676900
1998,45-54,Female,3440200
1998,55-64,Female,2639900
1998,65-74,Female,2370100
1998,75-84,Female,1759600
1998,85+,Female,711200
1998,0-4,Male,1654000
1998,5-14,Male,3450900
1998,15-24,Male,3134500
1998,25-34,Male,3942300
1998,35-44,Male,3627400
1998,45-54,Male,3400400
1998,55-64,Male,2574000
1998,65-74,Male,2041200
1998,75-84,Male,1115500
1998,85+,Male,260500
1999,0-4,Female,1555600
1999,5-14,Female,3308000
1999,15-24,Female,3083500
1999,25-34,Female,3920100
1999,35-44,Female,3763100
1999,45-54,Female,3455800
1999,55-64,Female,2699100
1999,65-74,Female,2344700
1999,75-84,Female,1759100
1999,85+,Female,721100
1999,0-4,Male,1635700
1999,5-14,Male,3471200
1999,15-24,Male,3144500
1999,25-34,Male,3880300
1999,35-44,Male,3711400
1999,45-54,Male,3410200
1999,55-64,Male,2632900
1999,65-74,Male,2036300
1999,75-84,Male,1131700
1999,85+,Male,269300
2000,0-4,Female,1537300
2000,5-14,Female,3295500
2000,15-24,Female,3102700
2000,25-34,Female,3859200
2000,35-44,Female,3858900
2000,45-54,Female,3468000
2000,55-64,Female,2758900
2000,65-74,Female,2332100
2000,75-84,Female,1758300
2000,85+,Female,731000
2000,0-4,Male,1613300
2000,5-14,Male,3461900
2000,15-24,Male,3171900
2000,25-34,Male,3822700
2000,35-44,Male,3801800
2000,45-54,Male,3412800
2000,55-64,Male,2687900
2000,65-74,Male,2040200
2000,75-84,Male,1148500
2000,85+,Male,277000
2001,0-4,Female,1508558
2001,5-14,Female,3287150
2001,15-24,Female,3156103
2001,25-34,Female,3778086
2001,35-44,Female,3935334
2001,45-54,Female,3471461
2001,55-64,Female,2817351
2001,65-74,Female,2325765
2001,75-84,Female,1771369
2001,85+,Female,734543
2001,0-4,Male,1582445
2001,5-14,Male,3453218
2001,15-24,Male,3231330
2001,25-34,Male,3757977
2001,35-44,Male,3880885
2001,45-54,Male,3414789
2001,55-64,Male,2743724
2001,65-74,Male,2051619
2001,75-84,Male,1175319
2001,85+,Male,282952
2002,0-4,Female,1487644
2002,5-14,Female,3285779
2002,15-24,Female,3220916
2002,25-34,Female,3691184
2002,35-44,Female,4009201
2002,45-54,Female,3415813
2002,55-64,Female,2943581
2002,65-74,Female,2326078
2002,75-84,Female,1784751
2002,85+,Female,729078
2002,0-4,Male,1556684
2002,5-14,Male,3448481
2002,15-24,Male,3303080
2002,25-34,Male,3674220
2002,35-44,Male,3960790
2002,45-54,Male,3351214
2002,55-64,Male,2863412
2002,65-74,Male,2065851
2002,75-84,Male,1199593
2002,85+,Male,284793
2003,0-4,Female,1477045
2003,5-14,Female,3274288
2003,15-24,Female,3299780
2003,25-34,Female,3621849
2003,35-44,Female,4055259
2003,45-54,Female,3391363
2003,55-64,Female,3039330
2003,65-74,Female,2335838
2003,75-84,Female,1803927
2003,85+,Female,710450
2003,0-4,Male,1550518
2003,5-14,Male,3434559
2003,15-24,Male,3375610
2003,25-34,Male,3604344
2003,35-44,Male,4010893
2003,45-54,Male,3333028
2003,55-64,Male,2953766
2003,65-74,Male,2084417
2003,75-84,Male,1225568
2003,85+,Male,281406
2004,0-4,Female,1478511
2004,5-14,Female,3255494
2004,15-24,Female,3363103
2004,25-34,Female,3577480
2004,35-44,Female,4101148
2004,45-54,Female,3398149
2004,55-64,Female,3106226
2004,65-74,Female,2342507
2004,75-84,Female,1809680
2004,85+,Female,707609
2004,0-4,Male,1556816
2004,5-14,Male,3417970
2004,15-24,Male,3444565
2004,25-34,Male,3557594
2004,35-44,Male,4039788
2004,45-54,Male,3344105
2004,55-64,Male,3018877
2004,65-74,Male,2100477
2004,75-84,Male,1243376
2004,85+,Male,288547
2005,0-4,Female,1495919
2005,5-14,Female,3227770
2005,15-24,Female,3431973
2005,25-34,Female,3595829
2005,35-44,Female,4127882
2005,45-54,Female,3427886
2005,55-64,Female,3162082
2005,65-74,Female,2344032
2005,75-84,Female,1789965
2005,85+,Female,737607
2005,0-4,Male,1571348
2005,5-14,Male,3389617
2005,15-24,Male,3496395
2005,25-34,Male,3566556
2005,35-44,Male,4076956
2005,45-54,Male,3380768
2005,55-64,Male,3076601
2005,65-74,Male,2114177
2005,75-84,Male,1250559
2005,85+,Male,311421
2006,0-4,Female,1524286
2006,5-14,Female,3189250
2006,15-24,Female,3485322
2006,25-34,Female,3594630
2006,35-44,Female,4146452
2006,45-54,Female,3484283
2006,55-64,Female,3223700
2006,65-74,Female,2326578
2006,75-84,Female,1771363
2006,85+,Female,771640
2006,0-4,Male,1599648
2006,5-14,Male,3343182
2006,15-24,Male,3553903
2006,25-34,Male,3565254
2006,35-44,Male,4087812
2006,45-54,Male,3438673
2006,55-64,Male,3136036
2006,65-74,Male,2111379
2006,75-84,Male,1263284
2006,85+,Male,334179
2007,0-4,Female,1567316
2007,5-14,Female,3154297
2007,15-24,Female,3533427
2007,25-34,Female,3597883
2007,35-44,Female,4148985
2007,45-54,Female,3557495
2007,55-64,Female,3266114
2007,65-74,Female,2335173
2007,75-84,Female,1759775
2007,85+,Female,797859
2007,0-4,Male,1646177
2007,5-14,Male,3307289
2007,15-24,Male,3618468
2007,25-34,Male,3576001
2007,35-44,Male,4087666
2007,45-54,Male,3503567
2007,55-64,Male,3167665
2007,65-74,Male,2128996
2007,75-84,Male,1279404
2007,85+,Male,353835
2008,0-4,Female,1616971
2008,5-14,Female,3129980
2008,15-24,Female,3569909
2008,25-34,Female,3624999
2008,35-44,Female,4112702
2008,45-54,Female,3641132
2008,55-64,Female,3286418
2008,65-74,Female,2379482
2008,75-84,Female,1752166
2008,85+,Female,813640
2008,0-4,Male,1695081
2008,5-14,Male,3283546
2008,15-24,Male,3636871
2008,25-34,Male,3622627
2008,35-44,Male,4059185
2008,45-54,Male,3584468
2008,55-64,Male,3189449
2008,65-74,Male,2178181
2008,75-84,Male,1296338
2008,85+,Male,368575
2009,0-4,Female,1653378
2009,5-14,Female,3115069
2009,15-24,Female,3584085
2009,25-34,Female,3657249
2009,35-44,Female,4064144
2009,45-54,Female,3727687
2009,55-64,Female,3300758
2009,65-74,Female,2437614
2009,75-84,Female,1747709
2009,85+,Female,825880
2009,0-4,Male,1731083
2009,5-14,Male,3271092
2009,15-24,Male,3643646
2009,25-34,Male,3659113
2009,35-44,Male,4008022
2009,45-54,Male,3670389
2009,55-64,Male,3201654
2009,65-74,Male,2241047
2009,75-84,Male,1313642
2009,85+,Male,381992
2010,0-4,Female,1687030
2010,5-14,Female,3116431
2010,15-24,Female,3585680
2010,25-34,Female,3715718
2010,35-44,Female,3999312
2010,45-54,Female,3819866
2010,55-64,Female,3311097
2010,65-74,Female,2489179
2010,75-84,Female,1754097
2010,85+,Female,841276
2010,0-4,Male,1769017
2010,5-14,Male,3269364
2010,15-24,Male,3680671
2010,25-34,Male,3703021
2010,35-44,Male,3940454
2010,45-54,Male,3759960
2010,55-64,Male,3213932
2010,65-74,Male,2298337
2010,75-84,Male,1340473
2010,85+,Male,397508
2011,0-4,Female,1711878
2011,5-14,Female,3122454
2011,15-24,Female,3604024
2011,25-34,Female,3774568
2011,35-44,Female,3926247
2011,45-54,Female,3904728
2011,55-64,Female,3328061
2011,65-74,Female,2542016
2011,75-84,Female,1764744
2011,85+,Female,854570
2011,0-4,Male,1795323
2011,5-14,Male,3275533
2011,15-24,Male,3725967
2011,25-34,Male,3772674
2011,35-44,Male,3871195
2011,45-54,Male,3832960
2011,55-64,Male,3229255
2011,65-74,Male,2352858
2011,75-84,Male,1367793
2011,85+,Male,414079
2012,0-4,Female,1744133
2012,5-14,Female,3138049
2012,15-24,Female,3589826
2012,25-34,Female,3824375
2012,35-44,Female,3851457
2012,45-54,Female,3975055
2012,55-64,Female,3275927
2012,65-74,Female,2677192
2012,75-84,Female,1782742
2012,85+,Female,865656
2012,0-4,Male,1829072
2012,5-14,Male,3292197
2012,15-24,Male,3730541
2012,25-34,Male,3806187
2012,35-44,Male,3796383
2012,45-54,Male,3897719
2012,55-64,Male,3174489
2012,65-74,Male,2485438
2012,75-84,Male,1399576
2012,85+,Male,431782
2013,0-4,Female,1752396
2013,5-14,Female,3174154
2013,15-24,Female,3557947
2013,25-34,Female,3879010
2013,35-44,Female,3789024
2013,45-54,Female,4030159
2013,55-64,Female,3268262
2013,65-74,Female,2774490
2013,75-84,Female,1803360
2013,85+,Female,870231
2013,0-4,Male,1840511
2013,5-14,Male,3330126
2013,15-24,Male,3710464
2013,25-34,Male,3858683
2013,35-44,Male,3742072
2013,45-54,Male,3943661
2013,55-64,Male,3165951
2013,65-74,Male,2578576
2013,75-84,Male,1434218
2013,85+,Male,444934
2014,0-4,Female,1759813
2014,5-14,Female,3214960
2014,15-24,Female,3538149
2014,25-34,Female,3905840
2014,35-44,Female,3755000
2014,45-54,Female,4081599
2014,55-64,Female,3292519
2014,65-74,Female,2849812
2014,75-84,Female,1827311
2014,85+,Female,889140
2014,0-4,Male,1848819
2014,5-14,Male,3371875
2014,15-24,Male,3705247
2014,25-34,Male,3893924
2014,35-44,Male,3712711
2014,45-54,Male,3987523
2014,55-64,Male,3188220
2014,65-74,Male,2651509
2014,75-84,Male,1469441
2014,85+,Male,465242
2015,0-4,Female,1760136
2015,5-14,Female,3271461
2015,15-24,Female,3516313
2015,25-34,Female,3927723
2015,35-44,Female,3754387
2015,45-54,Female,4116650
2015,55-64,Female,3334140
2015,65-74,Female,2917683
2015,75-84,Female,1837553
2015,85+,Female,894520
2015,0-4,Male,1850466
2015,5-14,Male,3431053
2015,15-24,Male,3689438
2015,25-34,Male,3935293
2015,35-44,Male,3713542
2015,45-54,Male,4017466
2015,55-64,Male,3231000
2015,65-74,Male,2714169
2015,75-84,Male,1492350
2015,85+,Male,480070
2016,0-4,Female,1755979
2016,5-14,Female,3341011
2016,15-24,Female,3473164
2016,25-34,Female,3951774
2016,35-44,Female,3742256
2016,45-54,Female,4147050
2016,55-64,Female,3399805
2016,65-74,Female,2986641
2016,75-84,Female,1839644
2016,85+,Female,908935
2016,0-4,Male,1846328
2016,5-14,Male,3507431
2016,15-24,Male,3659770
2016,25-34,Male,3993125
2016,35-44,Male,3706239
2016,45-54,Male,4043747
2016,55-64,Male,3296060
2016,65-74,Male,2779339
2016,75-84,Male,1503127
2016,85+,Male,499792
