version,code,description,category_code,category_name,classification_confidence
ICD-1,10,Small pox - vaccinated,L1_01,Infectious and Communicable Diseases,low
ICD-1,20,Small pox - not vaccinated,L1_01,Infectious and Communicable Diseases,low
ICD-1,30,Small pox - doubtful,L1_01,Infectious and Communicable Diseases,low
ICD-1,40,Cow-pox and other effects of vaccination,L1_01,Infectious and Communicable Diseases,low
ICD-1,50,Chicken - pox,L1_01,Infectious and Communicable Diseases,low
ICD-1,60,Measles (morbilli),L1_01,Infectious and Communicable Diseases,low
ICD-1,70,German measles,L1_01,Infectious and Communicable Diseases,low
ICD-1,80,Scarlet fever,L1_01,Infectious and Communicable Diseases,low
ICD-1,90,Typhus,L1_01,Infectious and Communicable Diseases,low
ICD-1,100,Plague,L1_01,Infectious and Communicable Diseases,low
ICD-1,110,Relapsing fever,L1_01,Infectious and Communicable Diseases,low
ICD-1,120,Influenza,L1_01,Infectious and Communicable Diseases,low
ICD-1,130,Whooping cough,L1_01,Infectious and Communicable Diseases,low
ICD-1,140,Mumps,L1_01,Infectious and Communicable Diseases,low
ICD-1,150,Diphtheria,L1_01,Infectious and Communicable Diseases,low
ICD-1,160,Cerebro-spinal fever,L1_01,Infectious and Communicable Diseases,low
ICD-1,170,Pyrexia (origin uncertain),L1_01,Infectious and Communicable Diseases,low
ICD-1,180,Enteric fever,L1_01,Infectious and Communicable Diseases,low
ICD-1,190,Asiatic cholera,L1_01,Infectious and Communicable Diseases,low
ICD-1,200,Diarrhoea due to food,L1_01,Infectious and Communicable Diseases,low
ICD-1,210,"Infective enteritis, epidemic diarrhoea",L1_01,Infectious and Communicable Diseases,low
ICD-1,220,Diarrhoea (not otherwise defined),L1_01,Infectious and Communicable Diseases,low
ICD-1,230,Dysentry,L1_01,Infectious and Communicable Diseases,low
ICD-1,240,Tetanus,L1_01,Infectious and Communicable Diseases,low
ICD-1,250,Malaria,L1_01,Infectious and Communicable Diseases,low
ICD-1,260,"Rabies, hydrophobia",L1_01,Infectious and Communicable Diseases,low
ICD-1,270,Glanders,L1_01,Infectious and Communicable Diseases,low
ICD-1,280,Anthrax (splenic fever),L1_01,Infectious and Communicable Diseases,low
ICD-1,290,Syphilis,L1_01,Infectious and Communicable Diseases,low
ICD-1,300,Gonorrhoea,L1_01,Infectious and Communicable Diseases,low
ICD-1,310,Phlegmasia alba dolens,L1_01,Infectious and Communicable Diseases,low
ICD-1,320,Puerperal septicaemia/septic intoxication,L1_02,Maternal and Early-Life Mortality,low
ICD-1,330,Puerperal pyaemia,L1_02,Maternal and Early-Life Mortality,low
ICD-1,340,Puerperal fever (not otherwise def.),L1_02,Maternal and Early-Life Mortality,low
ICD-1,350,Infective endocarditis,L1_01,Infectious and Communicable Diseases,low
ICD-1,360,Pneumonia - lobar,L1_06,Respiratory and Environmental Disease,low
ICD-1,370,Pneumonia - epidemic,L1_06,Respiratory and Environmental Disease,low
ICD-1,380,Pneumonia - broncho,L1_06,Respiratory and Environmental Disease,low
ICD-1,390,Pneumonia - not def.,L1_06,Respiratory and Environmental Disease,low
ICD-1,400,Erysipelas,L1_01,Infectious and Communicable Diseases,low
ICD-1,410,"Septicaemia, septic intoxication (not puerperal)",L1_01,Infectious and Communicable Diseases,low
ICD-1,420,Pyaemia (not puerperal),L1_01,Infectious and Communicable Diseases,low
ICD-1,430,"Phlegmon, carbuncle (not anthrax)",L1_01,Infectious and Communicable Diseases,low
ICD-1,440,Phagedaena,L1_01,Infectious and Communicable Diseases,low
ICD-1,450,Other infective processes,L1_01,Infectious and Communicable Diseases,low
ICD-1,460,Pulmonary tuberculosis (tuberculous phthisis),L1_01,Infectious and Communicable Diseases,low
ICD-1,470,Phthisis (not otherwise def.),L1_05,Chronic Non-Communicable Diseases,low
ICD-1,480,Tuberculous meningitis,L1_01,Infectious and Communicable Diseases,low
ICD-1,490,Tuberculous peritonitis,L1_01,Infectious and Communicable Diseases,low
ICD-1,500,Tabes mesenterica,L1_01,Infectious and Communicable Diseases,low
ICD-1,510,Lupus,L1_01,Infectious and Communicable Diseases,low
ICD-1,520,Tubercle of other organs,L1_01,Infectious and Communicable Diseases,low
ICD-1,530,General tuberculosis,L1_01,Infectious and Communicable Diseases,low
ICD-1,540,Scrofula,L1_06,Respiratory and Environmental Disease,low
ICD-1,550,Parasitic diseases,L1_01,Infectious and Communicable Diseases,low
ICD-1,560,Starvation,L1_06,Respiratory and Environmental Disease,low
ICD-1,570,Scurvy,L1_06,Respiratory and Environmental Disease,low
ICD-1,580,Alcoholism/delirium tremens,L1_09,Self-Harm and Substance Use,low
ICD-1,590,"Opium, morphia habit",L1_09,Self-Harm and Substance Use,low
ICD-1,600,Industrial poisoning by lead,L1_06,Respiratory and Environmental Disease,low
ICD-1,610,Industrial poisoning by phosphorus,L1_06,Respiratory and Environmental Disease,low
ICD-1,620,Industrial poisoning by arsenic & other metals,L1_06,Respiratory and Environmental Disease,low
ICD-1,630,"Rheumatic fever, acute rheumatism",L1_01,Infectious and Communicable Diseases,low
ICD-1,640,Rheumatism of heart,L1_01,Infectious and Communicable Diseases,low
ICD-1,650,Chronic rheumatism,L1_05,Chronic Non-Communicable Diseases,low
ICD-1,660,"Rheumatoid arthritis, rheumatic gout",L1_05,Chronic Non-Communicable Diseases,medium
ICD-1,670,Gout,L1_05,Chronic Non-Communicable Diseases,low
ICD-1,680,Carcinoma,L1_05,Chronic Non-Communicable Diseases,low
ICD-1,690,Sarcoma,L1_05,Chronic Non-Communicable Diseases,low
ICD-1,700,"Cancer, malignant disease (n.o.d.)",L1_05,Chronic Non-Communicable Diseases,low
ICD-1,710,Rickets,L1_06,Respiratory and Environmental Disease,low
ICD-1,720,Purpura,L1_06,Respiratory and Environmental Disease,low
ICD-1,730,"Haemophilia, haemorrhagic diathesis",L1_03,Congenital and Developmental Conditions,low
ICD-1,740,"Anaemia, leucocythaemia",L1_05,Chronic Non-Communicable Diseases,medium
ICD-1,750,Diabetes mellitus,L1_05,Chronic Non-Communicable Diseases,low
ICD-1,760,Premature birth,L1_02,Maternal and Early-Life Mortality,low
ICD-1,770,Congenital hydrocephalus,L1_03,Congenital and Developmental Conditions,medium
ICD-1,780,Other congenital defects,L1_03,Congenital and Developmental Conditions,low
ICD-1,790,Injury at birth,L1_02,Maternal and Early-Life Mortality,low
ICD-1,800,Atelectasis,L1_06,Respiratory and Environmental Disease,low
ICD-1,810,Want of breast milk,L1_02,Maternal and Early-Life Mortality,low
ICD-1,820,Teething,L1_02,Maternal and Early-Life Mortality,low
ICD-1,830,"Meningitis, brain inflammation",L1_01,Infectious and Communicable Diseases,low
ICD-1,840,Softening of brain,L1_05,Chronic Non-Communicable Diseases,low
ICD-1,850,General paralysis of insane,L1_05,Chronic Non-Communicable Diseases,low
ICD-1,860,Insanity (not puerperal),L1_05,Chronic Non-Communicable Diseases,low
ICD-1,870,Chorea,L1_05,Chronic Non-Communicable Diseases,low
ICD-1,880,Epilepsy,L1_05,Chronic Non-Communicable Diseases,low
ICD-1,890,Convulsions,L1_05,Chronic Non-Communicable Diseases,low
ICD-1,900,Laryngismus stridulus,L1_06,Respiratory and Environmental Disease,low
ICD-1,910,Locomotor ataxy,L1_05,Chronic Non-Communicable Diseases,low
ICD-1,920,"Paraplegia, diseases of cord",L1_05,Chronic Non-Communicable Diseases,low
ICD-1,930,"Neuritis, peripheral, polyneuritis",L1_05,Chronic Non-Communicable Diseases,medium
ICD-1,940,Brain tumour (not specific),L1_05,Chronic Non-Communicable Diseases,low
ICD-1,950,Other diseases of nervous system,L1_05,Chronic Non-Communicable Diseases,low
ICD-1,960,"Otitis, mastoid disease",L1_01,Infectious and Communicable Diseases,low
ICD-1,970,"Epistaxis, diseases of nose",L1_05,Chronic Non-Communicable Diseases,low
ICD-1,980,"Ophthalmia, eye diseases",L1_01,Infectious and Communicable Diseases,low
ICD-1,990,"Valvular disease, endocarditis (not infective)",L1_05,Chronic Non-Communicable Diseases,medium
ICD-1,1000,Pericarditis,L1_05,Chronic Non-Communicable Diseases,low
ICD-1,1010,Angina pectoris,L1_05,Chronic Non-Communicable Diseases,low
ICD-1,1020,Fatty degeneration of heart,L1_06,Respiratory and Environmental Disease,low
ICD-1,1030,Hypertrophy of heart,L1_05,Chronic Non-Communicable Diseases,low
ICD-1,1040,Dilation of heart,L1_05,Chronic Non-Communicable Diseases,low
ICD-1,1050,"Syncope, heart disease (not spec.)",L1_05,Chronic Non-Communicable Diseases,high
ICD-1,1060,"Cerebral haemorrhage, cerebral embolism",L1_05,Chronic Non-Communicable Diseases,medium
ICD-1,1070,"Apoplexy, hemiplegia",L1_05,Chronic Non-Communicable Diseases,medium
ICD-1,1080,Aneurysm,L1_05,Chronic Non-Communicable Diseases,low
ICD-1,1090,Senile gangrene,L1_04,Later-Life Mortality,low
ICD-1,1100,"Embolism, thrombosis (not cerebral)",L1_05,Chronic Non-Communicable Diseases,medium
ICD-1,1110,Phlebitis,L1_05,Chronic Non-Communicable Diseases,low
ICD-1,1120,Varicose veins,L1_05,Chronic Non-Communicable Diseases,low
ICD-1,1130,Other diseases of blood vessels,L1_05,Chronic Non-Communicable Diseases,low
ICD-1,1140,Laryngitis,L1_06,Respiratory and Environmental Disease,low
ICD-1,1150,Membranous laryngitis (not diphtheritic),L1_06,Respiratory and Environmental Disease,low
ICD-1,1160,Croup (not spasmodic nor membranous),L1_02,Maternal and Early-Life Mortality,low
ICD-1,1170,Other diseases of larynx and trachea,L1_05,Chronic Non-Communicable Diseases,low
ICD-1,1180,Bronchitis,L1_06,Respiratory and Environmental Disease,low
ICD-1,1190,"Emphysema, asthma",L1_06,Respiratory and Environmental Disease,medium
ICD-1,1200,Pleurisy,L1_06,Respiratory and Environmental Disease,low
ICD-1,1210,Fibroid disease of lung,L1_06,Respiratory and Environmental Disease,low
ICD-1,1220,Other diseases of respiratory system,L1_06,Respiratory and Environmental Disease,medium
ICD-1,1230,"Tonsillitis, quinsy",L1_01,Infectious and Communicable Diseases,low
ICD-1,1240,"Diseases of mouth, pharynx, oesophagus (not spec.)",L1_01,Infectious and Communicable Diseases,low
ICD-1,1250,Gastric ulcer,L1_05,Chronic Non-Communicable Diseases,medium
ICD-1,1260,"Gastritis, gastric catarrh",L1_05,Chronic Non-Communicable Diseases,medium
ICD-1,1270,Other diseases of stomach (not malignant),L1_05,Chronic Non-Communicable Diseases,low
ICD-1,1280,Ulceration of intestines,L1_05,Chronic Non-Communicable Diseases,low
ICD-1,1290,Enteritis (not epidemic),L1_01,Infectious and Communicable Diseases,low
ICD-1,1300,Gastro-enteritis,L1_05,Chronic Non-Communicable Diseases,medium
ICD-1,1310,"Appendicitis, perityphlitis",L1_05,Chronic Non-Communicable Diseases,medium
ICD-1,1320,Hernia,L1_05,Chronic Non-Communicable Diseases,low
ICD-1,1330,Intestinal obstruction,L1_05,Chronic Non-Communicable Diseases,low
ICD-1,1340,Other diseases of intestines,L1_05,Chronic Non-Communicable Diseases,low
ICD-1,1350,Peritonitis (not puerperal),L1_05,Chronic Non-Communicable Diseases,low
ICD-1,1360,Cirrhosis of liver,L1_05,Chronic Non-Communicable Diseases,low
ICD-1,1370,Other diseases of liver and gall bladder,L1_05,Chronic Non-Communicable Diseases,medium
ICD-1,1380,Other diseases of digestive system,L1_05,Chronic Non-Communicable Diseases,medium
ICD-1,1390,Diseases of spleen,L1_05,Chronic Non-Communicable Diseases,low
ICD-1,1400,Other diseases of lymphatic system,L1_05,Chronic Non-Communicable Diseases,medium
ICD-1,1410,Diseases of thyroid body,L1_05,Chronic Non-Communicable Diseases,medium
ICD-1,1420,Diseases of supra renal capsules,L1_05,Chronic Non-Communicable Diseases,low
ICD-1,1430,"Acute nephritis, uraemia",L1_05,Chronic Non-Communicable Diseases,low
ICD-1,1440,"Chronic Bright's disease, albuminuria",L1_05,Chronic Non-Communicable Diseases,medium
ICD-1,1450,Calculus (not biliary),L1_05,Chronic Non-Communicable Diseases,low
ICD-1,1460,Diseases of bladder and of prostate,L1_05,Chronic Non-Communicable Diseases,low
ICD-1,1470,Other diseases of urinary system,L1_05,Chronic Non-Communicable Diseases,low
ICD-1,1480,Ovarian tumour (not malignant),L1_05,Chronic Non-Communicable Diseases,medium
ICD-1,1490,Other diseases of ovary,L1_05,Chronic Non-Communicable Diseases,low
ICD-1,1500,Uterine tumour (not malignant),L1_05,Chronic Non-Communicable Diseases,medium
ICD-1,1510,Other diseases of uterus and vagina,L1_05,Chronic Non-Communicable Diseases,low
ICD-1,1520,Disorders of menstruation,L1_05,Chronic Non-Communicable Diseases,low
ICD-1,1530,Other diseases of generative and mammary organs,L1_05,Chronic Non-Communicable Diseases,low
ICD-1,1540,"Abortion, miscarriage",L1_02,Maternal and Early-Life Mortality,low
ICD-1,1550,Puerperal mania,L1_02,Maternal and Early-Life Mortality,low
ICD-1,1560,Puerperal convulsions,L1_02,Maternal and Early-Life Mortality,low
ICD-1,1570,"Placenta praevia, flooding",L1_02,Maternal and Early-Life Mortality,high
ICD-1,1580,Other accidents of pregnancy and childbirth,L1_02,Maternal and Early-Life Mortality,medium
ICD-1,1590,"Caries, necrosis",L1_06,Respiratory and Environmental Disease,medium
ICD-1,1600,"Arthritis, periostitis",L1_05,Chronic Non-Communicable Diseases,low
ICD-1,1610,Other diseases of locomotor system,L1_05,Chronic Non-Communicable Diseases,low
ICD-1,1620,"Ulcer, bed-sore",L1_05,Chronic Non-Communicable Diseases,low
ICD-1,1630,Eczema,L1_05,Chronic Non-Communicable Diseases,low
ICD-1,1640,Pemphigus,L1_05,Chronic Non-Communicable Diseases,low
ICD-1,1650,Other diseases of the skin,L1_05,Chronic Non-Communicable Diseases,low
ICD-1,1660,"Atrophy, debility",L1_05,Chronic Non-Communicable Diseases,medium
ICD-1,1670,Old age,L1_04,Later-Life Mortality,low
ICD-1,1680,"Dropsy, ascites, anasarca",L1_05,Chronic Non-Communicable Diseases,medium
ICD-1,1690,Tumour,L1_05,Chronic Non-Communicable Diseases,low
ICD-1,1700,Abscess,L1_05,Chronic Non-Communicable Diseases,low
ICD-1,1710,Haemorrhage,L1_05,Chronic Non-Communicable Diseases,low
ICD-1,1720,Sudden death (cause unascertained),L1_10,"Ill-Defined, Administrative, and Other Causes",high
ICD-1,1730,Other ill-defined causes,L1_10,"Ill-Defined, Administrative, and Other Causes",low
ICD-1,1740,Causes not specified,L1_10,"Ill-Defined, Administrative, and Other Causes",low
ICD-1,1741,Other specified diseases,L1_01,Infectious and Communicable Diseases,low
ICD-1,1750,Mines and quarries,L1_07,Injury and Accidental Harm,medium
ICD-1,1760,Vehicles and horses,L1_07,Injury and Accidental Harm,low
ICD-1,1770,"Ships, boats, docks (not drowning)",L1_07,Injury and Accidental Harm,low
ICD-1,1780,Building operations,L1_07,Injury and Accidental Harm,low
ICD-1,1790,Machinery,L1_07,Injury and Accidental Harm,low
ICD-1,1800,Weapons and instruments,L1_08,Violence and Conflict,low
ICD-1,1810,Burns and scalds,L1_07,Injury and Accidental Harm,high
ICD-1,1820,"Poisons, poisonous vapours",L1_07,Injury and Accidental Harm,high
ICD-1,1830,Drowning,L1_07,Injury and Accidental Harm,low
ICD-1,1840,Suffocation,L1_07,Injury and Accidental Harm,low
ICD-1,1850,Falls,L1_07,Injury and Accidental Harm,medium
ICD-1,1860,Weather agencies,L1_07,Injury and Accidental Harm,low
ICD-1,1870,Otherwise or not stated,L1_10,"Ill-Defined, Administrative, and Other Causes",low
ICD-1,1880,Battle,L1_08,Violence and Conflict,low
ICD-1,1890,Homicide,L1_08,Violence and Conflict,low
ICD-1,1900,Suicide,L1_09,Self-Harm and Substance Use,low
ICD-1,1910,Execution,L1_08,Violence and Conflict,low
