year,cause,sex,age,deaths,icd_version
1910,100,Female,05-09,1,ICD-2
1910,100,Female,T35-44,2,ICD-2
1910,100,Male,T35-44,1,ICD-2
1910,100,Male,T55-64,1,ICD-2
1910,1000,Female,01-04,14,ICD-2
1910,1000,Female,05-09,28,ICD-2
1910,1000,Female,10-14,10,ICD-2
1910,1000,Female,15-19,15,ICD-2
1910,1000,Female,20-24,8,ICD-2
1910,1000,Female,85+,2,ICD-2
1910,1000,Female,<1,3,ICD-2
1910,1000,Female,T25-34,25,ICD-2
1910,1000,Female,T35-44,19,ICD-2
1910,1000,Female,T45-54,20,ICD-2
1910,1000,Female,T55-64,21,ICD-2
1910,1000,Female,T65-74,22,ICD-2
1910,1000,Female,T75-84,12,ICD-2
1910,1000,Male,01-04,9,ICD-2
1910,1000,Male,05-09,17,ICD-2
1910,1000,Male,10-14,29,ICD-2
1910,1000,Male,15-19,14,ICD-2
1910,1000,Male,20-24,12,ICD-2
1910,1000,Male,<1,9,ICD-2
1910,1000,Male,T25-34,28,ICD-2
1910,1000,Male,T35-44,29,ICD-2
1910,1000,Male,T45-54,36,ICD-2
1910,1000,Male,T55-64,43,ICD-2
1910,1000,Male,T65-74,19,ICD-2
1910,1000,Male,T75-84,2,ICD-2
1910,1010,Female,10-14,1,ICD-2
1910,1010,Female,85+,7,ICD-2
1910,1010,Female,<1,1,ICD-2
1910,1010,Female,T25-34,4,ICD-2
1910,1010,Female,T35-44,22,ICD-2
1910,1010,Female,T45-54,35,ICD-2
1910,1010,Female,T55-64,69,ICD-2
1910,1010,Female,T65-74,108,ICD-2
1910,1010,Female,T75-84,47,ICD-2
1910,1010,Male,85+,10,ICD-2
1910,1010,Male,T25-34,13,ICD-2
1910,1010,Male,T35-44,44,ICD-2
1910,1010,Male,T45-54,131,ICD-2
1910,1010,Male,T55-64,223,ICD-2
1910,1010,Male,T65-74,210,ICD-2
1910,1010,Male,T75-84,85,ICD-2
1910,1020,Female,20-24,3,ICD-2
1910,1020,Female,85+,24,ICD-2
1910,1020,Female,T25-34,21,ICD-2
1910,1020,Female,T35-44,74,ICD-2
1910,1020,Female,T45-54,185,ICD-2
1910,1020,Female,T55-64,374,ICD-2
1910,1020,Female,T65-74,442,ICD-2
1910,1020,Female,T75-84,144,ICD-2
1910,1020,Male,20-24,7,ICD-2
1910,1020,Male,85+,19,ICD-2
1910,1020,Male,T25-34,15,ICD-2
1910,1020,Male,T35-44,99,ICD-2
1910,1020,Male,T45-54,159,ICD-2
1910,1020,Male,T55-64,303,ICD-2
1910,1020,Male,T65-74,393,ICD-2
1910,1020,Male,T75-84,155,ICD-2
1910,1030,Female,10-14,1,ICD-2
1910,1030,Female,15-19,1,ICD-2
1910,1030,Female,85+,3,ICD-2
1910,1030,Female,T25-34,5,ICD-2
1910,1030,Female,T35-44,1,ICD-2
1910,1030,Female,T45-54,16,ICD-2
1910,1030,Female,T55-64,10,ICD-2
1910,1030,Female,T65-74,14,ICD-2
1910,1030,Female,T75-84,8,ICD-2
1910,1030,Male,10-14,1,ICD-2
1910,1030,Male,15-19,2,ICD-2
1910,1030,Male,20-24,1,ICD-2
1910,1030,Male,85+,3,ICD-2
1910,1030,Male,T25-34,5,ICD-2
1910,1030,Male,T35-44,10,ICD-2
1910,1030,Male,T45-54,20,ICD-2
1910,1030,Male,T55-64,48,ICD-2
1910,1030,Male,T65-74,43,ICD-2
1910,1030,Male,T75-84,8,ICD-2
1910,1040,Female,01-04,2,ICD-2
1910,1040,Female,05-09,3,ICD-2
1910,1040,Female,10-14,4,ICD-2
1910,1040,Female,15-19,9,ICD-2
1910,1040,Female,20-24,8,ICD-2
1910,1040,Female,85+,48,ICD-2
1910,1040,Female,<1,5,ICD-2
1910,1040,Female,T25-34,23,ICD-2
1910,1040,Female,T35-44,82,ICD-2
1910,1040,Female,T45-54,175,ICD-2
1910,1040,Female,T55-64,367,ICD-2
1910,1040,Female,T65-74,593,ICD-2
1910,1040,Female,T75-84,290,ICD-2
1910,1040,Male,01-04,6,ICD-2
1910,1040,Male,05-09,2,ICD-2
1910,1040,Male,10-14,7,ICD-2
1910,1040,Male,15-19,3,ICD-2
1910,1040,Male,20-24,12,ICD-2
1910,1040,Male,85+,27,ICD-2
1910,1040,Male,T25-34,40,ICD-2
1910,1040,Male,T35-44,97,ICD-2
1910,1040,Male,T45-54,219,ICD-2
1910,1040,Male,T55-64,406,ICD-2
1910,1040,Male,T65-74,511,ICD-2
1910,1040,Male,T75-84,256,ICD-2
1910,1050,Female,01-04,42,ICD-2
1910,1050,Female,05-09,82,ICD-2
1910,1050,Female,10-14,135,ICD-2
1910,1050,Female,15-19,165,ICD-2
1910,1050,Female,20-24,168,ICD-2
1910,1050,Female,85+,376,ICD-2
1910,1050,Female,<1,14,ICD-2
1910,1050,Female,T25-34,493,ICD-2
1910,1050,Female,T35-44,913,ICD-2
1910,1050,Female,T45-54,1579,ICD-2
1910,1050,Female,T55-64,2766,ICD-2
1910,1050,Female,T65-74,3925,ICD-2
1910,1050,Female,T75-84,2240,ICD-2
1910,1050,Male,01-04,42,ICD-2
1910,1050,Male,05-09,81,ICD-2
1910,1050,Male,10-14,95,ICD-2
1910,1050,Male,15-19,136,ICD-2
1910,1050,Male,20-24,148,ICD-2
1910,1050,Male,85+,223,ICD-2
1910,1050,Male,<1,19,ICD-2
1910,1050,Male,T25-34,424,ICD-2
1910,1050,Male,T35-44,809,ICD-2
1910,1050,Male,T45-54,1607,ICD-2
1910,1050,Male,T55-64,3005,ICD-2
1910,1050,Male,T65-74,3550,ICD-2
1910,1050,Male,T75-84,1650,ICD-2
1910,1060,Female,01-04,10,ICD-2
1910,1060,Female,05-09,9,ICD-2
1910,1060,Female,10-14,10,ICD-2
1910,1060,Female,15-19,20,ICD-2
1910,1060,Female,20-24,29,ICD-2
1910,1060,Female,85+,465,ICD-2
1910,1060,Female,<1,12,ICD-2
1910,1060,Female,T25-34,101,ICD-2
1910,1060,Female,T35-44,382,ICD-2
1910,1060,Female,T45-54,1138,ICD-2
1910,1060,Female,T55-64,2082,ICD-2
1910,1060,Female,T65-74,3267,ICD-2
1910,1060,Female,T75-84,2344,ICD-2
1910,1060,Male,01-04,6,ICD-2
1910,1060,Male,05-09,10,ICD-2
1910,1060,Male,10-14,7,ICD-2
1910,1060,Male,15-19,17,ICD-2
1910,1060,Male,20-24,27,ICD-2
1910,1060,Male,85+,250,ICD-2
1910,1060,Male,<1,13,ICD-2
1910,1060,Male,T25-34,93,ICD-2
1910,1060,Male,T35-44,332,ICD-2
1910,1060,Male,T45-54,864,ICD-2
1910,1060,Male,T55-64,1945,ICD-2
1910,1060,Male,T65-74,2828,ICD-2
1910,1060,Male,T75-84,1625,ICD-2
1910,1070,Female,01-04,1,ICD-2
1910,1070,Female,05-09,2,ICD-2
1910,1070,Female,10-14,4,ICD-2
1910,1070,Female,15-19,3,ICD-2
1910,1070,Female,20-24,8,ICD-2
1910,1070,Female,85+,215,ICD-2
1910,1070,Female,T25-34,20,ICD-2
1910,1070,Female,T35-44,122,ICD-2
1910,1070,Female,T45-54,428,ICD-2
1910,1070,Female,T55-64,831,ICD-2
1910,1070,Female,T65-74,1383,ICD-2
1910,1070,Female,T75-84,1064,ICD-2
1910,1070,Male,01-04,3,ICD-2
1910,1070,Male,05-09,1,ICD-2
1910,1070,Male,10-14,2,ICD-2
1910,1070,Male,15-19,5,ICD-2
1910,1070,Male,20-24,4,ICD-2
1910,1070,Male,85+,115,ICD-2
1910,1070,Male,<1,3,ICD-2
1910,1070,Male,T25-34,32,ICD-2
1910,1070,Male,T35-44,105,ICD-2
1910,1070,Male,T45-54,357,ICD-2
1910,1070,Male,T55-64,702,ICD-2
1910,1070,Male,T65-74,1185,ICD-2
1910,1070,Male,T75-84,789,ICD-2
1910,1080,Female,15-19,3,ICD-2
1910,1080,Female,20-24,2,ICD-2
1910,1080,Female,85+,4,ICD-2
1910,1080,Female,T25-34,8,ICD-2
1910,1080,Female,T35-44,25,ICD-2
1910,1080,Female,T45-54,53,ICD-2
1910,1080,Female,T55-64,62,ICD-2
1910,1080,Female,T65-74,46,ICD-2
1910,1080,Female,T75-84,22,ICD-2
1910,1080,Male,05-09,1,ICD-2
1910,1080,Male,10-14,1,ICD-2
1910,1080,Male,15-19,2,ICD-2
1910,1080,Male,20-24,3,ICD-2
1910,1080,Male,85+,4,ICD-2
1910,1080,Male,T25-34,50,ICD-2
1910,1080,Male,T35-44,219,ICD-2
1910,1080,Male,T45-54,251,ICD-2
1910,1080,Male,T55-64,229,ICD-2
1910,1080,Male,T65-74,118,ICD-2
1910,1080,Male,T75-84,20,ICD-2
1910,1090,Female,85+,112,ICD-2
1910,1090,Female,T55-64,47,ICD-2
1910,1090,Female,T65-74,228,ICD-2
1910,1090,Female,T75-84,253,ICD-2
1910,1090,Male,85+,90,ICD-2
1910,1090,Male,T55-64,62,ICD-2
1910,1090,Male,T65-74,276,ICD-2
1910,1090,Male,T75-84,339,ICD-2
1910,1100,Female,01-04,5,ICD-2
1910,1100,Female,10-14,2,ICD-2
1910,1100,Female,15-19,5,ICD-2
1910,1100,Female,20-24,10,ICD-2
1910,1100,Female,85+,3,ICD-2
1910,1100,Female,<1,1,ICD-2
1910,1100,Female,T25-34,23,ICD-2
1910,1100,Female,T35-44,42,ICD-2
1910,1100,Female,T45-54,27,ICD-2
1910,1100,Female,T55-64,44,ICD-2
1910,1100,Female,T65-74,34,ICD-2
1910,1100,Female,T75-84,34,ICD-2
1910,1100,Male,01-04,3,ICD-2
1910,1100,Male,05-09,1,ICD-2
1910,1100,Male,15-19,3,ICD-2
1910,1100,Male,20-24,4,ICD-2
1910,1100,Male,<1,2,ICD-2
1910,1100,Male,T25-34,9,ICD-2
1910,1100,Male,T35-44,18,ICD-2
1910,1100,Male,T45-54,36,ICD-2
1910,1100,Male,T55-64,37,ICD-2
1910,1100,Male,T65-74,40,ICD-2
1910,1100,Male,T75-84,18,ICD-2
1910,1110,Female,20-24,1,ICD-2
1910,1110,Female,85+,1,ICD-2
1910,1110,Female,<1,1,ICD-2
1910,1110,Female,T25-34,12,ICD-2
1910,1110,Female,T35-44,14,ICD-2
1910,1110,Female,T45-54,21,ICD-2
1910,1110,Female,T55-64,22,ICD-2
1910,1110,Female,T65-74,22,ICD-2
1910,1110,Female,T75-84,5,ICD-2
1910,1110,Male,01-04,1,ICD-2
1910,1110,Male,15-19,1,ICD-2
1910,1110,Male,T35-44,4,ICD-2
1910,1110,Male,T45-54,4,ICD-2
1910,1110,Male,T55-64,12,ICD-2
1910,1110,Male,T65-74,11,ICD-2
1910,1110,Male,T75-84,4,ICD-2
1910,1120,Female,T25-34,6,ICD-2
1910,1120,Female,T35-44,8,ICD-2
1910,1120,Female,T45-54,12,ICD-2
1910,1120,Female,T55-64,22,ICD-2
1910,1120,Female,T65-74,16,ICD-2
1910,1120,Female,T75-84,10,ICD-2
1910,1120,Male,20-24,1,ICD-2
1910,1120,Male,T25-34,4,ICD-2
1910,1120,Male,T35-44,2,ICD-2
1910,1120,Male,T45-54,5,ICD-2
1910,1120,Male,T55-64,7,ICD-2
1910,1120,Male,T65-74,8,ICD-2
1910,1120,Male,T75-84,5,ICD-2
1910,1130,Female,05-09,1,ICD-2
1910,1130,Female,10-14,1,ICD-2
1910,1130,Female,20-24,2,ICD-2
1910,1130,Female,85+,113,ICD-2
1910,1130,Female,T25-34,2,ICD-2
1910,1130,Female,T35-44,20,ICD-2
1910,1130,Female,T45-54,77,ICD-2
1910,1130,Female,T55-64,188,ICD-2
1910,1130,Female,T65-74,445,ICD-2
1910,1130,Female,T75-84,391,ICD-2
1910,1130,Male,05-09,1,ICD-2
1910,1130,Male,85+,104,ICD-2
1910,1130,Male,T25-34,11,ICD-2
1910,1130,Male,T35-44,42,ICD-2
1910,1130,Male,T45-54,148,ICD-2
1910,1130,Male,T55-64,430,ICD-2
1910,1130,Male,T65-74,807,ICD-2
1910,1130,Male,T75-84,502,ICD-2
1910,1140,Female,01-04,216,ICD-2
1910,1140,Female,05-09,51,ICD-2
1910,1140,Female,10-14,5,ICD-2
1910,1140,Female,15-19,2,ICD-2
1910,1140,Female,20-24,5,ICD-2
1910,1140,Female,85+,1,ICD-2
1910,1140,Female,<1,55,ICD-2
1910,1140,Female,T25-34,4,ICD-2
1910,1140,Female,T35-44,9,ICD-2
1910,1140,Female,T45-54,12,ICD-2
1910,1140,Female,T55-64,6,ICD-2
1910,1140,Female,T65-74,7,ICD-2
1910,1140,Female,T75-84,7,ICD-2
1910,1140,Male,01-04,242,ICD-2
1910,1140,Male,05-09,81,ICD-2
1910,1140,Male,10-14,4,ICD-2
1910,1140,Male,15-19,2,ICD-2
1910,1140,Male,20-24,4,ICD-2
1910,1140,Male,85+,1,ICD-2
1910,1140,Male,<1,79,ICD-2
1910,1140,Male,T25-34,5,ICD-2
1910,1140,Male,T35-44,11,ICD-2
1910,1140,Male,T45-54,20,ICD-2
1910,1140,Male,T55-64,16,ICD-2
1910,1140,Male,T65-74,15,ICD-2
1910,1140,Male,T75-84,5,ICD-2
1910,1150,Female,01-04,4,ICD-2
1910,1150,Female,05-09,1,ICD-2
1910,1150,Female,10-14,1,ICD-2
1910,1150,Female,T25-34,1,ICD-2
1910,1150,Male,01-04,3,ICD-2
1910,1150,Male,05-09,5,ICD-2
1910,1150,Male,<1,2,ICD-2
1910,1150,Male,T35-44,1,ICD-2
1910,1160,Female,01-04,18,ICD-2
1910,1160,Female,05-09,5,ICD-2
1910,1160,Female,10-14,1,ICD-2
1910,1160,Male,01-04,34,ICD-2
1910,1160,Male,05-09,5,ICD-2
1910,1160,Male,<1,10,ICD-2
1910,1170,Female,01-04,5,ICD-2
1910,1170,Female,<1,1,ICD-2
1910,1170,Female,T25-34,1,ICD-2
1910,1170,Female,T35-44,2,ICD-2
1910,1170,Female,T45-54,1,ICD-2
1910,1170,Male,01-04,6,ICD-2
1910,1170,Male,<1,1,ICD-2
1910,1170,Male,T25-34,2,ICD-2
1910,1170,Male,T65-74,2,ICD-2
1910,1180,Female,01-04,1292,ICD-2
1910,1180,Female,05-09,74,ICD-2
1910,1180,Female,10-14,20,ICD-2
1910,1180,Female,15-19,32,ICD-2
1910,1180,Female,20-24,35,ICD-2
1910,1180,Female,85+,1194,ICD-2
1910,1180,Female,<1,3058,ICD-2
1910,1180,Female,T25-34,107,ICD-2
1910,1180,Female,T35-44,329,ICD-2
1910,1180,Female,T45-54,849,ICD-2
1910,1180,Female,T55-64,2113,ICD-2
1910,1180,Female,T65-74,4365,ICD-2
1910,1180,Female,T75-84,3923,ICD-2
1910,1180,Male,01-04,1406,ICD-2
1910,1180,Male,05-09,66,ICD-2
1910,1180,Male,10-14,19,ICD-2
1910,1180,Male,15-19,24,ICD-2
1910,1180,Male,20-24,38,ICD-2
1910,1180,Male,85+,670,ICD-2
1910,1180,Male,<1,4024,ICD-2
1910,1180,Male,T25-34,124,ICD-2
1910,1180,Male,T35-44,359,ICD-2
1910,1180,Male,T45-54,955,ICD-2
1910,1180,Male,T55-64,2414,ICD-2
1910,1180,Male,T65-74,3917,ICD-2
1910,1180,Male,T75-84,3056,ICD-2
1910,1190,Female,01-04,6,ICD-2
1910,1190,Female,05-09,5,ICD-2
1910,1190,Female,15-19,4,ICD-2
1910,1190,Female,20-24,8,ICD-2
1910,1190,Female,85+,11,ICD-2
1910,1190,Female,<1,1,ICD-2
1910,1190,Female,T25-34,35,ICD-2
1910,1190,Female,T35-44,60,ICD-2
1910,1190,Female,T45-54,94,ICD-2
1910,1190,Female,T55-64,139,ICD-2
1910,1190,Female,T65-74,201,ICD-2
1910,1190,Female,T75-84,96,ICD-2
1910,1190,Male,01-04,9,ICD-2
1910,1190,Male,05-09,6,ICD-2
1910,1190,Male,10-14,4,ICD-2
1910,1190,Male,15-19,8,ICD-2
1910,1190,Male,20-24,5,ICD-2
1910,1190,Male,85+,10,ICD-2
1910,1190,Male,<1,3,ICD-2
1910,1190,Male,T25-34,37,ICD-2
1910,1190,Male,T35-44,73,ICD-2
1910,1190,Male,T45-54,138,ICD-2
1910,1190,Male,T55-64,246,ICD-2
1910,1190,Male,T65-74,300,ICD-2
1910,1190,Male,T75-84,126,ICD-2
1910,120,Female,01-04,89,ICD-2
1910,120,Female,05-09,52,ICD-2
1910,120,Female,10-14,32,ICD-2
1910,120,Female,15-19,57,ICD-2
1910,120,Female,20-24,72,ICD-2
1910,120,Female,85+,175,ICD-2
1910,120,Female,<1,102,ICD-2
1910,120,Female,T25-34,163,ICD-2
1910,120,Female,T35-44,213,ICD-2
1910,120,Female,T45-54,308,ICD-2
1910,120,Female,T55-64,508,ICD-2
1910,120,Female,T65-74,820,ICD-2
1910,120,Female,T75-84,660,ICD-2
1910,120,Male,01-04,99,ICD-2
1910,120,Male,05-09,52,ICD-2
1910,120,Male,10-14,34,ICD-2
1910,120,Male,15-19,77,ICD-2
1910,120,Male,20-24,86,ICD-2
1910,120,Male,85+,94,ICD-2
1910,120,Male,<1,160,ICD-2
1910,120,Male,T25-34,222,ICD-2
1910,120,Male,T35-44,315,ICD-2
1910,120,Male,T45-54,419,ICD-2
1910,120,Male,T55-64,568,ICD-2
1910,120,Male,T65-74,654,ICD-2
1910,120,Male,T75-84,473,ICD-2
1910,1200,Female,01-04,54,ICD-2
1910,1200,Female,05-09,12,ICD-2
1910,1200,Female,10-14,11,ICD-2
1910,1200,Female,15-19,10,ICD-2
1910,1200,Female,20-24,22,ICD-2
1910,1200,Female,85+,14,ICD-2
1910,1200,Female,<1,26,ICD-2
1910,1200,Female,T25-34,43,ICD-2
1910,1200,Female,T35-44,53,ICD-2
1910,1200,Female,T45-54,61,ICD-2
1910,1200,Female,T55-64,72,ICD-2
1910,1200,Female,T65-74,86,ICD-2
1910,1200,Female,T75-84,59,ICD-2
1910,1200,Male,01-04,86,ICD-2
1910,1200,Male,05-09,26,ICD-2
1910,1200,Male,10-14,16,ICD-2
1910,1200,Male,15-19,20,ICD-2
1910,1200,Male,20-24,26,ICD-2
1910,1200,Male,85+,8,ICD-2
1910,1200,Male,<1,28,ICD-2
1910,1200,Male,T25-34,70,ICD-2
1910,1200,Male,T35-44,95,ICD-2
1910,1200,Male,T45-54,109,ICD-2
1910,1200,Male,T55-64,132,ICD-2
1910,1200,Male,T65-74,96,ICD-2
1910,1200,Male,T75-84,48,ICD-2
1910,1210,Female,01-04,1,ICD-2
1910,1210,Female,05-09,1,ICD-2
1910,1210,Female,10-14,2,ICD-2
1910,1210,Female,20-24,1,ICD-2
1910,1210,Female,85+,1,ICD-2
1910,1210,Female,T25-34,6,ICD-2
1910,1210,Female,T35-44,9,ICD-2
1910,1210,Female,T45-54,17,ICD-2
1910,1210,Female,T55-64,33,ICD-2
1910,1210,Female,T65-74,28,ICD-2
1910,1210,Female,T75-84,10,ICD-2
1910,1210,Male,01-04,2,ICD-2
1910,1210,Male,05-09,1,ICD-2
1910,1210,Male,10-14,1,ICD-2
1910,1210,Male,15-19,1,ICD-2
1910,1210,Male,20-24,2,ICD-2
1910,1210,Male,85+,1,ICD-2
1910,1210,Male,T25-34,13,ICD-2
1910,1210,Male,T35-44,34,ICD-2
1910,1210,Male,T45-54,77,ICD-2
1910,1210,Male,T55-64,117,ICD-2
1910,1210,Male,T65-74,75,ICD-2
1910,1210,Male,T75-84,15,ICD-2
1910,1220,Female,01-04,102,ICD-2
1910,1220,Female,05-09,19,ICD-2
1910,1220,Female,10-14,9,ICD-2
1910,1220,Female,15-19,12,ICD-2
1910,1220,Female,20-24,20,ICD-2
1910,1220,Female,85+,130,ICD-2
1910,1220,Female,<1,209,ICD-2
1910,1220,Female,T25-34,40,ICD-2
1910,1220,Female,T35-44,51,ICD-2
1910,1220,Female,T45-54,79,ICD-2
1910,1220,Female,T55-64,110,ICD-2
1910,1220,Female,T65-74,211,ICD-2
1910,1220,Female,T75-84,243,ICD-2
1910,1220,Male,01-04,93,ICD-2
1910,1220,Male,05-09,18,ICD-2
1910,1220,Male,10-14,13,ICD-2
1910,1220,Male,15-19,10,ICD-2
1910,1220,Male,20-24,17,ICD-2
1910,1220,Male,85+,67,ICD-2
1910,1220,Male,<1,250,ICD-2
1910,1220,Male,T25-34,55,ICD-2
1910,1220,Male,T35-44,86,ICD-2
1910,1220,Male,T45-54,133,ICD-2
1910,1220,Male,T55-64,185,ICD-2
1910,1220,Male,T65-74,208,ICD-2
1910,1220,Male,T75-84,186,ICD-2
1910,1230,Female,01-04,34,ICD-2
1910,1230,Female,05-09,39,ICD-2
1910,1230,Female,10-14,11,ICD-2
1910,1230,Female,15-19,7,ICD-2
1910,1230,Female,20-24,2,ICD-2
1910,1230,Female,<1,12,ICD-2
1910,1230,Female,T25-34,8,ICD-2
1910,1230,Female,T35-44,6,ICD-2
1910,1230,Female,T45-54,7,ICD-2
1910,1230,Female,T55-64,8,ICD-2
1910,1230,Female,T65-74,11,ICD-2
1910,1230,Female,T75-84,1,ICD-2
1910,1230,Male,01-04,54,ICD-2
1910,1230,Male,05-09,39,ICD-2
1910,1230,Male,10-14,5,ICD-2
1910,1230,Male,15-19,4,ICD-2
1910,1230,Male,20-24,5,ICD-2
1910,1230,Male,<1,9,ICD-2
1910,1230,Male,T25-34,14,ICD-2
1910,1230,Male,T35-44,11,ICD-2
1910,1230,Male,T45-54,7,ICD-2
1910,1230,Male,T55-64,15,ICD-2
1910,1230,Male,T65-74,6,ICD-2
1910,1230,Male,T75-84,5,ICD-2
1910,1240,Female,01-04,68,ICD-2
1910,1240,Female,05-09,13,ICD-2
1910,1240,Female,10-14,10,ICD-2
1910,1240,Female,15-19,7,ICD-2
1910,1240,Female,20-24,9,ICD-2
1910,1240,Female,85+,1,ICD-2
1910,1240,Female,<1,96,ICD-2
1910,1240,Female,T25-34,14,ICD-2
1910,1240,Female,T35-44,22,ICD-2
1910,1240,Female,T45-54,26,ICD-2
1910,1240,Female,T55-64,23,ICD-2
1910,1240,Female,T65-74,16,ICD-2
1910,1240,Female,T75-84,14,ICD-2
1910,1240,Male,01-04,55,ICD-2
1910,1240,Male,05-09,13,ICD-2
1910,1240,Male,10-14,3,ICD-2
1910,1240,Male,15-19,6,ICD-2
1910,1240,Male,20-24,8,ICD-2
1910,1240,Male,85+,2,ICD-2
1910,1240,Male,<1,115,ICD-2
1910,1240,Male,T25-34,15,ICD-2
1910,1240,Male,T35-44,22,ICD-2
1910,1240,Male,T45-54,18,ICD-2
1910,1240,Male,T55-64,18,ICD-2
1910,1240,Male,T65-74,16,ICD-2
1910,1240,Male,T75-84,13,ICD-2
1910,1250,Female,01-04,2,ICD-2
1910,1250,Female,05-09,3,ICD-2
1910,1250,Female,10-14,8,ICD-2
1910,1250,Female,15-19,82,ICD-2
1910,1250,Female,20-24,127,ICD-2
1910,1250,Female,85+,6,ICD-2
1910,1250,Female,<1,2,ICD-2
1910,1250,Female,T25-34,235,ICD-2
1910,1250,Female,T35-44,224,ICD-2
1910,1250,Female,T45-54,170,ICD-2
1910,1250,Female,T55-64,102,ICD-2
1910,1250,Female,T65-74,73,ICD-2
1910,1250,Female,T75-84,18,ICD-2
1910,1250,Male,01-04,4,ICD-2
1910,1250,Male,05-09,3,ICD-2
1910,1250,Male,10-14,5,ICD-2
1910,1250,Male,15-19,13,ICD-2
1910,1250,Male,20-24,31,ICD-2
1910,1250,Male,85+,2,ICD-2
1910,1250,Male,<1,3,ICD-2
1910,1250,Male,T25-34,104,ICD-2
1910,1250,Male,T35-44,151,ICD-2
1910,1250,Male,T45-54,169,ICD-2
1910,1250,Male,T55-64,171,ICD-2
1910,1250,Male,T65-74,92,ICD-2
1910,1250,Male,T75-84,25,ICD-2
1910,1260,Female,01-04,160,ICD-2
1910,1260,Female,05-09,31,ICD-2
1910,1260,Female,10-14,14,ICD-2
1910,1260,Female,15-19,14,ICD-2
1910,1260,Female,20-24,14,ICD-2
1910,1260,Female,85+,32,ICD-2
1910,1260,Female,<1,584,ICD-2
1910,1260,Female,T25-34,44,ICD-2
1910,1260,Female,T35-44,58,ICD-2
1910,1260,Female,T45-54,86,ICD-2
1910,1260,Female,T55-64,145,ICD-2
1910,1260,Female,T65-74,218,ICD-2
1910,1260,Female,T75-84,175,ICD-2
1910,1260,Male,01-04,182,ICD-2
1910,1260,Male,05-09,29,ICD-2
1910,1260,Male,10-14,11,ICD-2
1910,1260,Male,15-19,4,ICD-2
1910,1260,Male,20-24,9,ICD-2
1910,1260,Male,85+,17,ICD-2
1910,1260,Male,<1,825,ICD-2
1910,1260,Male,T25-34,31,ICD-2
1910,1260,Male,T35-44,44,ICD-2
1910,1260,Male,T45-54,80,ICD-2
1910,1260,Male,T55-64,110,ICD-2
1910,1260,Male,T65-74,161,ICD-2
1910,1260,Male,T75-84,110,ICD-2
1910,1270,Female,01-04,19,ICD-2
1910,1270,Female,05-09,6,ICD-2
1910,1270,Female,10-14,8,ICD-2
1910,1270,Female,15-19,4,ICD-2
1910,1270,Female,20-24,4,ICD-2
1910,1270,Female,85+,14,ICD-2
1910,1270,Female,<1,47,ICD-2
1910,1270,Female,T25-34,10,ICD-2
1910,1270,Female,T35-44,20,ICD-2
1910,1270,Female,T45-54,28,ICD-2
1910,1270,Female,T55-64,33,ICD-2
1910,1270,Female,T65-74,64,ICD-2
1910,1270,Female,T75-84,51,ICD-2
1910,1270,Male,01-04,16,ICD-2
1910,1270,Male,05-09,4,ICD-2
1910,1270,Male,10-14,2,ICD-2
1910,1270,Male,15-19,2,ICD-2
1910,1270,Male,20-24,6,ICD-2
1910,1270,Male,85+,9,ICD-2
1910,1270,Male,<1,63,ICD-2
1910,1270,Male,T25-34,9,ICD-2
1910,1270,Male,T35-44,23,ICD-2
1910,1270,Male,T45-54,38,ICD-2
1910,1270,Male,T55-64,68,ICD-2
1910,1270,Male,T65-74,50,ICD-2
1910,1270,Male,T75-84,38,ICD-2
1910,1280,Female,01-04,6,ICD-2
1910,1280,Female,05-09,5,ICD-2
1910,1280,Female,10-14,3,ICD-2
1910,1280,Female,15-19,11,ICD-2
1910,1280,Female,20-24,22,ICD-2
1910,1280,Female,85+,1,ICD-2
1910,1280,Female,<1,3,ICD-2
1910,1280,Female,T25-34,60,ICD-2
1910,1280,Female,T35-44,41,ICD-2
1910,1280,Female,T45-54,48,ICD-2
1910,1280,Female,T55-64,51,ICD-2
1910,1280,Female,T65-74,41,ICD-2
1910,1280,Female,T75-84,14,ICD-2
1910,1280,Male,01-04,9,ICD-2
1910,1280,Male,05-09,3,ICD-2
1910,1280,Male,10-14,3,ICD-2
1910,1280,Male,15-19,13,ICD-2
1910,1280,Male,20-24,30,ICD-2
1910,1280,Male,85+,1,ICD-2
1910,1280,Male,<1,5,ICD-2
1910,1280,Male,T25-34,90,ICD-2
1910,1280,Male,T35-44,107,ICD-2
1910,1280,Male,T45-54,120,ICD-2
1910,1280,Male,T55-64,94,ICD-2
1910,1280,Male,T65-74,65,ICD-2
1910,1280,Male,T75-84,12,ICD-2
1910,1290,Female,01-04,276,ICD-2
1910,1290,Female,05-09,32,ICD-2
1910,1290,Female,10-14,13,ICD-2
1910,1290,Female,15-19,9,ICD-2
1910,1290,Female,20-24,14,ICD-2
1910,1290,Female,85+,10,ICD-2
1910,1290,Female,<1,956,ICD-2
1910,1290,Female,T25-34,40,ICD-2
1910,1290,Female,T35-44,53,ICD-2
1910,1290,Female,T45-54,62,ICD-2
1910,1290,Female,T55-64,76,ICD-2
1910,1290,Female,T65-74,129,ICD-2
1910,1290,Female,T75-84,68,ICD-2
1910,1290,Male,01-04,318,ICD-2
1910,1290,Male,05-09,23,ICD-2
1910,1290,Male,10-14,8,ICD-2
1910,1290,Male,15-19,10,ICD-2
1910,1290,Male,20-24,17,ICD-2
1910,1290,Male,85+,8,ICD-2
1910,1290,Male,<1,1265,ICD-2
1910,1290,Male,T25-34,26,ICD-2
1910,1290,Male,T35-44,28,ICD-2
1910,1290,Male,T45-54,46,ICD-2
1910,1290,Male,T55-64,75,ICD-2
1910,1290,Male,T65-74,84,ICD-2
1910,1290,Male,T75-84,53,ICD-2
1910,130,Female,01-04,2434,ICD-2
1910,130,Female,05-09,172,ICD-2
1910,130,Female,10-14,5,ICD-2
1910,130,Female,15-19,1,ICD-2
1910,130,Female,20-24,2,ICD-2
1910,130,Female,<1,2319,ICD-2
1910,130,Female,T35-44,1,ICD-2
1910,130,Female,T65-74,1,ICD-2
1910,130,Male,01-04,1800,ICD-2
1910,130,Male,05-09,102,ICD-2
1910,130,Male,10-14,2,ICD-2
1910,130,Male,15-19,2,ICD-2
1910,130,Male,<1,1951,ICD-2
1910,130,Male,T25-34,1,ICD-2
1910,130,Male,T55-64,3,ICD-2
1910,130,Male,T75-84,1,ICD-2
1910,1300,Female,01-04,302,ICD-2
1910,1300,Female,05-09,38,ICD-2
1910,1300,Female,10-14,11,ICD-2
1910,1300,Female,15-19,6,ICD-2
1910,1300,Female,20-24,6,ICD-2
1910,1300,Female,85+,7,ICD-2
1910,1300,Female,<1,828,ICD-2
1910,1300,Female,T25-34,22,ICD-2
1910,1300,Female,T35-44,26,ICD-2
1910,1300,Female,T45-54,30,ICD-2
1910,1300,Female,T55-64,38,ICD-2
1910,1300,Female,T65-74,44,ICD-2
1910,1300,Female,T75-84,49,ICD-2
1910,1300,Male,01-04,311,ICD-2
1910,1300,Male,05-09,25,ICD-2
1910,1300,Male,10-14,7,ICD-2
1910,1300,Male,15-19,6,ICD-2
1910,1300,Male,20-24,5,ICD-2
1910,1300,Male,85+,2,ICD-2
1910,1300,Male,<1,1182,ICD-2
1910,1300,Male,T25-34,14,ICD-2
1910,1300,Male,T35-44,25,ICD-2
1910,1300,Male,T45-54,22,ICD-2
1910,1300,Male,T55-64,40,ICD-2
1910,1300,Male,T65-74,37,ICD-2
1910,1300,Male,T75-84,19,ICD-2
1910,1310,Female,01-04,36,ICD-2
1910,1310,Female,05-09,163,ICD-2
1910,1310,Female,10-14,138,ICD-2
1910,1310,Female,15-19,123,ICD-2
1910,1310,Female,20-24,90,ICD-2
1910,1310,Female,85+,3,ICD-2
1910,1310,Female,<1,1,ICD-2
1910,1310,Female,T25-34,135,ICD-2
1910,1310,Female,T35-44,111,ICD-2
1910,1310,Female,T45-54,100,ICD-2
1910,1310,Female,T55-64,66,ICD-2
1910,1310,Female,T65-74,45,ICD-2
1910,1310,Female,T75-84,14,ICD-2
1910,1310,Male,01-04,60,ICD-2
1910,1310,Male,05-09,189,ICD-2
1910,1310,Male,10-14,203,ICD-2
1910,1310,Male,15-19,179,ICD-2
1910,1310,Male,20-24,126,ICD-2
1910,1310,Male,85+,2,ICD-2
1910,1310,Male,<1,5,ICD-2
1910,1310,Male,T25-34,167,ICD-2
1910,1310,Male,T35-44,124,ICD-2
1910,1310,Male,T45-54,128,ICD-2
1910,1310,Male,T55-64,97,ICD-2
1910,1310,Male,T65-74,43,ICD-2
1910,1310,Male,T75-84,13,ICD-2
1910,1320,Female,01-04,1,ICD-2
1910,1320,Female,05-09,4,ICD-2
1910,1320,Female,15-19,2,ICD-2
1910,1320,Female,85+,17,ICD-2
1910,1320,Female,<1,6,ICD-2
1910,1320,Female,T25-34,24,ICD-2
1910,1320,Female,T35-44,62,ICD-2
1910,1320,Female,T45-54,158,ICD-2
1910,1320,Female,T55-64,238,ICD-2
1910,1320,Female,T65-74,216,ICD-2
1910,1320,Female,T75-84,107,ICD-2
1910,1320,Male,01-04,25,ICD-2
1910,1320,Male,05-09,2,ICD-2
1910,1320,Male,20-24,8,ICD-2
1910,1320,Male,85+,22,ICD-2
1910,1320,Male,<1,58,ICD-2
1910,1320,Male,T25-34,20,ICD-2
1910,1320,Male,T35-44,26,ICD-2
1910,1320,Male,T45-54,56,ICD-2
1910,1320,Male,T55-64,112,ICD-2
1910,1320,Male,T65-74,192,ICD-2
1910,1320,Male,T75-84,121,ICD-2
1910,1330,Female,01-04,36,ICD-2
1910,1330,Female,05-09,28,ICD-2
1910,1330,Female,10-14,21,ICD-2
1910,1330,Female,15-19,18,ICD-2
1910,1330,Female,20-24,14,ICD-2
1910,1330,Female,85+,41,ICD-2
1910,1330,Female,<1,145,ICD-2
1910,1330,Female,T25-34,75,ICD-2
1910,1330,Female,T35-44,104,ICD-2
1910,1330,Female,T45-54,130,ICD-2
1910,1330,Female,T55-64,186,ICD-2
1910,1330,Female,T65-74,308,ICD-2
1910,1330,Female,T75-84,191,ICD-2
1910,1330,Male,01-04,56,ICD-2
1910,1330,Male,05-09,37,ICD-2
1910,1330,Male,10-14,26,ICD-2
1910,1330,Male,15-19,23,ICD-2
1910,1330,Male,20-24,29,ICD-2
1910,1330,Male,85+,26,ICD-2
1910,1330,Male,<1,255,ICD-2
1910,1330,Male,T25-34,61,ICD-2
1910,1330,Male,T35-44,74,ICD-2
1910,1330,Male,T45-54,111,ICD-2
1910,1330,Male,T55-64,165,ICD-2
1910,1330,Male,T65-74,221,ICD-2
1910,1330,Male,T75-84,121,ICD-2
1910,1340,Female,01-04,10,ICD-2
1910,1340,Female,05-09,2,ICD-2
1910,1340,Female,10-14,1,ICD-2
1910,1340,Female,15-19,2,ICD-2
1910,1340,Female,20-24,3,ICD-2
1910,1340,Female,85+,7,ICD-2
1910,1340,Female,<1,28,ICD-2
1910,1340,Female,T25-34,10,ICD-2
1910,1340,Female,T35-44,15,ICD-2
1910,1340,Female,T45-54,19,ICD-2
1910,1340,Female,T55-64,31,ICD-2
1910,1340,Female,T65-74,25,ICD-2
1910,1340,Female,T75-84,22,ICD-2
1910,1340,Male,01-04,4,ICD-2
1910,1340,Male,05-09,3,ICD-2
1910,1340,Male,10-14,4,ICD-2
1910,1340,Male,15-19,1,ICD-2
1910,1340,Male,20-24,6,ICD-2
1910,1340,Male,85+,4,ICD-2
1910,1340,Male,<1,20,ICD-2
1910,1340,Male,T25-34,11,ICD-2
1910,1340,Male,T35-44,19,ICD-2
1910,1340,Male,T45-54,20,ICD-2
1910,1340,Male,T55-64,35,ICD-2
1910,1340,Male,T65-74,33,ICD-2
1910,1340,Male,T75-84,19,ICD-2
1910,1350,Female,01-04,37,ICD-2
1910,1350,Female,05-09,34,ICD-2
1910,1350,Female,10-14,14,ICD-2
1910,1350,Female,15-19,16,ICD-2
1910,1350,Female,20-24,20,ICD-2
1910,1350,Female,85+,1,ICD-2
1910,1350,Female,<1,19,ICD-2
1910,1350,Female,T25-34,32,ICD-2
1910,1350,Female,T35-44,43,ICD-2
1910,1350,Female,T45-54,24,ICD-2
1910,1350,Female,T55-64,21,ICD-2
1910,1350,Female,T65-74,49,ICD-2
1910,1350,Female,T75-84,21,ICD-2
1910,1350,Male,01-04,27,ICD-2
1910,1350,Male,05-09,12,ICD-2
1910,1350,Male,10-14,12,ICD-2
1910,1350,Male,15-19,8,ICD-2
1910,1350,Male,20-24,5,ICD-2
1910,1350,Male,85+,1,ICD-2
1910,1350,Male,<1,29,ICD-2
1910,1350,Male,T25-34,16,ICD-2
1910,1350,Male,T35-44,18,ICD-2
1910,1350,Male,T45-54,23,ICD-2
1910,1350,Male,T55-64,28,ICD-2
1910,1350,Male,T65-74,31,ICD-2
1910,1350,Male,T75-84,13,ICD-2
1910,1360,Female,01-04,5,ICD-2
1910,1360,Female,05-09,3,ICD-2
1910,1360,Female,15-19,5,ICD-2
1910,1360,Female,20-24,5,ICD-2
1910,1360,Female,85+,3,ICD-2
1910,1360,Female,<1,6,ICD-2
1910,1360,Female,T25-34,55,ICD-2
1910,1360,Female,T35-44,215,ICD-2
1910,1360,Female,T45-54,434,ICD-2
1910,1360,Female,T55-64,367,ICD-2
1910,1360,Female,T65-74,247,ICD-2
1910,1360,Female,T75-84,39,ICD-2
1910,1360,Male,01-04,2,ICD-2
1910,1360,Male,05-09,5,ICD-2
1910,1360,Male,10-14,4,ICD-2
1910,1360,Male,15-19,4,ICD-2
1910,1360,Male,20-24,8,ICD-2
1910,1360,Male,85+,7,ICD-2
1910,1360,Male,T25-34,52,ICD-2
1910,1360,Male,T35-44,246,ICD-2
1910,1360,Male,T45-54,523,ICD-2
1910,1360,Male,T55-64,565,ICD-2
1910,1360,Male,T65-74,338,ICD-2
1910,1360,Male,T75-84,73,ICD-2
1910,1370,Female,01-04,21,ICD-2
1910,1370,Female,05-09,11,ICD-2
1910,1370,Female,10-14,6,ICD-2
1910,1370,Female,15-19,8,ICD-2
1910,1370,Female,20-24,8,ICD-2
1910,1370,Female,85+,33,ICD-2
1910,1370,Female,<1,5,ICD-2
1910,1370,Female,T25-34,47,ICD-2
1910,1370,Female,T35-44,88,ICD-2
1910,1370,Female,T45-54,164,ICD-2
1910,1370,Female,T55-64,274,ICD-2
1910,1370,Female,T65-74,313,ICD-2
1910,1370,Female,T75-84,181,ICD-2
1910,1370,Male,01-04,17,ICD-2
1910,1370,Male,05-09,7,ICD-2
1910,1370,Male,10-14,7,ICD-2
1910,1370,Male,15-19,7,ICD-2
1910,1370,Male,20-24,6,ICD-2
1910,1370,Male,85+,17,ICD-2
1910,1370,Male,<1,10,ICD-2
1910,1370,Male,T25-34,45,ICD-2
1910,1370,Male,T35-44,69,ICD-2
1910,1370,Male,T45-54,137,ICD-2
1910,1370,Male,T55-64,159,ICD-2
1910,1370,Male,T65-74,165,ICD-2
1910,1370,Male,T75-84,91,ICD-2
1910,1380,Female,01-04,15,ICD-2
1910,1380,Female,05-09,1,ICD-2
1910,1380,Female,10-14,1,ICD-2
1910,1380,Female,15-19,1,ICD-2
1910,1380,Female,20-24,3,ICD-2
1910,1380,Female,85+,1,ICD-2
1910,1380,Female,<1,17,ICD-2
1910,1380,Female,T25-34,6,ICD-2
1910,1380,Female,T35-44,8,ICD-2
1910,1380,Female,T45-54,19,ICD-2
1910,1380,Female,T55-64,22,ICD-2
1910,1380,Female,T65-74,17,ICD-2
1910,1380,Female,T75-84,5,ICD-2
1910,1380,Male,01-04,15,ICD-2
1910,1380,Male,05-09,2,ICD-2
1910,1380,Male,10-14,1,ICD-2
1910,1380,Male,20-24,1,ICD-2
1910,1380,Male,85+,1,ICD-2
1910,1380,Male,<1,19,ICD-2
1910,1380,Male,T25-34,7,ICD-2
1910,1380,Male,T35-44,12,ICD-2
1910,1380,Male,T45-54,17,ICD-2
1910,1380,Male,T55-64,17,ICD-2
1910,1380,Male,T65-74,21,ICD-2
1910,1380,Male,T75-84,5,ICD-2
1910,1390,Female,01-04,1,ICD-2
1910,1390,Female,05-09,1,ICD-2
1910,1390,Female,15-19,1,ICD-2
1910,1390,Female,<1,1,ICD-2
1910,1390,Female,T25-34,2,ICD-2
1910,1390,Female,T35-44,2,ICD-2
1910,1390,Female,T45-54,7,ICD-2
1910,1390,Female,T55-64,4,ICD-2
1910,1390,Female,T65-74,3,ICD-2
1910,1390,Female,T75-84,1,ICD-2
1910,1390,Male,20-24,1,ICD-2
1910,1390,Male,<1,1,ICD-2
1910,1390,Male,T25-34,2,ICD-2
1910,1390,Male,T35-44,3,ICD-2
1910,1390,Male,T45-54,4,ICD-2
1910,1390,Male,T55-64,2,ICD-2
1910,1390,Male,T65-74,1,ICD-2
1910,1390,Male,T75-84,1,ICD-2
1910,1400,Female,01-04,21,ICD-2
1910,1400,Female,05-09,9,ICD-2
1910,1400,Female,10-14,7,ICD-2
1910,1400,Female,15-19,7,ICD-2
1910,1400,Female,20-24,16,ICD-2
1910,1400,Female,85+,4,ICD-2
1910,1400,Female,<1,43,ICD-2
1910,1400,Female,T25-34,15,ICD-2
1910,1400,Female,T35-44,8,ICD-2
1910,1400,Female,T45-54,17,ICD-2
1910,1400,Female,T55-64,21,ICD-2
1910,1400,Female,T65-74,13,ICD-2
1910,1400,Female,T75-84,10,ICD-2
1910,1400,Male,01-04,42,ICD-2
1910,1400,Male,05-09,31,ICD-2
1910,1400,Male,10-14,15,ICD-2
1910,1400,Male,15-19,18,ICD-2
1910,1400,Male,20-24,12,ICD-2
1910,1400,Male,85+,1,ICD-2
1910,1400,Male,<1,63,ICD-2
1910,1400,Male,T25-34,19,ICD-2
1910,1400,Male,T35-44,27,ICD-2
1910,1400,Male,T45-54,33,ICD-2
1910,1400,Male,T55-64,32,ICD-2
1910,1400,Male,T65-74,22,ICD-2
1910,1400,Male,T75-84,5,ICD-2
1910,1410,Female,01-04,11,ICD-2
1910,1410,Female,05-09,4,ICD-2
1910,1410,Female,10-14,9,ICD-2
1910,1410,Female,15-19,26,ICD-2
1910,1410,Female,20-24,40,ICD-2
1910,1410,Female,85+,4,ICD-2
1910,1410,Female,<1,5,ICD-2
1910,1410,Female,T25-34,73,ICD-2
1910,1410,Female,T35-44,102,ICD-2
1910,1410,Female,T45-54,114,ICD-2
1910,1410,Female,T55-64,93,ICD-2
1910,1410,Female,T65-74,54,ICD-2
1910,1410,Female,T75-84,20,ICD-2
1910,1410,Male,01-04,7,ICD-2
1910,1410,Male,05-09,3,ICD-2
1910,1410,Male,10-14,2,ICD-2
1910,1410,Male,15-19,10,ICD-2
1910,1410,Male,20-24,6,ICD-2
1910,1410,Male,<1,2,ICD-2
1910,1410,Male,T25-34,3,ICD-2
1910,1410,Male,T35-44,12,ICD-2
1910,1410,Male,T45-54,12,ICD-2
1910,1410,Male,T55-64,21,ICD-2
1910,1410,Male,T65-74,13,ICD-2
1910,1410,Male,T75-84,5,ICD-2
1910,1420,Female,01-04,1,ICD-2
1910,1420,Female,05-09,2,ICD-2
1910,1420,Female,15-19,2,ICD-2
1910,1420,Female,20-24,8,ICD-2
1910,1420,Female,<1,1,ICD-2
1910,1420,Female,T25-34,25,ICD-2
1910,1420,Female,T35-44,29,ICD-2
1910,1420,Female,T45-54,22,ICD-2
1910,1420,Female,T55-64,20,ICD-2
1910,1420,Female,T65-74,14,ICD-2
1910,1420,Female,T75-84,6,ICD-2
1910,1420,Male,05-09,1,ICD-2
1910,1420,Male,10-14,2,ICD-2
1910,1420,Male,15-19,1,ICD-2
1910,1420,Male,20-24,4,ICD-2
1910,1420,Male,T25-34,20,ICD-2
1910,1420,Male,T35-44,14,ICD-2
1910,1420,Male,T45-54,28,ICD-2
1910,1420,Male,T55-64,15,ICD-2
1910,1420,Male,T65-74,9,ICD-2
1910,1420,Male,T75-84,2,ICD-2
1910,1430,Female,01-04,101,ICD-2
1910,1430,Female,05-09,67,ICD-2
1910,1430,Female,10-14,53,ICD-2
1910,1430,Female,15-19,49,ICD-2
1910,1430,Female,20-24,75,ICD-2
1910,1430,Female,85+,18,ICD-2
1910,1430,Female,<1,70,ICD-2
1910,1430,Female,T25-34,224,ICD-2
1910,1430,Female,T35-44,259,ICD-2
1910,1430,Female,T45-54,238,ICD-2
1910,1430,Female,T55-64,240,ICD-2
1910,1430,Female,T65-74,208,ICD-2
1910,1430,Female,T75-84,96,ICD-2
1910,1430,Male,01-04,139,ICD-2
1910,1430,Male,05-09,88,ICD-2
1910,1430,Male,10-14,45,ICD-2
1910,1430,Male,15-19,48,ICD-2
1910,1430,Male,20-24,61,ICD-2
1910,1430,Male,85+,20,ICD-2
1910,1430,Male,<1,88,ICD-2
1910,1430,Male,T25-34,164,ICD-2
1910,1430,Male,T35-44,233,ICD-2
1910,1430,Male,T45-54,294,ICD-2
1910,1430,Male,T55-64,309,ICD-2
1910,1430,Male,T65-74,282,ICD-2
1910,1430,Male,T75-84,126,ICD-2
1910,1440,Female,01-04,26,ICD-2
1910,1440,Female,05-09,30,ICD-2
1910,1440,Female,10-14,29,ICD-2
1910,1440,Female,15-19,51,ICD-2
1910,1440,Female,20-24,78,ICD-2
1910,1440,Female,85+,69,ICD-2
1910,1440,Female,<1,6,ICD-2
1910,1440,Female,T25-34,279,ICD-2
1910,1440,Female,T35-44,536,ICD-2
1910,1440,Female,T45-54,898,ICD-2
1910,1440,Female,T55-64,1156,ICD-2
1910,1440,Female,T65-74,1155,ICD-2
1910,1440,Female,T75-84,509,ICD-2
1910,1440,Male,01-04,22,ICD-2
1910,1440,Male,05-09,27,ICD-2
1910,1440,Male,10-14,34,ICD-2
1910,1440,Male,15-19,58,ICD-2
1910,1440,Male,20-24,84,ICD-2
1910,1440,Male,85+,58,ICD-2
1910,1440,Male,<1,8,ICD-2
1910,1440,Male,T25-34,265,ICD-2
1910,1440,Male,T35-44,543,ICD-2
1910,1440,Male,T45-54,1051,ICD-2
1910,1440,Male,T55-64,1436,ICD-2
1910,1440,Male,T65-74,1436,ICD-2
1910,1440,Male,T75-84,508,ICD-2
1910,1450,Female,01-04,1,ICD-2
1910,1450,Female,05-09,2,ICD-2
1910,1450,Female,10-14,1,ICD-2
1910,1450,Female,20-24,3,ICD-2
1910,1450,Female,85+,1,ICD-2
1910,1450,Female,T25-34,5,ICD-2
1910,1450,Female,T35-44,9,ICD-2
1910,1450,Female,T45-54,19,ICD-2
1910,1450,Female,T55-64,12,ICD-2
1910,1450,Female,T65-74,18,ICD-2
1910,1450,Female,T75-84,9,ICD-2
1910,1450,Male,01-04,3,ICD-2
1910,1450,Male,05-09,3,ICD-2
1910,1450,Male,10-14,3,ICD-2
1910,1450,Male,15-19,1,ICD-2
1910,1450,Male,20-24,4,ICD-2
1910,1450,Male,85+,8,ICD-2
1910,1450,Male,<1,1,ICD-2
1910,1450,Male,T25-34,18,ICD-2
1910,1450,Male,T35-44,16,ICD-2
1910,1450,Male,T45-54,25,ICD-2
1910,1450,Male,T55-64,26,ICD-2
1910,1450,Male,T65-74,33,ICD-2
1910,1450,Male,T75-84,18,ICD-2
1910,1460,Female,05-09,2,ICD-2
1910,1460,Female,10-14,2,ICD-2
1910,1460,Female,15-19,1,ICD-2
1910,1460,Female,20-24,2,ICD-2
1910,1460,Female,85+,11,ICD-2
1910,1460,Female,T25-34,11,ICD-2
1910,1460,Female,T35-44,16,ICD-2
1910,1460,Female,T45-54,13,ICD-2
1910,1460,Female,T55-64,45,ICD-2
1910,1460,Female,T65-74,52,ICD-2
1910,1460,Female,T75-84,66,ICD-2
1910,1460,Male,05-09,2,ICD-2
1910,1460,Male,10-14,1,ICD-2
1910,1460,Male,15-19,1,ICD-2
1910,1460,Male,20-24,2,ICD-2
1910,1460,Male,85+,170,ICD-2
1910,1460,Male,<1,4,ICD-2
1910,1460,Male,T25-34,15,ICD-2
1910,1460,Male,T35-44,33,ICD-2
1910,1460,Male,T45-54,72,ICD-2
1910,1460,Male,T55-64,320,ICD-2
1910,1460,Male,T65-74,843,ICD-2
1910,1460,Male,T75-84,726,ICD-2
1910,1470,Female,01-04,7,ICD-2
1910,1470,Female,05-09,1,ICD-2
1910,1470,Female,10-14,1,ICD-2
1910,1470,Female,15-19,2,ICD-2
1910,1470,Female,20-24,3,ICD-2
1910,1470,Female,85+,5,ICD-2
1910,1470,Female,<1,2,ICD-2
1910,1470,Female,T25-34,14,ICD-2
1910,1470,Female,T35-44,32,ICD-2
1910,1470,Female,T45-54,23,ICD-2
1910,1470,Female,T55-64,35,ICD-2
1910,1470,Female,T65-74,27,ICD-2
1910,1470,Female,T75-84,17,ICD-2
1910,1470,Male,01-04,5,ICD-2
1910,1470,Male,05-09,1,ICD-2
1910,1470,Male,10-14,5,ICD-2
1910,1470,Male,15-19,2,ICD-2
1910,1470,Male,20-24,7,ICD-2
1910,1470,Male,85+,4,ICD-2
1910,1470,Male,<1,7,ICD-2
1910,1470,Male,T25-34,15,ICD-2
1910,1470,Male,T35-44,68,ICD-2
1910,1470,Male,T45-54,110,ICD-2
1910,1470,Male,T55-64,150,ICD-2
1910,1470,Male,T65-74,131,ICD-2
1910,1470,Male,T75-84,38,ICD-2
1910,1480,Female,10-14,1,ICD-2
1910,1480,Female,15-19,1,ICD-2
1910,1480,Female,20-24,8,ICD-2
1910,1480,Female,85+,5,ICD-2
1910,1480,Female,T25-34,25,ICD-2
1910,1480,Female,T35-44,58,ICD-2
1910,1480,Female,T45-54,57,ICD-2
1910,1480,Female,T55-64,51,ICD-2
1910,1480,Female,T65-74,56,ICD-2
1910,1480,Female,T75-84,29,ICD-2
1910,1490,Female,15-19,1,ICD-2
1910,1490,Female,20-24,1,ICD-2
1910,1490,Female,T25-34,8,ICD-2
1910,1490,Female,T35-44,6,ICD-2
1910,1490,Female,T45-54,5,ICD-2
1910,1490,Female,T65-74,2,ICD-2
1910,150,Female,01-04,1112,ICD-2
1910,150,Female,05-09,888,ICD-2
1910,150,Female,10-14,114,ICD-2
1910,150,Female,15-19,21,ICD-2
1910,150,Female,20-24,15,ICD-2
1910,150,Female,<1,76,ICD-2
1910,150,Female,T25-34,16,ICD-2
1910,150,Female,T35-44,10,ICD-2
1910,150,Female,T45-54,2,ICD-2
1910,150,Female,T55-64,4,ICD-2
1910,150,Female,T65-74,4,ICD-2
1910,150,Male,01-04,1113,ICD-2
1910,150,Male,05-09,634,ICD-2
1910,150,Male,10-14,101,ICD-2
1910,150,Male,15-19,20,ICD-2
1910,150,Male,20-24,10,ICD-2
1910,150,Male,<1,112,ICD-2
1910,150,Male,T25-34,7,ICD-2
1910,150,Male,T35-44,9,ICD-2
1910,150,Male,T45-54,8,ICD-2
1910,150,Male,T55-64,4,ICD-2
1910,150,Male,T65-74,3,ICD-2
1910,150,Male,T75-84,1,ICD-2
1910,1500,Female,15-19,1,ICD-2
1910,1500,Female,20-24,1,ICD-2
1910,1500,Female,85+,1,ICD-2
1910,1500,Female,T25-34,18,ICD-2
1910,1500,Female,T35-44,92,ICD-2
1910,1500,Female,T45-54,106,ICD-2
1910,1500,Female,T55-64,43,ICD-2
1910,1500,Female,T65-74,35,ICD-2
1910,1500,Female,T75-84,15,ICD-2
1910,1510,Female,01-04,7,ICD-2
1910,1510,Female,05-09,1,ICD-2
1910,1510,Female,15-19,3,ICD-2
1910,1510,Female,20-24,17,ICD-2
1910,1510,Female,85+,2,ICD-2
1910,1510,Female,<1,5,ICD-2
1910,1510,Female,T25-34,81,ICD-2
1910,1510,Female,T35-44,85,ICD-2
1910,1510,Female,T45-54,50,ICD-2
1910,1510,Female,T55-64,18,ICD-2
1910,1510,Female,T65-74,12,ICD-2
1910,1510,Female,T75-84,4,ICD-2
1910,1520,Female,10-14,1,ICD-2
1910,1520,Female,15-19,3,ICD-2
1910,1520,Female,20-24,1,ICD-2
1910,1520,Female,T25-34,1,ICD-2
1910,1520,Female,T35-44,13,ICD-2
1910,1520,Female,T45-54,7,ICD-2
1910,1530,Female,<1,4,ICD-2
1910,1530,Female,T35-44,2,ICD-2
1910,1530,Female,T45-54,1,ICD-2
1910,1530,Female,T55-64,3,ICD-2
1910,1530,Female,T65-74,2,ICD-2
1910,1530,Female,T75-84,1,ICD-2
1910,1530,Male,01-04,3,ICD-2
1910,1530,Male,10-14,1,ICD-2
1910,1530,Male,85+,3,ICD-2
1910,1530,Male,<1,21,ICD-2
1910,1530,Male,T25-34,4,ICD-2
1910,1530,Male,T35-44,5,ICD-2
1910,1530,Male,T45-54,3,ICD-2
1910,1530,Male,T55-64,11,ICD-2
1910,1530,Male,T65-74,11,ICD-2
1910,1530,Male,T75-84,4,ICD-2
1910,1540,Female,20-24,7,ICD-2
1910,1540,Female,T25-34,35,ICD-2
1910,1540,Female,T35-44,32,ICD-2
1910,1540,Female,T45-54,4,ICD-2
1910,1550,Female,15-19,1,ICD-2
1910,1550,Female,20-24,13,ICD-2
1910,1550,Female,T25-34,15,ICD-2
1910,1550,Female,T35-44,19,ICD-2
1910,1560,Female,15-19,34,ICD-2
1910,1560,Female,20-24,99,ICD-2
1910,1560,Female,T25-34,197,ICD-2
1910,1560,Female,T35-44,107,ICD-2
1910,1560,Female,T45-54,2,ICD-2
1910,1570,Female,15-19,7,ICD-2
1910,1570,Female,20-24,39,ICD-2
1910,1570,Female,T25-34,264,ICD-2
1910,1570,Female,T35-44,295,ICD-2
1910,1570,Female,T45-54,7,ICD-2
1910,1580,Female,15-19,15,ICD-2
1910,1580,Female,20-24,101,ICD-2
1910,1580,Female,T25-34,342,ICD-2
1910,1580,Female,T35-44,267,ICD-2
1910,1580,Female,T45-54,15,ICD-2
1910,1590,Female,01-04,1,ICD-2
1910,1590,Female,05-09,2,ICD-2
1910,1590,Female,10-14,1,ICD-2
1910,1590,Female,15-19,4,ICD-2
1910,1590,Female,<1,1,ICD-2
1910,1590,Female,T25-34,2,ICD-2
1910,1590,Female,T35-44,2,ICD-2
1910,1590,Female,T45-54,1,ICD-2
1910,1590,Female,T55-64,1,ICD-2
1910,1590,Female,T65-74,5,ICD-2
1910,1590,Female,T75-84,3,ICD-2
1910,1590,Male,01-04,3,ICD-2
1910,1590,Male,05-09,2,ICD-2
1910,1590,Male,15-19,2,ICD-2
1910,1590,Male,20-24,3,ICD-2
1910,1590,Male,<1,2,ICD-2
1910,1590,Male,T25-34,4,ICD-2
1910,1590,Male,T35-44,2,ICD-2
1910,1590,Male,T45-54,7,ICD-2
1910,1590,Male,T55-64,4,ICD-2
1910,1590,Male,T65-74,10,ICD-2
1910,1590,Male,T75-84,4,ICD-2
1910,1600,Female,01-04,12,ICD-2
1910,1600,Female,05-09,8,ICD-2
1910,1600,Female,10-14,8,ICD-2
1910,1600,Female,15-19,3,ICD-2
1910,1600,Female,20-24,2,ICD-2
1910,1600,Female,85+,1,ICD-2
1910,1600,Female,<1,13,ICD-2
1910,1600,Female,T25-34,4,ICD-2
1910,1600,Female,T35-44,7,ICD-2
1910,1600,Female,T45-54,8,ICD-2
1910,1600,Female,T55-64,16,ICD-2
1910,1600,Female,T65-74,15,ICD-2
1910,1600,Female,T75-84,8,ICD-2
1910,1600,Male,01-04,15,ICD-2
1910,1600,Male,05-09,12,ICD-2
1910,1600,Male,10-14,18,ICD-2
1910,1600,Male,15-19,7,ICD-2
1910,1600,Male,20-24,1,ICD-2
1910,1600,Male,85+,1,ICD-2
1910,1600,Male,<1,18,ICD-2
1910,1600,Male,T25-34,8,ICD-2
1910,1600,Male,T35-44,5,ICD-2
1910,1600,Male,T45-54,10,ICD-2
1910,1600,Male,T55-64,9,ICD-2
1910,1600,Male,T65-74,17,ICD-2
1910,1600,Male,T75-84,7,ICD-2
1910,1610,Female,01-04,17,ICD-2
1910,1610,Female,05-09,18,ICD-2
1910,1610,Female,10-14,16,ICD-2
1910,1610,Female,15-19,5,ICD-2
1910,1610,Female,20-24,6,ICD-2
1910,1610,Female,85+,1,ICD-2
1910,1610,Female,<1,13,ICD-2
1910,1610,Female,T25-34,9,ICD-2
1910,1610,Female,T35-44,16,ICD-2
1910,1610,Female,T45-54,11,ICD-2
1910,1610,Female,T55-64,13,ICD-2
1910,1610,Female,T65-74,15,ICD-2
1910,1610,Female,T75-84,7,ICD-2
1910,1610,Male,01-04,18,ICD-2
1910,1610,Male,05-09,31,ICD-2
1910,1610,Male,10-14,44,ICD-2
1910,1610,Male,15-19,25,ICD-2
1910,1610,Male,20-24,5,ICD-2
1910,1610,Male,<1,12,ICD-2
1910,1610,Male,T25-34,12,ICD-2
1910,1610,Male,T35-44,9,ICD-2
1910,1610,Male,T45-54,13,ICD-2
1910,1610,Male,T55-64,12,ICD-2
1910,1610,Male,T65-74,15,ICD-2
1910,1610,Male,T75-84,7,ICD-2
1910,1620,Female,01-04,3,ICD-2
1910,1620,Female,05-09,1,ICD-2
1910,1620,Female,85+,42,ICD-2
1910,1620,Female,<1,4,ICD-2
1910,1620,Female,T25-34,3,ICD-2
1910,1620,Female,T35-44,12,ICD-2
1910,1620,Female,T45-54,25,ICD-2
1910,1620,Female,T55-64,44,ICD-2
1910,1620,Female,T65-74,99,ICD-2
1910,1620,Female,T75-84,77,ICD-2
1910,1620,Male,01-04,1,ICD-2
1910,1620,Male,85+,6,ICD-2
1910,1620,Male,<1,8,ICD-2
1910,1620,Male,T25-34,3,ICD-2
1910,1620,Male,T35-44,3,ICD-2
1910,1620,Male,T45-54,14,ICD-2
1910,1620,Male,T55-64,24,ICD-2
1910,1620,Male,T65-74,49,ICD-2
1910,1620,Male,T75-84,41,ICD-2
1910,1630,Female,01-04,19,ICD-2
1910,1630,Female,85+,3,ICD-2
1910,1630,Female,<1,62,ICD-2
1910,1630,Female,T25-34,1,ICD-2
1910,1630,Female,T35-44,1,ICD-2
1910,1630,Female,T45-54,1,ICD-2
1910,1630,Female,T55-64,3,ICD-2
1910,1630,Female,T65-74,11,ICD-2
1910,1630,Female,T75-84,6,ICD-2
1910,1630,Male,01-04,18,ICD-2
1910,1630,Male,15-19,2,ICD-2
1910,1630,Male,20-24,1,ICD-2
1910,1630,Male,85+,1,ICD-2
1910,1630,Male,<1,90,ICD-2
1910,1630,Male,T25-34,1,ICD-2
1910,1630,Male,T35-44,2,ICD-2
1910,1630,Male,T45-54,4,ICD-2
1910,1630,Male,T55-64,6,ICD-2
1910,1630,Male,T65-74,6,ICD-2
1910,1630,Male,T75-84,7,ICD-2
1910,1640,Female,01-04,5,ICD-2
1910,1640,Female,05-09,1,ICD-2
1910,1640,Female,85+,1,ICD-2
1910,1640,Female,<1,69,ICD-2
1910,1640,Female,T35-44,3,ICD-2
1910,1640,Female,T45-54,4,ICD-2
1910,1640,Female,T55-64,4,ICD-2
1910,1640,Female,T65-74,1,ICD-2
1910,1640,Female,T75-84,3,ICD-2
1910,1640,Male,01-04,2,ICD-2
1910,1640,Male,20-24,2,ICD-2
1910,1640,Male,85+,1,ICD-2
1910,1640,Male,<1,94,ICD-2
1910,1640,Male,T25-34,1,ICD-2
1910,1640,Male,T35-44,1,ICD-2
1910,1640,Male,T45-54,2,ICD-2
1910,1640,Male,T55-64,3,ICD-2
1910,1640,Male,T65-74,3,ICD-2
1910,1640,Male,T75-84,4,ICD-2
1910,1650,Female,01-04,13,ICD-2
1910,1650,Female,05-09,1,ICD-2
1910,1650,Female,10-14,1,ICD-2
1910,1650,Female,15-19,1,ICD-2
1910,1650,Female,20-24,3,ICD-2
1910,1650,Female,85+,7,ICD-2
1910,1650,Female,<1,42,ICD-2
1910,1650,Female,T25-34,1,ICD-2
1910,1650,Female,T35-44,10,ICD-2
1910,1650,Female,T45-54,8,ICD-2
1910,1650,Female,T55-64,7,ICD-2
1910,1650,Female,T65-74,13,ICD-2
1910,1650,Female,T75-84,13,ICD-2
1910,1650,Male,01-04,9,ICD-2
1910,1650,Male,15-19,1,ICD-2
1910,1650,Male,20-24,1,ICD-2
1910,1650,Male,85+,2,ICD-2
1910,1650,Male,<1,61,ICD-2
1910,1650,Male,T25-34,2,ICD-2
1910,1650,Male,T35-44,1,ICD-2
1910,1650,Male,T45-54,9,ICD-2
1910,1650,Male,T55-64,9,ICD-2
1910,1650,Male,T65-74,12,ICD-2
1910,1650,Male,T75-84,6,ICD-2
1910,1660,Female,01-04,358,ICD-2
1910,1660,Female,05-09,6,ICD-2
1910,1660,Female,10-14,3,ICD-2
1910,1660,Female,15-19,2,ICD-2
1910,1660,Female,20-24,2,ICD-2
1910,1660,Female,85+,3,ICD-2
1910,1660,Female,<1,5264,ICD-2
1910,1660,Female,T25-34,2,ICD-2
1910,1660,Female,T35-44,6,ICD-2
1910,1660,Female,T45-54,12,ICD-2
1910,1660,Female,T55-64,16,ICD-2
1910,1660,Female,T65-74,8,ICD-2
1910,1660,Female,T75-84,4,ICD-2
1910,1660,Male,01-04,365,ICD-2
1910,1660,Male,05-09,7,ICD-2
1910,1660,Male,10-14,1,ICD-2
1910,1660,Male,85+,1,ICD-2
1910,1660,Male,<1,6943,ICD-2
1910,1660,Male,T35-44,3,ICD-2
1910,1660,Male,T45-54,10,ICD-2
1910,1660,Male,T55-64,12,ICD-2
1910,1660,Male,T65-74,14,ICD-2
1910,1660,Male,T75-84,3,ICD-2
1910,1670,Female,85+,4944,ICD-2
1910,1670,Female,T55-64,233,ICD-2
1910,1670,Female,T65-74,3792,ICD-2
1910,1670,Female,T75-84,9264,ICD-2
1910,1670,Male,85+,2955,ICD-2
1910,1670,Male,T55-64,230,ICD-2
1910,1670,Male,T65-74,3244,ICD-2
1910,1670,Male,T75-84,7009,ICD-2
1910,1680,Female,85+,2,ICD-2
1910,1680,Female,<1,1,ICD-2
1910,1680,Female,T35-44,5,ICD-2
1910,1680,Female,T45-54,1,ICD-2
1910,1680,Female,T55-64,6,ICD-2
1910,1680,Female,T65-74,7,ICD-2
1910,1680,Female,T75-84,2,ICD-2
1910,1680,Male,85+,4,ICD-2
1910,1680,Male,<1,1,ICD-2
1910,1680,Male,T25-34,1,ICD-2
1910,1680,Male,T35-44,1,ICD-2
1910,1680,Male,T45-54,2,ICD-2
1910,1680,Male,T55-64,2,ICD-2
1910,1680,Male,T65-74,3,ICD-2
1910,1680,Male,T75-84,2,ICD-2
1910,1690,Female,15-19,1,ICD-2
1910,1690,Female,20-24,3,ICD-2
1910,1690,Female,85+,1,ICD-2
1910,1690,Female,T25-34,2,ICD-2
1910,1690,Female,T35-44,3,ICD-2
1910,1690,Female,T45-54,8,ICD-2
1910,1690,Female,T55-64,14,ICD-2
1910,1690,Female,T65-74,9,ICD-2
1910,1690,Female,T75-84,7,ICD-2
1910,1690,Male,20-24,1,ICD-2
1910,1690,Male,T25-34,1,ICD-2
1910,1690,Male,T35-44,3,ICD-2
1910,1690,Male,T45-54,5,ICD-2
1910,1690,Male,T55-64,11,ICD-2
1910,1690,Male,T65-74,6,ICD-2
1910,1690,Male,T75-84,1,ICD-2
1910,1700,Female,01-04,7,ICD-2
1910,1700,Female,05-09,2,ICD-2
1910,1700,Female,15-19,1,ICD-2
1910,1700,Female,20-24,4,ICD-2
1910,1700,Female,85+,2,ICD-2
1910,1700,Female,<1,28,ICD-2
1910,1700,Female,T25-34,10,ICD-2
1910,1700,Female,T35-44,4,ICD-2
1910,1700,Female,T45-54,5,ICD-2
1910,1700,Female,T55-64,17,ICD-2
1910,1700,Female,T65-74,17,ICD-2
1910,1700,Female,T75-84,11,ICD-2
1910,1700,Male,01-04,9,ICD-2
1910,1700,Male,05-09,2,ICD-2
1910,1700,Male,10-14,4,ICD-2
1910,1700,Male,15-19,4,ICD-2
1910,1700,Male,20-24,6,ICD-2
1910,1700,Male,<1,39,ICD-2
1910,1700,Male,T25-34,9,ICD-2
1910,1700,Male,T35-44,9,ICD-2
1910,1700,Male,T45-54,12,ICD-2
1910,1700,Male,T55-64,16,ICD-2
1910,1700,Male,T65-74,17,ICD-2
1910,1700,Male,T75-84,4,ICD-2
1910,1710,Female,10-14,1,ICD-2
1910,1710,Female,15-19,1,ICD-2
1910,1710,Female,20-24,4,ICD-2
1910,1710,Female,T25-34,6,ICD-2
1910,1710,Female,T35-44,7,ICD-2
1910,1710,Female,T45-54,2,ICD-2
1910,1710,Female,T55-64,1,ICD-2
1910,1710,Female,T65-74,3,ICD-2
1910,1710,Female,T75-84,1,ICD-2
1910,1710,Male,01-04,1,ICD-2
1910,1710,Male,10-14,3,ICD-2
1910,1710,Male,15-19,1,ICD-2
1910,1710,Male,20-24,1,ICD-2
1910,1710,Male,T25-34,2,ICD-2
1910,1710,Male,T35-44,6,ICD-2
1910,1710,Male,T45-54,3,ICD-2
1910,1710,Male,T55-64,4,ICD-2
1910,1710,Male,T65-74,3,ICD-2
1910,1710,Male,T75-84,2,ICD-2
1910,1720,Female,01-04,1,ICD-2
1910,1720,Female,20-24,1,ICD-2
1910,1720,Female,T55-64,1,ICD-2
1910,1720,Female,T65-74,1,ICD-2
1910,1720,Female,T75-84,2,ICD-2
1910,1720,Male,85+,1,ICD-2
1910,1720,Male,<1,1,ICD-2
1910,1720,Male,T45-54,1,ICD-2
1910,1720,Male,T55-64,2,ICD-2
1910,1720,Male,T65-74,2,ICD-2
1910,1720,Male,T75-84,1,ICD-2
1910,1730,Female,01-04,20,ICD-2
1910,1730,Female,05-09,4,ICD-2
1910,1730,Female,10-14,1,ICD-2
1910,1730,Female,15-19,2,ICD-2
1910,1730,Female,20-24,4,ICD-2
1910,1730,Female,85+,4,ICD-2
1910,1730,Female,<1,65,ICD-2
1910,1730,Female,T25-34,9,ICD-2
1910,1730,Female,T35-44,12,ICD-2
1910,1730,Female,T45-54,20,ICD-2
1910,1730,Female,T55-64,39,ICD-2
1910,1730,Female,T65-74,43,ICD-2
1910,1730,Female,T75-84,20,ICD-2
1910,1730,Male,01-04,16,ICD-2
1910,1730,Male,05-09,8,ICD-2
1910,1730,Male,10-14,6,ICD-2
1910,1730,Male,15-19,1,ICD-2
1910,1730,Male,20-24,6,ICD-2
1910,1730,Male,85+,2,ICD-2
1910,1730,Male,<1,95,ICD-2
1910,1730,Male,T25-34,11,ICD-2
1910,1730,Male,T35-44,32,ICD-2
1910,1730,Male,T45-54,59,ICD-2
1910,1730,Male,T55-64,55,ICD-2
1910,1730,Male,T65-74,66,ICD-2
1910,1730,Male,T75-84,34,ICD-2
1910,1740,Female,01-04,3,ICD-2
1910,1740,Female,05-09,1,ICD-2
1910,1740,Female,20-24,1,ICD-2
1910,1740,Female,85+,2,ICD-2
1910,1740,Female,<1,27,ICD-2
1910,1740,Female,T25-34,3,ICD-2
1910,1740,Female,T35-44,6,ICD-2
1910,1740,Female,T45-54,10,ICD-2
1910,1740,Female,T55-64,9,ICD-2
1910,1740,Female,T65-74,8,ICD-2
1910,1740,Female,T75-84,8,ICD-2
1910,1740,Male,01-04,2,ICD-2
1910,1740,Male,15-19,2,ICD-2
1910,1740,Male,20-24,1,ICD-2
1910,1740,Male,85+,2,ICD-2
1910,1740,Male,<1,42,ICD-2
1910,1740,Male,T25-34,4,ICD-2
1910,1740,Male,T35-44,7,ICD-2
1910,1740,Male,T45-54,9,ICD-2
1910,1740,Male,T55-64,14,ICD-2
1910,1740,Male,T65-74,17,ICD-2
1910,1740,Male,T75-84,2,ICD-2
1910,1750,Male,10-14,34,ICD-2
1910,1750,Male,15-19,195,ICD-2
1910,1750,Male,20-24,156,ICD-2
1910,1750,Male,T25-34,314,ICD-2
1910,1750,Male,T35-44,275,ICD-2
1910,1750,Male,T45-54,172,ICD-2
1910,1750,Male,T55-64,129,ICD-2
1910,1750,Male,T65-74,24,ICD-2
1910,1760,Female,01-04,82,ICD-2
1910,1760,Female,05-09,71,ICD-2
1910,1760,Female,10-14,19,ICD-2
1910,1760,Female,15-19,15,ICD-2
1910,1760,Female,20-24,14,ICD-2
1910,1760,Female,85+,2,ICD-2
1910,1760,Female,<1,3,ICD-2
1910,1760,Female,T25-34,27,ICD-2
1910,1760,Female,T35-44,33,ICD-2
1910,1760,Female,T45-54,43,ICD-2
1910,1760,Female,T55-64,47,ICD-2
1910,1760,Female,T65-74,42,ICD-2
1910,1760,Female,T75-84,11,ICD-2
1910,1760,Male,01-04,115,ICD-2
1910,1760,Male,05-09,168,ICD-2
1910,1760,Male,10-14,125,ICD-2
1910,1760,Male,15-19,136,ICD-2
1910,1760,Male,20-24,135,ICD-2
1910,1760,Male,85+,5,ICD-2
1910,1760,Male,<1,5,ICD-2
1910,1760,Male,T25-34,286,ICD-2
1910,1760,Male,T35-44,292,ICD-2
1910,1760,Male,T45-54,291,ICD-2
1910,1760,Male,T55-64,235,ICD-2
1910,1760,Male,T65-74,149,ICD-2
1910,1760,Male,T75-84,45,ICD-2
1910,1770,Female,T55-64,1,ICD-2
1910,1770,Male,10-14,2,ICD-2
1910,1770,Male,15-19,17,ICD-2
1910,1770,Male,20-24,22,ICD-2
1910,1770,Male,T25-34,53,ICD-2
1910,1770,Male,T35-44,54,ICD-2
1910,1770,Male,T45-54,57,ICD-2
1910,1770,Male,T55-64,34,ICD-2
1910,1770,Male,T65-74,13,ICD-2
1910,1780,Male,15-19,10,ICD-2
1910,1780,Male,20-24,14,ICD-2
1910,1780,Male,T25-34,41,ICD-2
1910,1780,Male,T35-44,38,ICD-2
1910,1780,Male,T45-54,45,ICD-2
1910,1780,Male,T55-64,37,ICD-2
1910,1780,Male,T65-74,14,ICD-2
1910,1790,Female,05-09,1,ICD-2
1910,1790,Female,10-14,2,ICD-2
1910,1790,Female,15-19,4,ICD-2
1910,1790,Female,T25-34,1,ICD-2
1910,1790,Female,T35-44,2,ICD-2
1910,1790,Female,T55-64,1,ICD-2
1910,1790,Male,01-04,1,ICD-2
1910,1790,Male,05-09,2,ICD-2
1910,1790,Male,10-14,16,ICD-2
1910,1790,Male,15-19,30,ICD-2
1910,1790,Male,20-24,20,ICD-2
1910,1790,Male,T25-34,44,ICD-2
1910,1790,Male,T35-44,29,ICD-2
1910,1790,Male,T45-54,23,ICD-2
1910,1790,Male,T55-64,26,ICD-2
1910,1790,Male,T65-74,6,ICD-2
1910,1790,Male,T75-84,1,ICD-2
1910,1800,Female,01-04,1,ICD-2
1910,1800,Female,15-19,3,ICD-2
1910,1800,Female,20-24,2,ICD-2
1910,1800,Female,T25-34,2,ICD-2
1910,1800,Female,T55-64,1,ICD-2
1910,1800,Female,T65-74,1,ICD-2
1910,1800,Female,T75-84,1,ICD-2
1910,1800,Male,01-04,6,ICD-2
1910,1800,Male,05-09,2,ICD-2
1910,1800,Male,10-14,12,ICD-2
1910,1800,Male,15-19,9,ICD-2
1910,1800,Male,20-24,9,ICD-2
1910,1800,Male,<1,1,ICD-2
1910,1800,Male,T25-34,9,ICD-2
1910,1800,Male,T35-44,8,ICD-2
1910,1800,Male,T45-54,12,ICD-2
1910,1800,Male,T55-64,7,ICD-2
1910,1800,Male,T65-74,3,ICD-2
1910,1810,Female,01-04,560,ICD-2
1910,1810,Female,05-09,210,ICD-2
1910,1810,Female,10-14,66,ICD-2
1910,1810,Female,15-19,57,ICD-2
1910,1810,Female,20-24,42,ICD-2
1910,1810,Female,85+,16,ICD-2
1910,1810,Female,<1,50,ICD-2
1910,1810,Female,T25-34,41,ICD-2
1910,1810,Female,T35-44,45,ICD-2
1910,1810,Female,T45-54,53,ICD-2
1910,1810,Female,T55-64,51,ICD-2
1910,1810,Female,T65-74,78,ICD-2
1910,1810,Female,T75-84,61,ICD-2
1910,1810,Male,01-04,597,ICD-2
1910,1810,Male,05-09,93,ICD-2
1910,1810,Male,10-14,20,ICD-2
1910,1810,Male,15-19,8,ICD-2
1910,1810,Male,20-24,16,ICD-2
1910,1810,Male,85+,10,ICD-2
1910,1810,Male,<1,65,ICD-2
1910,1810,Male,T25-34,34,ICD-2
1910,1810,Male,T35-44,34,ICD-2
1910,1810,Male,T45-54,31,ICD-2
1910,1810,Male,T55-64,35,ICD-2
1910,1810,Male,T65-74,20,ICD-2
1910,1810,Male,T75-84,32,ICD-2
1910,1820,Female,01-04,17,ICD-2
1910,1820,Female,05-09,13,ICD-2
1910,1820,Female,10-14,10,ICD-2
1910,1820,Female,15-19,11,ICD-2
1910,1820,Female,20-24,12,ICD-2
1910,1820,Female,85+,2,ICD-2
1910,1820,Female,<1,5,ICD-2
1910,1820,Female,T25-34,35,ICD-2
1910,1820,Female,T35-44,25,ICD-2
1910,1820,Female,T45-54,32,ICD-2
1910,1820,Female,T55-64,21,ICD-2
1910,1820,Female,T65-74,9,ICD-2
1910,1820,Female,T75-84,4,ICD-2
1910,1820,Male,01-04,36,ICD-2
1910,1820,Male,05-09,15,ICD-2
1910,1820,Male,10-14,11,ICD-2
1910,1820,Male,15-19,15,ICD-2
1910,1820,Male,20-24,20,ICD-2
1910,1820,Male,85+,3,ICD-2
1910,1820,Male,<1,23,ICD-2
1910,1820,Male,T25-34,41,ICD-2
1910,1820,Male,T35-44,42,ICD-2
1910,1820,Male,T45-54,45,ICD-2
1910,1820,Male,T55-64,47,ICD-2
1910,1820,Male,T65-74,19,ICD-2
1910,1820,Male,T75-84,5,ICD-2
1910,1830,Female,01-04,69,ICD-2
1910,1830,Female,05-09,28,ICD-2
1910,1830,Female,10-14,17,ICD-2
1910,1830,Female,15-19,26,ICD-2
1910,1830,Female,20-24,33,ICD-2
1910,1830,Female,<1,17,ICD-2
1910,1830,Female,T25-34,55,ICD-2
1910,1830,Female,T35-44,40,ICD-2
1910,1830,Female,T45-54,43,ICD-2
1910,1830,Female,T55-64,36,ICD-2
1910,1830,Female,T65-74,18,ICD-2
1910,1830,Female,T75-84,5,ICD-2
1910,1830,Male,01-04,178,ICD-2
1910,1830,Male,05-09,250,ICD-2
1910,1830,Male,10-14,115,ICD-2
1910,1830,Male,15-19,112,ICD-2
1910,1830,Male,20-24,127,ICD-2
1910,1830,Male,85+,3,ICD-2
1910,1830,Male,<1,13,ICD-2
1910,1830,Male,T25-34,241,ICD-2
1910,1830,Male,T35-44,284,ICD-2
1910,1830,Male,T45-54,255,ICD-2
1910,1830,Male,T55-64,181,ICD-2
1910,1830,Male,T65-74,91,ICD-2
1910,1830,Male,T75-84,21,ICD-2
1910,1840,Female,01-04,25,ICD-2
1910,1840,Female,05-09,3,ICD-2
1910,1840,Female,10-14,2,ICD-2
1910,1840,Female,15-19,1,ICD-2
1910,1840,Female,20-24,1,ICD-2
1910,1840,Female,<1,669,ICD-2
1910,1840,Female,T25-34,7,ICD-2
1910,1840,Female,T35-44,5,ICD-2
1910,1840,Female,T45-54,6,ICD-2
1910,1840,Female,T55-64,5,ICD-2
1910,1840,Female,T65-74,6,ICD-2
1910,1840,Female,T75-84,1,ICD-2
1910,1840,Male,01-04,29,ICD-2
1910,1840,Male,05-09,5,ICD-2
1910,1840,Male,10-14,4,ICD-2
1910,1840,Male,15-19,4,ICD-2
1910,1840,Male,<1,674,ICD-2
1910,1840,Male,T25-34,13,ICD-2
1910,1840,Male,T35-44,11,ICD-2
1910,1840,Male,T45-54,9,ICD-2
1910,1840,Male,T55-64,16,ICD-2
1910,1840,Male,T65-74,14,ICD-2
1910,1840,Male,T75-84,9,ICD-2
1910,1850,Female,01-04,51,ICD-2
1910,1850,Female,05-09,12,ICD-2
1910,1850,Female,10-14,15,ICD-2
1910,1850,Female,15-19,10,ICD-2
1910,1850,Female,20-24,9,ICD-2
1910,1850,Female,85+,134,ICD-2
1910,1850,Female,<1,16,ICD-2
1910,1850,Female,T25-34,26,ICD-2
1910,1850,Female,T35-44,40,ICD-2
1910,1850,Female,T45-54,83,ICD-2
1910,1850,Female,T55-64,111,ICD-2
1910,1850,Female,T65-74,242,ICD-2
1910,1850,Female,T75-84,325,ICD-2
1910,1850,Male,01-04,91,ICD-2
1910,1850,Male,05-09,37,ICD-2
1910,1850,Male,10-14,42,ICD-2
1910,1850,Male,15-19,36,ICD-2
1910,1850,Male,20-24,26,ICD-2
1910,1850,Male,85+,48,ICD-2
1910,1850,Male,<1,21,ICD-2
1910,1850,Male,T25-34,88,ICD-2
1910,1850,Male,T35-44,138,ICD-2
1910,1850,Male,T45-54,181,ICD-2
1910,1850,Male,T55-64,184,ICD-2
1910,1850,Male,T65-74,231,ICD-2
1910,1850,Male,T75-84,159,ICD-2
1910,1860,Female,01-04,2,ICD-2
1910,1860,Female,05-09,4,ICD-2
1910,1860,Female,10-14,4,ICD-2
1910,1860,Female,15-19,1,ICD-2
1910,1860,Female,20-24,1,ICD-2
1910,1860,Female,85+,1,ICD-2
1910,1860,Female,<1,3,ICD-2
1910,1860,Female,T25-34,1,ICD-2
1910,1860,Female,T35-44,1,ICD-2
1910,1860,Female,T45-54,3,ICD-2
1910,1860,Female,T55-64,5,ICD-2
1910,1860,Female,T65-74,3,ICD-2
1910,1860,Female,T75-84,2,ICD-2
1910,1860,Male,01-04,3,ICD-2
1910,1860,Male,05-09,3,ICD-2
1910,1860,Male,10-14,3,ICD-2
1910,1860,Male,15-19,4,ICD-2
1910,1860,Male,20-24,5,ICD-2
1910,1860,Male,85+,3,ICD-2
1910,1860,Male,<1,3,ICD-2
1910,1860,Male,T25-34,11,ICD-2
1910,1860,Male,T35-44,12,ICD-2
1910,1860,Male,T45-54,22,ICD-2
1910,1860,Male,T55-64,24,ICD-2
1910,1860,Male,T65-74,30,ICD-2
1910,1860,Male,T75-84,13,ICD-2
1910,1870,Female,01-04,35,ICD-2
1910,1870,Female,05-09,20,ICD-2
1910,1870,Female,10-14,8,ICD-2
1910,1870,Female,15-19,5,ICD-2
1910,1870,Female,20-24,6,ICD-2
1910,1870,Female,85+,33,ICD-2
1910,1870,Female,<1,116,ICD-2
1910,1870,Female,T25-34,10,ICD-2
1910,1870,Female,T35-44,15,ICD-2
1910,1870,Female,T45-54,16,ICD-2
1910,1870,Female,T55-64,28,ICD-2
1910,1870,Female,T65-74,27,ICD-2
1910,1870,Female,T75-84,64,ICD-2
1910,1870,Male,01-04,37,ICD-2
1910,1870,Male,05-09,34,ICD-2
1910,1870,Male,10-14,49,ICD-2
1910,1870,Male,15-19,71,ICD-2
1910,1870,Male,20-24,55,ICD-2
1910,1870,Male,85+,12,ICD-2
1910,1870,Male,<1,121,ICD-2
1910,1870,Male,T25-34,91,ICD-2
1910,1870,Male,T35-44,107,ICD-2
1910,1870,Male,T45-54,91,ICD-2
1910,1870,Male,T55-64,97,ICD-2
1910,1870,Male,T65-74,83,ICD-2
1910,1870,Male,T75-84,34,ICD-2
1910,1890,Female,01-04,11,ICD-2
1910,1890,Female,05-09,4,ICD-2
1910,1890,Female,10-14,3,ICD-2
1910,1890,Female,15-19,3,ICD-2
1910,1890,Female,20-24,16,ICD-2
1910,1890,Female,<1,49,ICD-2
1910,1890,Female,T25-34,27,ICD-2
1910,1890,Female,T35-44,23,ICD-2
1910,1890,Female,T45-54,5,ICD-2
1910,1890,Female,T55-64,4,ICD-2
1910,1890,Female,T65-74,2,ICD-2
1910,1890,Male,01-04,13,ICD-2
1910,1890,Male,05-09,7,ICD-2
1910,1890,Male,10-14,3,ICD-2
1910,1890,Male,15-19,7,ICD-2
1910,1890,Male,20-24,8,ICD-2
1910,1890,Male,<1,42,ICD-2
1910,1890,Male,T25-34,15,ICD-2
1910,1890,Male,T35-44,18,ICD-2
1910,1890,Male,T45-54,12,ICD-2
1910,1890,Male,T55-64,9,ICD-2
1910,1890,Male,T65-74,4,ICD-2
1910,1890,Male,T75-84,2,ICD-2
1910,1900,Female,10-14,3,ICD-2
1910,1900,Female,15-19,67,ICD-2
1910,1900,Female,20-24,81,ICD-2
1910,1900,Female,85+,1,ICD-2
1910,1900,Female,T25-34,152,ICD-2
1910,1900,Female,T35-44,203,ICD-2
1910,1900,Female,T45-54,191,ICD-2
1910,1900,Female,T55-64,125,ICD-2
1910,1900,Female,T65-74,51,ICD-2
1910,1900,Female,T75-84,13,ICD-2
1910,1900,Male,10-14,9,ICD-2
1910,1900,Male,15-19,77,ICD-2
1910,1900,Male,20-24,135,ICD-2
1910,1900,Male,85+,11,ICD-2
1910,1900,Male,T25-34,400,ICD-2
1910,1900,Male,T35-44,543,ICD-2
1910,1900,Male,T45-54,618,ICD-2
1910,1900,Male,T55-64,561,ICD-2
1910,1900,Male,T65-74,265,ICD-2
1910,1900,Male,T75-84,61,ICD-2
1910,1910,Male,20-24,2,ICD-2
1910,1910,Male,T25-34,5,ICD-2
1910,1910,Male,T45-54,7,ICD-2
1910,1910,Male,T55-64,2,ICD-2
1910,20,Female,<1,1,ICD-2
1910,20,Male,05-09,1,ICD-2
1910,200,Female,01-04,13,ICD-2
1910,200,Female,05-09,7,ICD-2
1910,200,Female,10-14,4,ICD-2
1910,200,Female,15-19,2,ICD-2
1910,200,Female,20-24,2,ICD-2
1910,200,Female,<1,46,ICD-2
1910,200,Female,T25-34,9,ICD-2
1910,200,Female,T35-44,5,ICD-2
1910,200,Female,T45-54,11,ICD-2
1910,200,Female,T55-64,6,ICD-2
1910,200,Female,T65-74,8,ICD-2
1910,200,Female,T75-84,1,ICD-2
1910,200,Male,01-04,18,ICD-2
1910,200,Male,05-09,6,ICD-2
1910,200,Male,10-14,5,ICD-2
1910,200,Male,15-19,1,ICD-2
1910,200,Male,20-24,3,ICD-2
1910,200,Male,<1,62,ICD-2
1910,200,Male,T25-34,8,ICD-2
1910,200,Male,T35-44,3,ICD-2
1910,200,Male,T45-54,10,ICD-2
1910,200,Male,T55-64,14,ICD-2
1910,200,Male,T65-74,4,ICD-2
1910,200,Male,T75-84,3,ICD-2
1910,210,Female,01-04,648,ICD-2
1910,210,Female,05-09,22,ICD-2
1910,210,Female,10-14,1,ICD-2
1910,210,Female,20-24,2,ICD-2
1910,210,Female,85+,2,ICD-2
1910,210,Female,<1,1695,ICD-2
1910,210,Female,T25-34,3,ICD-2
1910,210,Female,T35-44,12,ICD-2
1910,210,Female,T45-54,9,ICD-2
1910,210,Female,T55-64,9,ICD-2
1910,210,Female,T65-74,23,ICD-2
1910,210,Female,T75-84,6,ICD-2
1910,210,Male,01-04,715,ICD-2
1910,210,Male,05-09,15,ICD-2
1910,210,Male,10-14,2,ICD-2
1910,210,Male,15-19,3,ICD-2
1910,210,Male,20-24,2,ICD-2
1910,210,Male,85+,1,ICD-2
1910,210,Male,<1,2178,ICD-2
1910,210,Male,T25-34,3,ICD-2
1910,210,Male,T35-44,5,ICD-2
1910,210,Male,T45-54,12,ICD-2
1910,210,Male,T55-64,15,ICD-2
1910,210,Male,T65-74,18,ICD-2
1910,210,Male,T75-84,6,ICD-2
1910,220,Female,01-04,429,ICD-2
1910,220,Female,05-09,21,ICD-2
1910,220,Female,10-14,2,ICD-2
1910,220,Female,15-19,1,ICD-2
1910,220,Female,20-24,4,ICD-2
1910,220,Female,85+,39,ICD-2
1910,220,Female,<1,1381,ICD-2
1910,220,Female,T25-34,9,ICD-2
1910,220,Female,T35-44,21,ICD-2
1910,220,Female,T45-54,24,ICD-2
1910,220,Female,T55-64,54,ICD-2
1910,220,Female,T65-74,115,ICD-2
1910,220,Female,T75-84,120,ICD-2
1910,220,Male,01-04,527,ICD-2
1910,220,Male,05-09,19,ICD-2
1910,220,Male,10-14,4,ICD-2
1910,220,Male,15-19,2,ICD-2
1910,220,Male,20-24,1,ICD-2
1910,220,Male,85+,24,ICD-2
1910,220,Male,<1,1734,ICD-2
1910,220,Male,T25-34,13,ICD-2
1910,220,Male,T35-44,13,ICD-2
1910,220,Male,T45-54,21,ICD-2
1910,220,Male,T55-64,68,ICD-2
1910,220,Male,T65-74,85,ICD-2
1910,220,Male,T75-84,115,ICD-2
1910,230,Female,01-04,2,ICD-2
1910,230,Female,05-09,1,ICD-2
1910,230,Female,20-24,2,ICD-2
1910,230,Female,85+,1,ICD-2
1910,230,Female,<1,6,ICD-2
1910,230,Female,T25-34,11,ICD-2
1910,230,Female,T35-44,20,ICD-2
1910,230,Female,T45-54,21,ICD-2
1910,230,Female,T55-64,21,ICD-2
1910,230,Female,T65-74,24,ICD-2
1910,230,Female,T75-84,9,ICD-2
1910,230,Male,01-04,2,ICD-2
1910,230,Male,05-09,1,ICD-2
1910,230,Male,10-14,1,ICD-2
1910,230,Male,15-19,3,ICD-2
1910,230,Male,20-24,9,ICD-2
1910,230,Male,<1,7,ICD-2
1910,230,Male,T25-34,23,ICD-2
1910,230,Male,T35-44,19,ICD-2
1910,230,Male,T45-54,23,ICD-2
1910,230,Male,T55-64,17,ICD-2
1910,230,Male,T65-74,15,ICD-2
1910,230,Male,T75-84,5,ICD-2
1910,240,Female,01-04,2,ICD-2
1910,240,Female,05-09,4,ICD-2
1910,240,Female,10-14,3,ICD-2
1910,240,Female,15-19,2,ICD-2
1910,240,Female,20-24,2,ICD-2
1910,240,Female,<1,16,ICD-2
1910,240,Female,T25-34,2,ICD-2
1910,240,Female,T35-44,7,ICD-2
1910,240,Female,T45-54,2,ICD-2
1910,240,Female,T55-64,2,ICD-2
1910,240,Female,T65-74,2,ICD-2
1910,240,Male,01-04,3,ICD-2
1910,240,Male,05-09,13,ICD-2
1910,240,Male,10-14,14,ICD-2
1910,240,Male,15-19,13,ICD-2
1910,240,Male,20-24,9,ICD-2
1910,240,Male,<1,24,ICD-2
1910,240,Male,T25-34,16,ICD-2
1910,240,Male,T35-44,18,ICD-2
1910,240,Male,T45-54,15,ICD-2
1910,240,Male,T55-64,20,ICD-2
1910,240,Male,T65-74,8,ICD-2
1910,250,Female,T25-34,2,ICD-2
1910,250,Female,T35-44,2,ICD-2
1910,250,Female,T45-54,1,ICD-2
1910,250,Female,T65-74,1,ICD-2
1910,250,Female,T75-84,1,ICD-2
1910,250,Male,20-24,1,ICD-2
1910,250,Male,T25-34,8,ICD-2
1910,250,Male,T35-44,12,ICD-2
1910,250,Male,T45-54,8,ICD-2
1910,250,Male,T55-64,8,ICD-2
1910,250,Male,T65-74,6,ICD-2
1910,250,Male,T75-84,1,ICD-2
1910,260,Male,20-24,1,ICD-2
1910,270,Male,T55-64,1,ICD-2
1910,280,Female,20-24,1,ICD-2
1910,280,Female,T35-44,3,ICD-2
1910,280,Male,15-19,1,ICD-2
1910,280,Male,T25-34,2,ICD-2
1910,280,Male,T35-44,3,ICD-2
1910,280,Male,T45-54,1,ICD-2
1910,280,Male,T55-64,2,ICD-2
1910,280,Male,T65-74,2,ICD-2
1910,290,Female,01-04,46,ICD-2
1910,290,Female,05-09,5,ICD-2
1910,290,Female,10-14,1,ICD-2
1910,290,Female,15-19,5,ICD-2
1910,290,Female,20-24,5,ICD-2
1910,290,Female,<1,430,ICD-2
1910,290,Female,T25-34,38,ICD-2
1910,290,Female,T35-44,57,ICD-2
1910,290,Female,T45-54,51,ICD-2
1910,290,Female,T55-64,18,ICD-2
1910,290,Female,T65-74,21,ICD-2
1910,290,Female,T75-84,5,ICD-2
1910,290,Male,01-04,45,ICD-2
1910,290,Male,05-09,6,ICD-2
1910,290,Male,10-14,4,ICD-2
1910,290,Male,15-19,6,ICD-2
1910,290,Male,20-24,11,ICD-2
1910,290,Male,<1,598,ICD-2
1910,290,Male,T25-34,61,ICD-2
1910,290,Male,T35-44,96,ICD-2
1910,290,Male,T45-54,62,ICD-2
1910,290,Male,T55-64,43,ICD-2
1910,290,Male,T65-74,22,ICD-2
1910,290,Male,T75-84,3,ICD-2
1910,300,Female,01-04,1,ICD-2
1910,300,Female,15-19,2,ICD-2
1910,300,Female,20-24,3,ICD-2
1910,300,Female,<1,1,ICD-2
1910,300,Female,T25-34,6,ICD-2
1910,300,Female,T35-44,8,ICD-2
1910,300,Male,15-19,1,ICD-2
1910,300,Male,<1,2,ICD-2
1910,300,Male,T25-34,3,ICD-2
1910,300,Male,T35-44,4,ICD-2
1910,300,Male,T45-54,2,ICD-2
1910,300,Male,T55-64,2,ICD-2
1910,310,Female,20-24,6,ICD-2
1910,310,Female,T25-34,25,ICD-2
1910,310,Female,T35-44,22,ICD-2
1910,310,Female,T45-54,2,ICD-2
1910,320,Female,15-19,26,ICD-2
1910,320,Female,20-24,176,ICD-2
1910,320,Female,T25-34,483,ICD-2
1910,320,Female,T35-44,277,ICD-2
1910,320,Female,T45-54,5,ICD-2
1910,330,Female,15-19,2,ICD-2
1910,330,Female,20-24,11,ICD-2
1910,330,Female,T25-34,52,ICD-2
1910,330,Female,T35-44,25,ICD-2
1910,330,Female,T45-54,1,ICD-2
1910,340,Female,15-19,11,ICD-2
1910,340,Female,20-24,31,ICD-2
1910,340,Female,T25-34,75,ICD-2
1910,340,Female,T35-44,44,ICD-2
1910,350,Female,01-04,2,ICD-2
1910,350,Female,05-09,10,ICD-2
1910,350,Female,10-14,25,ICD-2
1910,350,Female,15-19,29,ICD-2
1910,350,Female,20-24,45,ICD-2
1910,350,Female,T25-34,65,ICD-2
1910,350,Female,T35-44,51,ICD-2
1910,350,Female,T45-54,25,ICD-2
1910,350,Female,T55-64,17,ICD-2
1910,350,Female,T65-74,6,ICD-2
1910,350,Female,T75-84,1,ICD-2
1910,350,Male,01-04,4,ICD-2
1910,350,Male,05-09,19,ICD-2
1910,350,Male,10-14,14,ICD-2
1910,350,Male,15-19,33,ICD-2
1910,350,Male,20-24,24,ICD-2
1910,350,Male,<1,1,ICD-2
1910,350,Male,T25-34,48,ICD-2
1910,350,Male,T35-44,51,ICD-2
1910,350,Male,T45-54,21,ICD-2
1910,350,Male,T55-64,19,ICD-2
1910,350,Male,T65-74,12,ICD-2
1910,360,Female,01-04,185,ICD-2
1910,360,Female,05-09,53,ICD-2
1910,360,Female,10-14,34,ICD-2
1910,360,Female,15-19,47,ICD-2
1910,360,Female,20-24,63,ICD-2
1910,360,Female,85+,17,ICD-2
1910,360,Female,<1,128,ICD-2
1910,360,Female,T25-34,196,ICD-2
1910,360,Female,T35-44,261,ICD-2
1910,360,Female,T45-54,247,ICD-2
1910,360,Female,T55-64,271,ICD-2
1910,360,Female,T65-74,286,ICD-2
1910,360,Female,T75-84,116,ICD-2
1910,360,Male,01-04,260,ICD-2
1910,360,Male,05-09,70,ICD-2
1910,360,Male,10-14,36,ICD-2
1910,360,Male,15-19,95,ICD-2
1910,360,Male,20-24,156,ICD-2
1910,360,Male,85+,10,ICD-2
1910,360,Male,<1,186,ICD-2
1910,360,Male,T25-34,412,ICD-2
1910,360,Male,T35-44,567,ICD-2
1910,360,Male,T45-54,577,ICD-2
1910,360,Male,T55-64,538,ICD-2
1910,360,Male,T65-74,363,ICD-2
1910,360,Male,T75-84,103,ICD-2
1910,370,Female,T25-34,1,ICD-2
1910,370,Female,T35-44,1,ICD-2
1910,370,Female,T45-54,1,ICD-2
1910,370,Male,05-09,1,ICD-2
1910,370,Male,T25-34,1,ICD-2
1910,370,Male,T35-44,3,ICD-2
1910,370,Male,T65-74,1,ICD-2
1910,380,Female,01-04,3043,ICD-2
1910,380,Female,05-09,256,ICD-2
1910,380,Female,10-14,39,ICD-2
1910,380,Female,15-19,37,ICD-2
1910,380,Female,20-24,43,ICD-2
1910,380,Female,85+,94,ICD-2
1910,380,Female,<1,2896,ICD-2
1910,380,Female,T25-34,124,ICD-2
1910,380,Female,T35-44,166,ICD-2
1910,380,Female,T45-54,223,ICD-2
1910,380,Female,T55-64,404,ICD-2
1910,380,Female,T65-74,520,ICD-2
1910,380,Female,T75-84,394,ICD-2
1910,380,Male,01-04,3250,ICD-2
1910,380,Male,05-09,216,ICD-2
1910,380,Male,10-14,46,ICD-2
1910,380,Male,15-19,39,ICD-2
1910,380,Male,20-24,38,ICD-2
1910,380,Male,85+,50,ICD-2
1910,380,Male,<1,3882,ICD-2
1910,380,Male,T25-34,119,ICD-2
1910,380,Male,T35-44,183,ICD-2
1910,380,Male,T45-54,299,ICD-2
1910,380,Male,T55-64,407,ICD-2
1910,380,Male,T65-74,519,ICD-2
1910,380,Male,T75-84,260,ICD-2
1910,390,Female,01-04,1099,ICD-2
1910,390,Female,05-09,201,ICD-2
1910,390,Female,10-14,130,ICD-2
1910,390,Female,15-19,138,ICD-2
1910,390,Female,20-24,164,ICD-2
1910,390,Female,85+,145,ICD-2
1910,390,Female,<1,878,ICD-2
1910,390,Female,T25-34,512,ICD-2
1910,390,Female,T35-44,634,ICD-2
1910,390,Female,T45-54,673,ICD-2
1910,390,Female,T55-64,821,ICD-2
1910,390,Female,T65-74,1048,ICD-2
1910,390,Female,T75-84,630,ICD-2
1910,390,Male,01-04,1212,ICD-2
1910,390,Male,05-09,271,ICD-2
1910,390,Male,10-14,116,ICD-2
1910,390,Male,15-19,206,ICD-2
1910,390,Male,20-24,282,ICD-2
1910,390,Male,85+,97,ICD-2
1910,390,Male,<1,1182,ICD-2
1910,390,Male,T25-34,742,ICD-2
1910,390,Male,T35-44,1090,ICD-2
1910,390,Male,T45-54,1331,ICD-2
1910,390,Male,T55-64,1479,ICD-2
1910,390,Male,T65-74,1282,ICD-2
1910,390,Male,T75-84,564,ICD-2
1910,400,Female,01-04,12,ICD-2
1910,400,Female,05-09,7,ICD-2
1910,400,Female,10-14,3,ICD-2
1910,400,Female,15-19,5,ICD-2
1910,400,Female,20-24,7,ICD-2
1910,400,Female,85+,7,ICD-2
1910,400,Female,<1,63,ICD-2
1910,400,Female,T25-34,30,ICD-2
1910,400,Female,T35-44,36,ICD-2
1910,400,Female,T45-54,54,ICD-2
1910,400,Female,T55-64,62,ICD-2
1910,400,Female,T65-74,64,ICD-2
1910,400,Female,T75-84,43,ICD-2
1910,400,Male,01-04,6,ICD-2
1910,400,Male,05-09,8,ICD-2
1910,400,Male,10-14,3,ICD-2
1910,400,Male,15-19,5,ICD-2
1910,400,Male,20-24,4,ICD-2
1910,400,Male,85+,9,ICD-2
1910,400,Male,<1,87,ICD-2
1910,400,Male,T25-34,30,ICD-2
1910,400,Male,T35-44,42,ICD-2
1910,400,Male,T45-54,61,ICD-2
1910,400,Male,T55-64,59,ICD-2
1910,400,Male,T65-74,78,ICD-2
1910,400,Male,T75-84,41,ICD-2
1910,410,Female,01-04,9,ICD-2
1910,410,Female,05-09,5,ICD-2
1910,410,Female,10-14,1,ICD-2
1910,410,Female,15-19,5,ICD-2
1910,410,Female,20-24,4,ICD-2
1910,410,Female,85+,1,ICD-2
1910,410,Female,<1,31,ICD-2
1910,410,Female,T25-34,14,ICD-2
1910,410,Female,T35-44,14,ICD-2
1910,410,Female,T45-54,13,ICD-2
1910,410,Female,T55-64,14,ICD-2
1910,410,Female,T65-74,7,ICD-2
1910,410,Female,T75-84,9,ICD-2
1910,410,Male,01-04,9,ICD-2
1910,410,Male,05-09,6,ICD-2
1910,410,Male,10-14,8,ICD-2
1910,410,Male,15-19,11,ICD-2
1910,410,Male,20-24,13,ICD-2
1910,410,Male,<1,36,ICD-2
1910,410,Male,T25-34,5,ICD-2
1910,410,Male,T35-44,24,ICD-2
1910,410,Male,T45-54,18,ICD-2
1910,410,Male,T55-64,16,ICD-2
1910,410,Male,T65-74,20,ICD-2
1910,410,Male,T75-84,7,ICD-2
1910,420,Female,01-04,5,ICD-2
1910,420,Female,05-09,4,ICD-2
1910,420,Female,10-14,3,ICD-2
1910,420,Female,15-19,5,ICD-2
1910,420,Female,<1,13,ICD-2
1910,420,Female,T25-34,7,ICD-2
1910,420,Female,T35-44,3,ICD-2
1910,420,Female,T45-54,6,ICD-2
1910,420,Female,T55-64,1,ICD-2
1910,420,Female,T65-74,4,ICD-2
1910,420,Female,T75-84,2,ICD-2
1910,420,Male,01-04,4,ICD-2
1910,420,Male,05-09,3,ICD-2
1910,420,Male,10-14,5,ICD-2
1910,420,Male,15-19,9,ICD-2
1910,420,Male,20-24,3,ICD-2
1910,420,Male,<1,13,ICD-2
1910,420,Male,T25-34,4,ICD-2
1910,420,Male,T35-44,7,ICD-2
1910,420,Male,T45-54,7,ICD-2
1910,420,Male,T55-64,7,ICD-2
1910,420,Male,T65-74,2,ICD-2
1910,420,Male,T75-84,1,ICD-2
1910,430,Female,01-04,14,ICD-2
1910,430,Female,05-09,5,ICD-2
1910,430,Female,10-14,7,ICD-2
1910,430,Female,15-19,2,ICD-2
1910,430,Female,20-24,1,ICD-2
1910,430,Female,85+,6,ICD-2
1910,430,Female,<1,52,ICD-2
1910,430,Female,T25-34,12,ICD-2
1910,430,Female,T35-44,23,ICD-2
1910,430,Female,T45-54,30,ICD-2
1910,430,Female,T55-64,48,ICD-2
1910,430,Female,T65-74,47,ICD-2
1910,430,Female,T75-84,28,ICD-2
1910,430,Male,01-04,19,ICD-2
1910,430,Male,05-09,9,ICD-2
1910,430,Male,10-14,7,ICD-2
1910,430,Male,15-19,9,ICD-2
1910,430,Male,20-24,14,ICD-2
1910,430,Male,85+,5,ICD-2
1910,430,Male,<1,53,ICD-2
1910,430,Male,T25-34,37,ICD-2
1910,430,Male,T35-44,31,ICD-2
1910,430,Male,T45-54,60,ICD-2
1910,430,Male,T55-64,62,ICD-2
1910,430,Male,T65-74,64,ICD-2
1910,430,Male,T75-84,52,ICD-2
1910,440,Female,01-04,1,ICD-2
1910,440,Female,T55-64,1,ICD-2
1910,440,Male,01-04,1,ICD-2
1910,440,Male,T35-44,1,ICD-2
1910,440,Male,T45-54,1,ICD-2
1910,450,Female,01-04,3,ICD-2
1910,450,Female,05-09,5,ICD-2
1910,450,Female,10-14,1,ICD-2
1910,450,Female,15-19,4,ICD-2
1910,450,Female,20-24,5,ICD-2
1910,450,Female,85+,1,ICD-2
1910,450,Female,<1,3,ICD-2
1910,450,Female,T25-34,11,ICD-2
1910,450,Female,T35-44,9,ICD-2
1910,450,Female,T45-54,5,ICD-2
1910,450,Female,T55-64,7,ICD-2
1910,450,Female,T65-74,4,ICD-2
1910,450,Female,T75-84,1,ICD-2
1910,450,Male,01-04,1,ICD-2
1910,450,Male,05-09,4,ICD-2
1910,450,Male,10-14,7,ICD-2
1910,450,Male,15-19,6,ICD-2
1910,450,Male,20-24,9,ICD-2
1910,450,Male,85+,2,ICD-2
1910,450,Male,<1,9,ICD-2
1910,450,Male,T25-34,8,ICD-2
1910,450,Male,T35-44,22,ICD-2
1910,450,Male,T45-54,38,ICD-2
1910,450,Male,T55-64,21,ICD-2
1910,450,Male,T65-74,15,ICD-2
1910,450,Male,T75-84,3,ICD-2
1910,460,Female,01-04,308,ICD-2
1910,460,Female,05-09,204,ICD-2
1910,460,Female,10-14,348,ICD-2
1910,460,Female,15-19,884,ICD-2
1910,460,Female,20-24,1011,ICD-2
1910,460,Female,85+,2,ICD-2
1910,460,Female,<1,114,ICD-2
1910,460,Female,T25-34,2126,ICD-2
1910,460,Female,T35-44,1778,ICD-2
1910,460,Female,T45-54,1038,ICD-2
1910,460,Female,T55-64,630,ICD-2
1910,460,Female,T65-74,290,ICD-2
1910,460,Female,T75-84,67,ICD-2
1910,460,Male,01-04,357,ICD-2
1910,460,Male,05-09,123,ICD-2
1910,460,Male,10-14,176,ICD-2
1910,460,Male,15-19,634,ICD-2
1910,460,Male,20-24,1143,ICD-2
1910,460,Male,85+,2,ICD-2
1910,460,Male,<1,182,ICD-2
1910,460,Male,T25-34,2655,ICD-2
1910,460,Male,T35-44,2751,ICD-2
1910,460,Male,T45-54,2120,ICD-2
1910,460,Male,T55-64,1285,ICD-2
1910,460,Male,T65-74,499,ICD-2
1910,460,Male,T75-84,65,ICD-2
1910,470,Female,01-04,73,ICD-2
1910,470,Female,05-09,90,ICD-2
1910,470,Female,10-14,310,ICD-2
1910,470,Female,15-19,668,ICD-2
1910,470,Female,20-24,838,ICD-2
1910,470,Female,85+,2,ICD-2
1910,470,Female,<1,18,ICD-2
1910,470,Female,T25-34,1856,ICD-2
1910,470,Female,T35-44,1410,ICD-2
1910,470,Female,T45-54,920,ICD-2
1910,470,Female,T55-64,534,ICD-2
1910,470,Female,T65-74,243,ICD-2
1910,470,Female,T75-84,42,ICD-2
1910,470,Male,01-04,85,ICD-2
1910,470,Male,05-09,68,ICD-2
1910,470,Male,10-14,121,ICD-2
1910,470,Male,15-19,471,ICD-2
1910,470,Male,20-24,893,ICD-2
1910,470,Male,85+,4,ICD-2
1910,470,Male,<1,36,ICD-2
1910,470,Male,T25-34,1960,ICD-2
1910,470,Male,T35-44,1869,ICD-2
1910,470,Male,T45-54,1652,ICD-2
1910,470,Male,T55-64,974,ICD-2
1910,470,Male,T65-74,366,ICD-2
1910,470,Male,T75-84,39,ICD-2
1910,480,Female,01-04,1091,ICD-2
1910,480,Female,05-09,463,ICD-2
1910,480,Female,10-14,217,ICD-2
1910,480,Female,15-19,121,ICD-2
1910,480,Female,20-24,55,ICD-2
1910,480,Female,<1,514,ICD-2
1910,480,Female,T25-34,63,ICD-2
1910,480,Female,T35-44,36,ICD-2
1910,480,Female,T45-54,15,ICD-2
1910,480,Female,T55-64,5,ICD-2
1910,480,Female,T65-74,2,ICD-2
1910,480,Male,01-04,1244,ICD-2
1910,480,Male,05-09,465,ICD-2
1910,480,Male,10-14,205,ICD-2
1910,480,Male,15-19,124,ICD-2
1910,480,Male,20-24,53,ICD-2
1910,480,Male,<1,663,ICD-2
1910,480,Male,T25-34,70,ICD-2
1910,480,Male,T35-44,33,ICD-2
1910,480,Male,T45-54,22,ICD-2
1910,480,Male,T55-64,7,ICD-2
1910,480,Male,T65-74,3,ICD-2
1910,490,Female,01-04,470,ICD-2
1910,490,Female,05-09,189,ICD-2
1910,490,Female,10-14,130,ICD-2
1910,490,Female,15-19,107,ICD-2
1910,490,Female,20-24,89,ICD-2
1910,490,Female,<1,388,ICD-2
1910,490,Female,T25-34,160,ICD-2
1910,490,Female,T35-44,98,ICD-2
1910,490,Female,T45-54,52,ICD-2
1910,490,Female,T55-64,33,ICD-2
1910,490,Female,T65-74,16,ICD-2
1910,490,Female,T75-84,2,ICD-2
1910,490,Male,01-04,587,ICD-2
1910,490,Male,05-09,165,ICD-2
1910,490,Male,10-14,101,ICD-2
1910,490,Male,15-19,73,ICD-2
1910,490,Male,20-24,61,ICD-2
1910,490,Male,<1,560,ICD-2
1910,490,Male,T25-34,90,ICD-2
1910,490,Male,T35-44,67,ICD-2
1910,490,Male,T45-54,53,ICD-2
1910,490,Male,T55-64,39,ICD-2
1910,490,Male,T65-74,23,ICD-2
1910,490,Male,T75-84,1,ICD-2
1910,500,Female,01-04,123,ICD-2
1910,500,Female,05-09,23,ICD-2
1910,500,Female,10-14,5,ICD-2
1910,500,Female,15-19,2,ICD-2
1910,500,Female,20-24,4,ICD-2
1910,500,Female,<1,205,ICD-2
1910,500,Female,T25-34,1,ICD-2
1910,500,Female,T35-44,2,ICD-2
1910,500,Female,T45-54,2,ICD-2
1910,500,Male,01-04,139,ICD-2
1910,500,Male,05-09,22,ICD-2
1910,500,Male,10-14,11,ICD-2
1910,500,Male,15-19,2,ICD-2
1910,500,Male,20-24,1,ICD-2
1910,500,Male,<1,239,ICD-2
1910,500,Male,T25-34,5,ICD-2
1910,500,Male,T35-44,3,ICD-2
1910,500,Male,T45-54,1,ICD-2
1910,500,Male,T55-64,1,ICD-2
1910,510,Female,10-14,2,ICD-2
1910,510,Female,15-19,2,ICD-2
1910,510,Female,20-24,1,ICD-2
1910,510,Female,T25-34,5,ICD-2
1910,510,Female,T35-44,4,ICD-2
1910,510,Female,T45-54,8,ICD-2
1910,510,Female,T55-64,10,ICD-2
1910,510,Female,T65-74,7,ICD-2
1910,510,Female,T75-84,7,ICD-2
1910,510,Male,01-04,1,ICD-2
1910,510,Male,20-24,1,ICD-2
1910,510,Male,T25-34,1,ICD-2
1910,510,Male,T35-44,1,ICD-2
1910,510,Male,T45-54,3,ICD-2
1910,510,Male,T55-64,4,ICD-2
1910,510,Male,T65-74,2,ICD-2
1910,510,Male,T75-84,2,ICD-2
1910,520,Female,01-04,65,ICD-2
1910,520,Female,05-09,70,ICD-2
1910,520,Female,10-14,67,ICD-2
1910,520,Female,15-19,84,ICD-2
1910,520,Female,20-24,71,ICD-2
1910,520,Female,85+,2,ICD-2
1910,520,Female,<1,26,ICD-2
1910,520,Female,T25-34,169,ICD-2
1910,520,Female,T35-44,128,ICD-2
1910,520,Female,T45-54,96,ICD-2
1910,520,Female,T55-64,78,ICD-2
1910,520,Female,T65-74,66,ICD-2
1910,520,Female,T75-84,23,ICD-2
1910,520,Male,01-04,93,ICD-2
1910,520,Male,05-09,87,ICD-2
1910,520,Male,10-14,129,ICD-2
1910,520,Male,15-19,135,ICD-2
1910,520,Male,20-24,139,ICD-2
1910,520,Male,85+,3,ICD-2
1910,520,Male,<1,30,ICD-2
1910,520,Male,T25-34,193,ICD-2
1910,520,Male,T35-44,138,ICD-2
1910,520,Male,T45-54,128,ICD-2
1910,520,Male,T55-64,84,ICD-2
1910,520,Male,T65-74,72,ICD-2
1910,520,Male,T75-84,12,ICD-2
1910,530,Female,01-04,355,ICD-2
1910,530,Female,05-09,137,ICD-2
1910,530,Female,10-14,104,ICD-2
1910,530,Female,15-19,93,ICD-2
1910,530,Female,20-24,82,ICD-2
1910,530,Female,85+,1,ICD-2
1910,530,Female,<1,221,ICD-2
1910,530,Female,T25-34,128,ICD-2
1910,530,Female,T35-44,108,ICD-2
1910,530,Female,T45-54,59,ICD-2
1910,530,Female,T55-64,46,ICD-2
1910,530,Female,T65-74,21,ICD-2
1910,530,Female,T75-84,6,ICD-2
1910,530,Male,01-04,388,ICD-2
1910,530,Male,05-09,124,ICD-2
1910,530,Male,10-14,76,ICD-2
1910,530,Male,15-19,96,ICD-2
1910,530,Male,20-24,108,ICD-2
1910,530,Male,85+,1,ICD-2
1910,530,Male,<1,301,ICD-2
1910,530,Male,T25-34,174,ICD-2
1910,530,Male,T35-44,115,ICD-2
1910,530,Male,T45-54,69,ICD-2
1910,530,Male,T55-64,46,ICD-2
1910,530,Male,T65-74,25,ICD-2
1910,540,Female,01-04,4,ICD-2
1910,540,Female,05-09,2,ICD-2
1910,540,Female,10-14,1,ICD-2
1910,540,Female,<1,7,ICD-2
1910,540,Female,T25-34,1,ICD-2
1910,540,Female,T35-44,1,ICD-2
1910,540,Female,T45-54,1,ICD-2
1910,540,Female,T55-64,2,ICD-2
1910,540,Female,T75-84,1,ICD-2
1910,540,Male,01-04,4,ICD-2
1910,540,Male,10-14,1,ICD-2
1910,540,Male,15-19,1,ICD-2
1910,540,Male,<1,5,ICD-2
1910,540,Male,T45-54,2,ICD-2
1910,540,Male,T65-74,1,ICD-2
1910,550,Female,01-04,11,ICD-2
1910,550,Female,05-09,1,ICD-2
1910,550,Female,10-14,3,ICD-2
1910,550,Female,15-19,1,ICD-2
1910,550,Female,<1,46,ICD-2
1910,550,Female,T25-34,5,ICD-2
1910,550,Female,T35-44,3,ICD-2
1910,550,Female,T45-54,2,ICD-2
1910,550,Female,T55-64,2,ICD-2
1910,550,Female,T65-74,1,ICD-2
1910,550,Male,01-04,8,ICD-2
1910,550,Male,05-09,3,ICD-2
1910,550,Male,<1,78,ICD-2
1910,550,Male,T25-34,2,ICD-2
1910,550,Male,T35-44,3,ICD-2
1910,550,Male,T45-54,4,ICD-2
1910,550,Male,T55-64,3,ICD-2
1910,550,Male,T65-74,2,ICD-2
1910,560,Female,05-09,1,ICD-2
1910,560,Female,T45-54,2,ICD-2
1910,560,Female,T55-64,3,ICD-2
1910,560,Female,T65-74,1,ICD-2
1910,560,Male,01-04,1,ICD-2
1910,560,Male,<1,2,ICD-2
1910,560,Male,T35-44,2,ICD-2
1910,560,Male,T45-54,6,ICD-2
1910,560,Male,T55-64,7,ICD-2
1910,560,Male,T65-74,3,ICD-2
1910,560,Male,T75-84,1,ICD-2
1910,570,Female,01-04,5,ICD-2
1910,570,Female,05-09,1,ICD-2
1910,570,Female,15-19,1,ICD-2
1910,570,Female,20-24,1,ICD-2
1910,570,Female,<1,8,ICD-2
1910,570,Female,T25-34,2,ICD-2
1910,570,Female,T55-64,1,ICD-2
1910,570,Male,01-04,8,ICD-2
1910,570,Male,05-09,1,ICD-2
1910,570,Male,<1,10,ICD-2
1910,570,Male,T25-34,1,ICD-2
1910,570,Male,T45-54,2,ICD-2
1910,570,Male,T55-64,2,ICD-2
1910,570,Male,T75-84,1,ICD-2
1910,580,Female,20-24,3,ICD-2
1910,580,Female,85+,2,ICD-2
1910,580,Female,T25-34,67,ICD-2
1910,580,Female,T35-44,195,ICD-2
1910,580,Female,T45-54,198,ICD-2
1910,580,Female,T55-64,96,ICD-2
1910,580,Female,T65-74,50,ICD-2
1910,580,Female,T75-84,17,ICD-2
1910,580,Male,20-24,10,ICD-2
1910,580,Male,T25-34,115,ICD-2
1910,580,Male,T35-44,244,ICD-2
1910,580,Male,T45-54,240,ICD-2
1910,580,Male,T55-64,180,ICD-2
1910,580,Male,T65-74,65,ICD-2
1910,580,Male,T75-84,8,ICD-2
1910,590,Female,T35-44,3,ICD-2
1910,590,Female,T45-54,1,ICD-2
1910,590,Female,T55-64,1,ICD-2
1910,590,Female,T65-74,1,ICD-2
1910,590,Male,T25-34,2,ICD-2
1910,590,Male,T35-44,1,ICD-2
1910,590,Male,T65-74,1,ICD-2
1910,600,Female,20-24,1,ICD-2
1910,600,Female,T25-34,1,ICD-2
1910,600,Female,T45-54,3,ICD-2
1910,600,Female,T55-64,1,ICD-2
1910,600,Male,20-24,3,ICD-2
1910,600,Male,T25-34,6,ICD-2
1910,600,Male,T35-44,27,ICD-2
1910,600,Male,T45-54,24,ICD-2
1910,600,Male,T55-64,19,ICD-2
1910,600,Male,T65-74,1,ICD-2
1910,630,Female,01-04,24,ICD-2
1910,630,Female,05-09,108,ICD-2
1910,630,Female,10-14,164,ICD-2
1910,630,Female,15-19,111,ICD-2
1910,630,Female,20-24,84,ICD-2
1910,630,Female,85+,1,ICD-2
1910,630,Female,<1,2,ICD-2
1910,630,Female,T25-34,111,ICD-2
1910,630,Female,T35-44,103,ICD-2
1910,630,Female,T45-54,84,ICD-2
1910,630,Female,T55-64,53,ICD-2
1910,630,Female,T65-74,35,ICD-2
1910,630,Female,T75-84,7,ICD-2
1910,630,Male,01-04,28,ICD-2
1910,630,Male,05-09,115,ICD-2
1910,630,Male,10-14,109,ICD-2
1910,630,Male,15-19,117,ICD-2
1910,630,Male,20-24,65,ICD-2
1910,630,Male,<1,5,ICD-2
1910,630,Male,T25-34,108,ICD-2
1910,630,Male,T35-44,106,ICD-2
1910,630,Male,T45-54,59,ICD-2
1910,630,Male,T55-64,49,ICD-2
1910,630,Male,T65-74,27,ICD-2
1910,630,Male,T75-84,5,ICD-2
1910,640,Female,05-09,10,ICD-2
1910,640,Female,10-14,13,ICD-2
1910,640,Female,15-19,11,ICD-2
1910,640,Female,20-24,9,ICD-2
1910,640,Female,T25-34,9,ICD-2
1910,640,Female,T35-44,19,ICD-2
1910,640,Female,T45-54,31,ICD-2
1910,640,Female,T55-64,34,ICD-2
1910,640,Female,T65-74,32,ICD-2
1910,640,Female,T75-84,16,ICD-2
1910,640,Male,01-04,1,ICD-2
1910,640,Male,05-09,9,ICD-2
1910,640,Male,10-14,8,ICD-2
1910,640,Male,15-19,4,ICD-2
1910,640,Male,20-24,4,ICD-2
1910,640,Male,T25-34,12,ICD-2
1910,640,Male,T35-44,5,ICD-2
1910,640,Male,T45-54,25,ICD-2
1910,640,Male,T55-64,23,ICD-2
1910,640,Male,T65-74,29,ICD-2
1910,640,Male,T75-84,14,ICD-2
1910,650,Female,15-19,1,ICD-2
1910,650,Female,20-24,2,ICD-2
1910,650,Female,85+,9,ICD-2
1910,650,Female,T25-34,3,ICD-2
1910,650,Female,T35-44,8,ICD-2
1910,650,Female,T45-54,13,ICD-2
1910,650,Female,T55-64,46,ICD-2
1910,650,Female,T65-74,86,ICD-2
1910,650,Female,T75-84,63,ICD-2
1910,650,Male,85+,5,ICD-2
1910,650,Male,T25-34,2,ICD-2
1910,650,Male,T35-44,6,ICD-2
1910,650,Male,T45-54,11,ICD-2
1910,650,Male,T55-64,31,ICD-2
1910,650,Male,T65-74,57,ICD-2
1910,650,Male,T75-84,28,ICD-2
1910,660,Female,15-19,1,ICD-2
1910,660,Female,20-24,1,ICD-2
1910,660,Female,85+,11,ICD-2
1910,660,Female,T25-34,13,ICD-2
1910,660,Female,T35-44,25,ICD-2
1910,660,Female,T45-54,93,ICD-2
1910,660,Female,T55-64,188,ICD-2
1910,660,Female,T65-74,262,ICD-2
1910,660,Female,T75-84,152,ICD-2
1910,660,Male,85+,6,ICD-2
1910,660,Male,T25-34,6,ICD-2
1910,660,Male,T35-44,15,ICD-2
1910,660,Male,T45-54,30,ICD-2
1910,660,Male,T55-64,60,ICD-2
1910,660,Male,T65-74,121,ICD-2
1910,660,Male,T75-84,56,ICD-2
1910,670,Female,85+,6,ICD-2
1910,670,Female,T35-44,5,ICD-2
1910,670,Female,T45-54,6,ICD-2
1910,670,Female,T55-64,17,ICD-2
1910,670,Female,T65-74,28,ICD-2
1910,670,Female,T75-84,14,ICD-2
1910,670,Male,85+,10,ICD-2
1910,670,Male,T25-34,1,ICD-2
1910,670,Male,T35-44,11,ICD-2
1910,670,Male,T45-54,36,ICD-2
1910,670,Male,T55-64,87,ICD-2
1910,670,Male,T65-74,108,ICD-2
1910,670,Male,T75-84,54,ICD-2
1910,680,Female,01-04,2,ICD-2
1910,680,Female,05-09,1,ICD-2
1910,680,Female,10-14,2,ICD-2
1910,680,Female,15-19,3,ICD-2
1910,680,Female,20-24,24,ICD-2
1910,680,Female,85+,177,ICD-2
1910,680,Female,T25-34,316,ICD-2
1910,680,Female,T35-44,1293,ICD-2
1910,680,Female,T45-54,2515,ICD-2
1910,680,Female,T55-64,3221,ICD-2
1910,680,Female,T65-74,3005,ICD-2
1910,680,Female,T75-84,1391,ICD-2
1910,680,Male,01-04,2,ICD-2
1910,680,Male,10-14,3,ICD-2
1910,680,Male,15-19,2,ICD-2
1910,680,Male,20-24,23,ICD-2
1910,680,Male,85+,107,ICD-2
1910,680,Male,T25-34,122,ICD-2
1910,680,Male,T35-44,524,ICD-2
1910,680,Male,T45-54,1607,ICD-2
1910,680,Male,T55-64,2576,ICD-2
1910,680,Male,T65-74,2515,ICD-2
1910,680,Male,T75-84,889,ICD-2
1910,690,Female,01-04,50,ICD-2
1910,690,Female,05-09,29,ICD-2
1910,690,Female,10-14,24,ICD-2
1910,690,Female,15-19,31,ICD-2
1910,690,Female,20-24,35,ICD-2
1910,690,Female,85+,9,ICD-2
1910,690,Female,<1,8,ICD-2
1910,690,Female,T25-34,98,ICD-2
1910,690,Female,T35-44,124,ICD-2
1910,690,Female,T45-54,173,ICD-2
1910,690,Female,T55-64,191,ICD-2
1910,690,Female,T65-74,133,ICD-2
1910,690,Female,T75-84,52,ICD-2
1910,690,Male,01-04,51,ICD-2
1910,690,Male,05-09,34,ICD-2
1910,690,Male,10-14,21,ICD-2
1910,690,Male,15-19,52,ICD-2
1910,690,Male,20-24,52,ICD-2
1910,690,Male,85+,10,ICD-2
1910,690,Male,<1,11,ICD-2
1910,690,Male,T25-34,128,ICD-2
1910,690,Male,T35-44,168,ICD-2
1910,690,Male,T45-54,211,ICD-2
1910,690,Male,T55-64,195,ICD-2
1910,690,Male,T65-74,138,ICD-2
1910,690,Male,T75-84,45,ICD-2
1910,70,Female,01-04,4,ICD-2
1910,70,Female,05-09,1,ICD-2
1910,70,Female,<1,2,ICD-2
1910,70,Female,T25-34,1,ICD-2
1910,70,Male,01-04,5,ICD-2
1910,70,Male,<1,2,ICD-2
1910,700,Female,01-04,3,ICD-2
1910,700,Female,05-09,6,ICD-2
1910,700,Female,10-14,2,ICD-2
1910,700,Female,15-19,4,ICD-2
1910,700,Female,20-24,11,ICD-2
1910,700,Female,85+,99,ICD-2
1910,700,Female,<1,2,ICD-2
1910,700,Female,T25-34,129,ICD-2
1910,700,Female,T35-44,613,ICD-2
1910,700,Female,T45-54,1386,ICD-2
1910,700,Female,T55-64,1890,ICD-2
1910,700,Female,T65-74,1873,ICD-2
1910,700,Female,T75-84,839,ICD-2
1910,700,Male,01-04,4,ICD-2
1910,700,Male,10-14,5,ICD-2
1910,700,Male,15-19,8,ICD-2
1910,700,Male,20-24,12,ICD-2
1910,700,Male,85+,60,ICD-2
1910,700,Male,<1,3,ICD-2
1910,700,Male,T25-34,87,ICD-2
1910,700,Male,T35-44,309,ICD-2
1910,700,Male,T45-54,960,ICD-2
1910,700,Male,T55-64,1606,ICD-2
1910,700,Male,T65-74,1662,ICD-2
1910,700,Male,T75-84,641,ICD-2
1910,710,Female,01-04,287,ICD-2
1910,710,Female,05-09,7,ICD-2
1910,710,Female,10-14,2,ICD-2
1910,710,Female,<1,145,ICD-2
1910,710,Female,T35-44,1,ICD-2
1910,710,Female,T45-54,1,ICD-2
1910,710,Female,T55-64,1,ICD-2
1910,710,Male,01-04,356,ICD-2
1910,710,Male,05-09,11,ICD-2
1910,710,Male,10-14,1,ICD-2
1910,710,Male,15-19,2,ICD-2
1910,710,Male,<1,247,ICD-2
1910,720,Female,01-04,15,ICD-2
1910,720,Female,05-09,14,ICD-2
1910,720,Female,10-14,10,ICD-2
1910,720,Female,15-19,8,ICD-2
1910,720,Female,20-24,8,ICD-2
1910,720,Female,<1,32,ICD-2
1910,720,Female,T25-34,7,ICD-2
1910,720,Female,T35-44,14,ICD-2
1910,720,Female,T45-54,9,ICD-2
1910,720,Female,T55-64,12,ICD-2
1910,720,Female,T65-74,15,ICD-2
1910,720,Female,T75-84,11,ICD-2
1910,720,Male,01-04,26,ICD-2
1910,720,Male,05-09,18,ICD-2
1910,720,Male,10-14,8,ICD-2
1910,720,Male,15-19,6,ICD-2
1910,720,Male,20-24,3,ICD-2
1910,720,Male,<1,33,ICD-2
1910,720,Male,T25-34,4,ICD-2
1910,720,Male,T35-44,11,ICD-2
1910,720,Male,T45-54,11,ICD-2
1910,720,Male,T55-64,13,ICD-2
1910,720,Male,T65-74,7,ICD-2
1910,720,Male,T75-84,7,ICD-2
1910,730,Female,01-04,1,ICD-2
1910,730,Female,10-14,2,ICD-2
1910,730,Female,15-19,3,ICD-2
1910,730,Female,20-24,4,ICD-2
1910,730,Female,<1,9,ICD-2
1910,730,Female,T25-34,2,ICD-2
1910,730,Female,T35-44,1,ICD-2
1910,730,Female,T45-54,1,ICD-2
1910,730,Male,01-04,6,ICD-2
1910,730,Male,05-09,8,ICD-2
1910,730,Male,10-14,7,ICD-2
1910,730,Male,15-19,5,ICD-2
1910,730,Male,20-24,3,ICD-2
1910,730,Male,<1,25,ICD-2
1910,730,Male,T25-34,4,ICD-2
1910,730,Male,T35-44,3,ICD-2
1910,730,Male,T55-64,1,ICD-2
1910,740,Female,01-04,37,ICD-2
1910,740,Female,05-09,18,ICD-2
1910,740,Female,10-14,22,ICD-2
1910,740,Female,15-19,39,ICD-2
1910,740,Female,20-24,42,ICD-2
1910,740,Female,85+,3,ICD-2
1910,740,Female,<1,24,ICD-2
1910,740,Female,T25-34,124,ICD-2
1910,740,Female,T35-44,215,ICD-2
1910,740,Female,T45-54,265,ICD-2
1910,740,Female,T55-64,258,ICD-2
1910,740,Female,T65-74,209,ICD-2
1910,740,Female,T75-84,48,ICD-2
1910,740,Male,01-04,52,ICD-2
1910,740,Male,05-09,32,ICD-2
1910,740,Male,10-14,19,ICD-2
1910,740,Male,15-19,24,ICD-2
1910,740,Male,20-24,33,ICD-2
1910,740,Male,85+,1,ICD-2
1910,740,Male,<1,30,ICD-2
1910,740,Male,T25-34,68,ICD-2
1910,740,Male,T35-44,159,ICD-2
1910,740,Male,T45-54,220,ICD-2
1910,740,Male,T55-64,250,ICD-2
1910,740,Male,T65-74,191,ICD-2
1910,740,Male,T75-84,36,ICD-2
1910,750,Female,01-04,14,ICD-2
1910,750,Female,05-09,17,ICD-2
1910,750,Female,10-14,41,ICD-2
1910,750,Female,15-19,36,ICD-2
1910,750,Female,20-24,67,ICD-2
1910,750,Female,85+,18,ICD-2
1910,750,Female,T25-34,164,ICD-2
1910,750,Female,T35-44,170,ICD-2
1910,750,Female,T45-54,256,ICD-2
1910,750,Female,T55-64,493,ICD-2
1910,750,Female,T65-74,515,ICD-2
1910,750,Female,T75-84,164,ICD-2
1910,750,Male,01-04,13,ICD-2
1910,750,Male,05-09,22,ICD-2
1910,750,Male,10-14,35,ICD-2
1910,750,Male,15-19,58,ICD-2
1910,750,Male,20-24,93,ICD-2
1910,750,Male,85+,14,ICD-2
1910,750,Male,<1,2,ICD-2
1910,750,Male,T25-34,172,ICD-2
1910,750,Male,T35-44,192,ICD-2
1910,750,Male,T45-54,271,ICD-2
1910,750,Male,T55-64,454,ICD-2
1910,750,Male,T65-74,486,ICD-2
1910,750,Male,T75-84,170,ICD-2
1910,760,Female,<1,7758,ICD-2
1910,760,Male,<1,9816,ICD-2
1910,770,Female,01-04,27,ICD-2
1910,770,Female,05-09,2,ICD-2
1910,770,Female,10-14,2,ICD-2
1910,770,Female,15-19,2,ICD-2
1910,770,Female,20-24,3,ICD-2
1910,770,Female,<1,88,ICD-2
1910,770,Female,T25-34,1,ICD-2
1910,770,Female,T35-44,2,ICD-2
1910,770,Male,01-04,49,ICD-2
1910,770,Male,05-09,7,ICD-2
1910,770,Male,10-14,2,ICD-2
1910,770,Male,<1,113,ICD-2
1910,770,Male,T25-34,2,ICD-2
1910,770,Male,T35-44,2,ICD-2
1910,780,Female,01-04,80,ICD-2
1910,780,Female,05-09,14,ICD-2
1910,780,Female,10-14,5,ICD-2
1910,780,Female,15-19,15,ICD-2
1910,780,Female,20-24,8,ICD-2
1910,780,Female,<1,1825,ICD-2
1910,780,Female,T25-34,3,ICD-2
1910,780,Female,T35-44,1,ICD-2
1910,780,Female,T45-54,1,ICD-2
1910,780,Female,T75-84,1,ICD-2
1910,780,Male,01-04,71,ICD-2
1910,780,Male,05-09,22,ICD-2
1910,780,Male,10-14,11,ICD-2
1910,780,Male,15-19,14,ICD-2
1910,780,Male,20-24,10,ICD-2
1910,780,Male,<1,2399,ICD-2
1910,780,Male,T25-34,5,ICD-2
1910,780,Male,T35-44,3,ICD-2
1910,780,Male,T45-54,1,ICD-2
1910,780,Male,T55-64,2,ICD-2
1910,790,Female,01-04,1,ICD-2
1910,790,Female,<1,361,ICD-2
1910,790,Male,01-04,1,ICD-2
1910,790,Male,<1,483,ICD-2
1910,800,Female,<1,679,ICD-2
1910,800,Male,<1,874,ICD-2
1910,810,Female,<1,245,ICD-2
1910,810,Male,<1,296,ICD-2
1910,820,Female,01-04,262,ICD-2
1910,820,Female,<1,442,ICD-2
1910,820,Male,01-04,347,ICD-2
1910,820,Male,<1,549,ICD-2
1910,830,Female,01-04,760,ICD-2
1910,830,Female,05-09,239,ICD-2
1910,830,Female,10-14,143,ICD-2
1910,830,Female,15-19,91,ICD-2
1910,830,Female,20-24,72,ICD-2
1910,830,Female,85+,3,ICD-2
1910,830,Female,<1,637,ICD-2
1910,830,Female,T25-34,85,ICD-2
1910,830,Female,T35-44,119,ICD-2
1910,830,Female,T45-54,82,ICD-2
1910,830,Female,T55-64,74,ICD-2
1910,830,Female,T65-74,34,ICD-2
1910,830,Female,T75-84,14,ICD-2
1910,830,Male,01-04,857,ICD-2
1910,830,Male,05-09,224,ICD-2
1910,830,Male,10-14,123,ICD-2
1910,830,Male,15-19,99,ICD-2
1910,830,Male,20-24,66,ICD-2
1910,830,Male,85+,2,ICD-2
1910,830,Male,<1,832,ICD-2
1910,830,Male,T25-34,102,ICD-2
1910,830,Male,T35-44,122,ICD-2
1910,830,Male,T45-54,99,ICD-2
1910,830,Male,T55-64,63,ICD-2
1910,830,Male,T65-74,49,ICD-2
1910,830,Male,T75-84,15,ICD-2
1910,840,Female,15-19,2,ICD-2
1910,840,Female,20-24,2,ICD-2
1910,840,Female,85+,65,ICD-2
1910,840,Female,T25-34,7,ICD-2
1910,840,Female,T35-44,34,ICD-2
1910,840,Female,T45-54,78,ICD-2
1910,840,Female,T55-64,203,ICD-2
1910,840,Female,T65-74,358,ICD-2
1910,840,Female,T75-84,253,ICD-2
1910,840,Male,10-14,1,ICD-2
1910,840,Male,15-19,3,ICD-2
1910,840,Male,20-24,1,ICD-2
1910,840,Male,85+,35,ICD-2
1910,840,Male,T25-34,11,ICD-2
1910,840,Male,T35-44,24,ICD-2
1910,840,Male,T45-54,91,ICD-2
1910,840,Male,T55-64,263,ICD-2
1910,840,Male,T65-74,399,ICD-2
1910,840,Male,T75-84,247,ICD-2
1910,850,Female,10-14,1,ICD-2
1910,850,Female,15-19,3,ICD-2
1910,850,Female,20-24,12,ICD-2
1910,850,Female,85+,5,ICD-2
1910,850,Female,T25-34,58,ICD-2
1910,850,Female,T35-44,135,ICD-2
1910,850,Female,T45-54,122,ICD-2
1910,850,Female,T55-64,75,ICD-2
1910,850,Female,T65-74,54,ICD-2
1910,850,Female,T75-84,25,ICD-2
1910,850,Male,10-14,1,ICD-2
1910,850,Male,15-19,5,ICD-2
1910,850,Male,20-24,11,ICD-2
1910,850,Male,85+,5,ICD-2
1910,850,Male,T25-34,190,ICD-2
1910,850,Male,T35-44,608,ICD-2
1910,850,Male,T45-54,528,ICD-2
1910,850,Male,T55-64,236,ICD-2
1910,850,Male,T65-74,100,ICD-2
1910,850,Male,T75-84,39,ICD-2
1910,860,Female,01-04,15,ICD-2
1910,860,Female,05-09,10,ICD-2
1910,860,Female,10-14,6,ICD-2
1910,860,Female,15-19,15,ICD-2
1910,860,Female,20-24,19,ICD-2
1910,860,Female,85+,54,ICD-2
1910,860,Female,<1,3,ICD-2
1910,860,Female,T25-34,54,ICD-2
1910,860,Female,T35-44,106,ICD-2
1910,860,Female,T45-54,148,ICD-2
1910,860,Female,T55-64,173,ICD-2
1910,860,Female,T65-74,304,ICD-2
1910,860,Female,T75-84,244,ICD-2
1910,860,Male,01-04,12,ICD-2
1910,860,Male,05-09,12,ICD-2
1910,860,Male,10-14,7,ICD-2
1910,860,Male,15-19,17,ICD-2
1910,860,Male,20-24,10,ICD-2
1910,860,Male,85+,31,ICD-2
1910,860,Male,<1,3,ICD-2
1910,860,Male,T25-34,42,ICD-2
1910,860,Male,T35-44,67,ICD-2
1910,860,Male,T45-54,92,ICD-2
1910,860,Male,T55-64,192,ICD-2
1910,860,Male,T65-74,278,ICD-2
1910,860,Male,T75-84,177,ICD-2
1910,870,Female,01-04,4,ICD-2
1910,870,Female,05-09,27,ICD-2
1910,870,Female,10-14,32,ICD-2
1910,870,Female,15-19,12,ICD-2
1910,870,Female,20-24,5,ICD-2
1910,870,Female,T25-34,7,ICD-2
1910,870,Female,T35-44,6,ICD-2
1910,870,Female,T45-54,5,ICD-2
1910,870,Female,T55-64,2,ICD-2
1910,870,Female,T65-74,3,ICD-2
1910,870,Female,T75-84,3,ICD-2
1910,870,Male,01-04,1,ICD-2
1910,870,Male,05-09,10,ICD-2
1910,870,Male,10-14,1,ICD-2
1910,870,Male,15-19,4,ICD-2
1910,870,Male,<1,2,ICD-2
1910,870,Male,T35-44,2,ICD-2
1910,870,Male,T45-54,3,ICD-2
1910,870,Male,T55-64,4,ICD-2
1910,870,Male,T65-74,3,ICD-2
1910,870,Male,T75-84,1,ICD-2
1910,880,Female,01-04,43,ICD-2
1910,880,Female,05-09,43,ICD-2
1910,880,Female,10-14,56,ICD-2
1910,880,Female,15-19,74,ICD-2
1910,880,Female,20-24,98,ICD-2
1910,880,Female,85+,5,ICD-2
1910,880,Female,<1,32,ICD-2
1910,880,Female,T25-34,188,ICD-2
1910,880,Female,T35-44,213,ICD-2
1910,880,Female,T45-54,207,ICD-2
1910,880,Female,T55-64,146,ICD-2
1910,880,Female,T65-74,125,ICD-2
1910,880,Female,T75-84,56,ICD-2
1910,880,Male,01-04,44,ICD-2
1910,880,Male,05-09,53,ICD-2
1910,880,Male,10-14,61,ICD-2
1910,880,Male,15-19,107,ICD-2
1910,880,Male,20-24,128,ICD-2
1910,880,Male,85+,9,ICD-2
1910,880,Male,<1,41,ICD-2
1910,880,Male,T25-34,186,ICD-2
1910,880,Male,T35-44,190,ICD-2
1910,880,Male,T45-54,208,ICD-2
1910,880,Male,T55-64,169,ICD-2
1910,880,Male,T65-74,139,ICD-2
1910,880,Male,T75-84,61,ICD-2
1910,890,Female,01-04,558,ICD-2
1910,890,Female,05-09,25,ICD-2
1910,890,Female,10-14,2,ICD-2
1910,890,Female,15-19,2,ICD-2
1910,890,Female,20-24,1,ICD-2
1910,890,Female,85+,1,ICD-2
1910,890,Female,<1,3486,ICD-2
1910,890,Female,T25-34,2,ICD-2
1910,890,Female,T35-44,2,ICD-2
1910,890,Female,T45-54,1,ICD-2
1910,890,Female,T65-74,1,ICD-2
1910,890,Male,01-04,539,ICD-2
1910,890,Male,05-09,23,ICD-2
1910,890,Male,10-14,2,ICD-2
1910,890,Male,15-19,2,ICD-2
1910,890,Male,20-24,1,ICD-2
1910,890,Male,<1,4743,ICD-2
1910,890,Male,T25-34,1,ICD-2
1910,890,Male,T45-54,3,ICD-2
1910,890,Male,T65-74,1,ICD-2
1910,90,Male,05-09,1,ICD-2
1910,90,Male,T25-34,2,ICD-2
1910,90,Male,T35-44,1,ICD-2
1910,90,Male,T45-54,1,ICD-2
1910,900,Female,01-04,49,ICD-2
1910,900,Female,05-09,13,ICD-2
1910,900,Female,10-14,2,ICD-2
1910,900,Female,<1,45,ICD-2
1910,900,Female,T25-34,1,ICD-2
1910,900,Male,01-04,48,ICD-2
1910,900,Male,05-09,10,ICD-2
1910,900,Male,10-14,2,ICD-2
1910,900,Male,<1,66,ICD-2
1910,910,Female,85+,1,ICD-2
1910,910,Female,T25-34,5,ICD-2
1910,910,Female,T35-44,13,ICD-2
1910,910,Female,T45-54,19,ICD-2
1910,910,Female,T55-64,36,ICD-2
1910,910,Female,T65-74,19,ICD-2
1910,910,Female,T75-84,2,ICD-2
1910,910,Male,10-14,1,ICD-2
1910,910,Male,15-19,2,ICD-2
1910,910,Male,T25-34,14,ICD-2
1910,910,Male,T35-44,83,ICD-2
1910,910,Male,T45-54,142,ICD-2
1910,910,Male,T55-64,145,ICD-2
1910,910,Male,T65-74,84,ICD-2
1910,910,Male,T75-84,14,ICD-2
1910,920,Female,01-04,43,ICD-2
1910,920,Female,05-09,15,ICD-2
1910,920,Female,10-14,12,ICD-2
1910,920,Female,15-19,16,ICD-2
1910,920,Female,20-24,24,ICD-2
1910,920,Female,85+,10,ICD-2
1910,920,Female,<1,19,ICD-2
1910,920,Female,T25-34,62,ICD-2
1910,920,Female,T35-44,114,ICD-2
1910,920,Female,T45-54,155,ICD-2
1910,920,Female,T55-64,198,ICD-2
1910,920,Female,T65-74,184,ICD-2
1910,920,Female,T75-84,97,ICD-2
1910,920,Male,01-04,42,ICD-2
1910,920,Male,05-09,20,ICD-2
1910,920,Male,10-14,18,ICD-2
1910,920,Male,15-19,24,ICD-2
1910,920,Male,20-24,27,ICD-2
1910,920,Male,85+,17,ICD-2
1910,920,Male,<1,20,ICD-2
1910,920,Male,T25-34,63,ICD-2
1910,920,Male,T35-44,122,ICD-2
1910,920,Male,T45-54,201,ICD-2
1910,920,Male,T55-64,244,ICD-2
1910,920,Male,T65-74,252,ICD-2
1910,920,Male,T75-84,102,ICD-2
1910,930,Female,01-04,1,ICD-2
1910,930,Female,10-14,1,ICD-2
1910,930,Female,20-24,1,ICD-2
1910,930,Female,85+,3,ICD-2
1910,930,Female,T25-34,18,ICD-2
1910,930,Female,T35-44,66,ICD-2
1910,930,Female,T45-54,68,ICD-2
1910,930,Female,T55-64,52,ICD-2
1910,930,Female,T65-74,34,ICD-2
1910,930,Female,T75-84,20,ICD-2
1910,930,Male,01-04,1,ICD-2
1910,930,Male,10-14,1,ICD-2
1910,930,Male,15-19,2,ICD-2
1910,930,Male,T25-34,7,ICD-2
1910,930,Male,T35-44,27,ICD-2
1910,930,Male,T45-54,31,ICD-2
1910,930,Male,T55-64,18,ICD-2
1910,930,Male,T65-74,23,ICD-2
1910,930,Male,T75-84,3,ICD-2
1910,940,Female,01-04,13,ICD-2
1910,940,Female,05-09,25,ICD-2
1910,940,Female,10-14,16,ICD-2
1910,940,Female,15-19,18,ICD-2
1910,940,Female,20-24,23,ICD-2
1910,940,Female,85+,1,ICD-2
1910,940,Female,<1,3,ICD-2
1910,940,Female,T25-34,51,ICD-2
1910,940,Female,T35-44,90,ICD-2
1910,940,Female,T45-54,82,ICD-2
1910,940,Female,T55-64,51,ICD-2
1910,940,Female,T65-74,20,ICD-2
1910,940,Female,T75-84,8,ICD-2
1910,940,Male,01-04,19,ICD-2
1910,940,Male,05-09,18,ICD-2
1910,940,Male,10-14,32,ICD-2
1910,940,Male,15-19,17,ICD-2
1910,940,Male,20-24,20,ICD-2
1910,940,Male,<1,2,ICD-2
1910,940,Male,T25-34,47,ICD-2
1910,940,Male,T35-44,85,ICD-2
1910,940,Male,T45-54,76,ICD-2
1910,940,Male,T55-64,65,ICD-2
1910,940,Male,T65-74,20,ICD-2
1910,940,Male,T75-84,2,ICD-2
1910,950,Female,01-04,27,ICD-2
1910,950,Female,05-09,11,ICD-2
1910,950,Female,10-14,14,ICD-2
1910,950,Female,15-19,11,ICD-2
1910,950,Female,20-24,12,ICD-2
1910,950,Female,85+,50,ICD-2
1910,950,Female,<1,38,ICD-2
1910,950,Female,T25-34,41,ICD-2
1910,950,Female,T35-44,66,ICD-2
1910,950,Female,T45-54,124,ICD-2
1910,950,Female,T55-64,230,ICD-2
1910,950,Female,T65-74,349,ICD-2
1910,950,Female,T75-84,226,ICD-2
1910,950,Male,01-04,44,ICD-2
1910,950,Male,05-09,12,ICD-2
1910,950,Male,10-14,15,ICD-2
1910,950,Male,15-19,15,ICD-2
1910,950,Male,20-24,15,ICD-2
1910,950,Male,85+,35,ICD-2
1910,950,Male,<1,50,ICD-2
1910,950,Male,T25-34,34,ICD-2
1910,950,Male,T35-44,53,ICD-2
1910,950,Male,T45-54,131,ICD-2
1910,950,Male,T55-64,215,ICD-2
1910,950,Male,T65-74,381,ICD-2
1910,950,Male,T75-84,212,ICD-2
1910,960,Female,01-04,87,ICD-2
1910,960,Female,05-09,68,ICD-2
1910,960,Female,10-14,47,ICD-2
1910,960,Female,15-19,46,ICD-2
1910,960,Female,20-24,22,ICD-2
1910,960,Female,85+,3,ICD-2
1910,960,Female,<1,69,ICD-2
1910,960,Female,T25-34,46,ICD-2
1910,960,Female,T35-44,18,ICD-2
1910,960,Female,T45-54,17,ICD-2
1910,960,Female,T55-64,8,ICD-2
1910,960,Female,T65-74,5,ICD-2
1910,960,Female,T75-84,3,ICD-2
1910,960,Male,01-04,112,ICD-2
1910,960,Male,05-09,46,ICD-2
1910,960,Male,10-14,68,ICD-2
1910,960,Male,15-19,50,ICD-2
1910,960,Male,20-24,49,ICD-2
1910,960,Male,<1,114,ICD-2
1910,960,Male,T25-34,48,ICD-2
1910,960,Male,T35-44,38,ICD-2
1910,960,Male,T45-54,29,ICD-2
1910,960,Male,T55-64,12,ICD-2
1910,960,Male,T65-74,12,ICD-2
1910,960,Male,T75-84,1,ICD-2
1910,970,Female,01-04,2,ICD-2
1910,970,Female,05-09,2,ICD-2
1910,970,Female,10-14,1,ICD-2
1910,970,Female,15-19,2,ICD-2
1910,970,Female,20-24,1,ICD-2
1910,970,Female,85+,1,ICD-2
1910,970,Female,<1,3,ICD-2
1910,970,Female,T25-34,3,ICD-2
1910,970,Female,T35-44,4,ICD-2
1910,970,Female,T45-54,4,ICD-2
1910,970,Female,T55-64,4,ICD-2
1910,970,Female,T65-74,3,ICD-2
1910,970,Female,T75-84,5,ICD-2
1910,970,Male,01-04,4,ICD-2
1910,970,Male,05-09,3,ICD-2
1910,970,Male,10-14,2,ICD-2
1910,970,Male,15-19,2,ICD-2
1910,970,Male,<1,9,ICD-2
1910,970,Male,T25-34,1,ICD-2
1910,970,Male,T35-44,2,ICD-2
1910,970,Male,T45-54,4,ICD-2
1910,970,Male,T55-64,4,ICD-2
1910,970,Male,T65-74,1,ICD-2
1910,970,Male,T75-84,3,ICD-2
1910,980,Female,01-04,5,ICD-2
1910,980,Female,15-19,1,ICD-2
1910,980,Female,<1,16,ICD-2
1910,980,Female,T25-34,1,ICD-2
1910,980,Female,T45-54,2,ICD-2
1910,980,Female,T55-64,5,ICD-2
1910,980,Female,T65-74,5,ICD-2
1910,980,Female,T75-84,2,ICD-2
1910,980,Male,01-04,1,ICD-2
1910,980,Male,05-09,1,ICD-2
1910,980,Male,15-19,1,ICD-2
1910,980,Male,20-24,1,ICD-2
1910,980,Male,<1,11,ICD-2
1910,980,Male,T35-44,2,ICD-2
1910,980,Male,T45-54,3,ICD-2
1910,980,Male,T55-64,1,ICD-2
1910,980,Male,T65-74,3,ICD-2
1910,980,Male,T75-84,1,ICD-2
1910,990,Female,01-04,26,ICD-2
1910,990,Female,05-09,122,ICD-2
1910,990,Female,10-14,238,ICD-2
1910,990,Female,15-19,280,ICD-2
1910,990,Female,20-24,216,ICD-2
1910,990,Female,85+,164,ICD-2
1910,990,Female,<1,13,ICD-2
1910,990,Female,T25-34,621,ICD-2
1910,990,Female,T35-44,881,ICD-2
1910,990,Female,T45-54,1300,ICD-2
1910,990,Female,T55-64,1729,ICD-2
1910,990,Female,T65-74,2282,ICD-2
1910,990,Female,T75-84,1171,ICD-2
1910,990,Male,01-04,27,ICD-2
1910,990,Male,05-09,101,ICD-2
1910,990,Male,10-14,141,ICD-2
1910,990,Male,15-19,195,ICD-2
1910,990,Male,20-24,173,ICD-2
1910,990,Male,85+,101,ICD-2
1910,990,Male,<1,10,ICD-2
1910,990,Male,T25-34,441,ICD-2
1910,990,Male,T35-44,804,ICD-2
1910,990,Male,T45-54,1255,ICD-2
1910,990,Male,T55-64,1734,ICD-2
1910,990,Male,T65-74,1914,ICD-2
1910,990,Male,T75-84,830,ICD-2
